{
  "attempt_identity_sha256": "968655154cf78b88dee0240c2c04ae566cf0345070b9ade78779a6ab0781c221",
  "records": [
    {
      "batch_8": {
        "left_logp": -16.516937255859375,
        "max_abs_logp_error": 5.7220458984375e-06,
        "max_abs_probability_error": 1.331107300217571e-07,
        "max_bin": 1,
        "max_float32_ulp_error": 9,
        "max_row": 0,
        "max_total_variation": 4.163419554635595e-07,
        "mean_abs_logp_error": 7.189148002200656e-07,
        "p99_abs_logp_error": 2.86102294921875e-06,
        "right_logp": -16.516942977905273
      },
      "checkpoint_sha256": "7e3d55aaff179bf32b7ba42335a9ecf9e8ce3ae37e5840ec02dadd69ffe3ef35",
      "context_roll": {
        "left_logp": -16.015766143798828,
        "max_abs_logp_error": 3.814697265625e-06,
        "max_abs_probability_error": 1.1940467561921686e-07,
        "max_bin": 4,
        "max_float32_ulp_error": 6,
        "max_row": 13,
        "max_total_variation": 2.4542109518099144e-07,
        "mean_abs_logp_error": 5.965431531270345e-07,
        "p99_abs_logp_error": 2.86102294921875e-06,
        "right_logp": -16.015762329101562
      },
      "fixed_shape_companion_replacement": {
        "left_logp": -12.817898750305176,
        "max_abs_logp_error": 0.0,
        "max_abs_probability_error": 0.0,
        "max_bin": 0,
        "max_float32_ulp_error": 0,
        "max_row": 0,
        "max_total_variation": 0.0,
        "mean_abs_logp_error": 0.0,
        "p99_abs_logp_error": 0.0,
        "right_logp": -12.817898750305176
      },
      "fixed_shape_focal_relocation": {
        "left_logp": -12.817898750305176,
        "max_abs_logp_error": 0.0,
        "max_abs_probability_error": 0.0,
        "max_bin": 0,
        "max_float32_ulp_error": 0,
        "max_row": 0,
        "max_total_variation": 0.0,
        "mean_abs_logp_error": 0.0,
        "p99_abs_logp_error": 0.0,
        "right_logp": -12.817898750305176
      },
      "full_panel_rows": 3201,
      "full_panel_shards": [
        {
          "bank_index": 0,
          "batch_8": {
            "left_logp": -16.949962615966797,
            "max_abs_logp_error": 7.62939453125e-06,
            "max_abs_probability_error": 3.4059977527256535e-07,
            "max_bin": 3,
            "max_float32_ulp_error": 12,
            "max_row": 130,
            "max_total_variation": 5.139875585086057e-07,
            "mean_abs_logp_error": 9.04373238595684e-07,
            "p99_abs_logp_error": 3.814697265625e-06,
            "right_logp": -16.949970245361328
          },
          "context_roll_contiguous": {
            "left_logp": -20.68846893310547,
            "max_abs_logp_error": 5.7220458984375e-06,
            "max_abs_probability_error": 1.4170539797131454e-07,
            "max_bin": 1,
            "max_float32_ulp_error": 8,
            "max_row": 107,
            "max_total_variation": 5.617525464456832e-07,
            "mean_abs_logp_error": 6.443061185686776e-07,
            "p99_abs_logp_error": 2.86102294921875e-06,
            "right_logp": -20.688474655151367
          },
          "context_roll_view": {
            "left_logp": -20.68846893310547,
            "max_abs_logp_error": 5.7220458984375e-06,
            "max_abs_probability_error": 1.4170539797131454e-07,
            "max_bin": 1,
            "max_float32_ulp_error": 8,
            "max_row": 107,
            "max_total_variation": 5.617525464456832e-07,
            "mean_abs_logp_error": 6.443061185686776e-07,
            "p99_abs_logp_error": 2.86102294921875e-06,
            "right_logp": -20.688474655151367
          },
          "draw_index": 0,
          "random_permutation_1": {
            "left_logp": -12.817898750305176,
            "max_abs_logp_error": 0.0,
            "max_abs_probability_error": 0.0,
            "max_bin": 0,
            "max_float32_ulp_error": 0,
            "max_row": 0,
            "max_total_variation": 0.0,
            "mean_abs_logp_error": 0.0,
            "p99_abs_logp_error": 0.0,
            "right_logp": -12.817898750305176
          },
          "random_permutation_2": {
            "left_logp": -12.817898750305176,
            "max_abs_logp_error": 0.0,
            "max_abs_probability_error": 0.0,
            "max_bin": 0,
            "max_float32_ulp_error": 0,
            "max_row": 0,
            "max_total_variation": 0.0,
            "mean_abs_logp_error": 0.0,
            "p99_abs_logp_error": 0.0,
            "right_logp": -12.817898750305176
          },
          "repeat": {
            "left_logp": -12.817898750305176,
            "max_abs_logp_error": 0.0,
            "max_abs_probability_error": 0.0,
            "max_bin": 0,
            "max_float32_ulp_error": 0,
            "max_row": 0,
            "max_total_variation": 0.0,
            "mean_abs_logp_error": 0.0,
            "p99_abs_logp_error": 0.0,
            "right_logp": -12.817898750305176
          },
          "reverse": {
            "left_logp": -12.817898750305176,
            "max_abs_logp_error": 0.0,
            "max_abs_probability_error": 0.0,
            "max_bin": 0,
            "max_float32_ulp_error": 0,
            "max_row": 0,
            "max_total_variation": 0.0,
            "mean_abs_logp_error": 0.0,
            "p99_abs_logp_error": 0.0,
            "right_logp": -12.817898750305176
          },
          "rows": 356,
          "same_shape_block_permutation": {
            "left_logp": -12.817898750305176,
            "max_abs_logp_error": 0.0,
            "max_abs_probability_error": 0.0,
            "max_bin": 0,
            "max_float32_ulp_error": 0,
            "max_row": 0,
            "max_total_variation": 0.0,
            "mean_abs_logp_error": 0.0,
            "p99_abs_logp_error": 0.0,
            "right_logp": -12.817898750305176
          }
        },
        {
          "bank_index": 1,
          "batch_8": {
            "left_logp": -14.452512741088867,
            "max_abs_logp_error": 9.5367431640625e-06,
            "max_abs_probability_error": 4.0002124856997057e-07,
            "max_bin": 18,
            "max_float32_ulp_error": 15,
            "max_row": 304,
            "max_total_variation": 7.126263052994234e-07,
            "mean_abs_logp_error": 8.974148986044894e-07,
            "p99_abs_logp_error": 3.814697265625e-06,
            "right_logp": -14.452522277832031
          },
          "context_roll_contiguous": {
            "left_logp": -10.316383361816406,
            "max_abs_logp_error": 5.7220458984375e-06,
            "max_abs_probability_error": 1.730299434010707e-07,
            "max_bin": 34,
            "max_float32_ulp_error": 16,
            "max_row": 14,
            "max_total_variation": 8.213877919971035e-07,
            "mean_abs_logp_error": 7.004382904995693e-07,
            "p99_abs_logp_error": 2.86102294921875e-06,
            "right_logp": -10.316377639770508
          },
          "context_roll_view": {
            "left_logp": -10.316383361816406,
            "max_abs_logp_error": 5.7220458984375e-06,
            "max_abs_probability_error": 1.730299434010707e-07,
            "max_bin": 34,
            "max_float32_ulp_error": 16,
            "max_row": 14,
            "max_total_variation": 8.213877919971035e-07,
            "mean_abs_logp_error": 7.004382904995693e-07,
            "p99_abs_logp_error": 2.86102294921875e-06,
            "right_logp": -10.316377639770508
          },
          "draw_index": 0,
          "random_permutation_1": {
            "left_logp": -12.479072570800781,
            "max_abs_logp_error": 0.0,
            "max_abs_probability_error": 0.0,
            "max_bin": 0,
            "max_float32_ulp_error": 0,
            "max_row": 0,
            "max_total_variation": 0.0,
            "mean_abs_logp_error": 0.0,
            "p99_abs_logp_error": 0.0,
            "right_logp": -12.479072570800781
          },
          "random_permutation_2": {
            "left_logp": -12.479072570800781,
            "max_abs_logp_error": 0.0,
            "max_abs_probability_error": 0.0,
            "max_bin": 0,
            "max_float32_ulp_error": 0,
            "max_row": 0,
            "max_total_variation": 0.0,
            "mean_abs_logp_error": 0.0,
            "p99_abs_logp_error": 0.0,
            "right_logp": -12.479072570800781
          },
          "repeat": {
            "left_logp": -12.479072570800781,
            "max_abs_logp_error": 0.0,
            "max_abs_probability_error": 0.0,
            "max_bin": 0,
            "max_float32_ulp_error": 0,
            "max_row": 0,
            "max_total_variation": 0.0,
            "mean_abs_logp_error": 0.0,
            "p99_abs_logp_error": 0.0,
            "right_logp": -12.479072570800781
          },
          "reverse": {
            "left_logp": -12.479072570800781,
            "max_abs_logp_error": 0.0,
            "max_abs_probability_error": 0.0,
            "max_bin": 0,
            "max_float32_ulp_error": 0,
            "max_row": 0,
            "max_total_variation": 0.0,
            "mean_abs_logp_error": 0.0,
            "p99_abs_logp_error": 0.0,
            "right_logp": -12.479072570800781
          },
          "rows": 356,
          "same_shape_block_permutation": {
            "left_logp": -12.479072570800781,
            "max_abs_logp_error": 0.0,
            "max_abs_probability_error": 0.0,
            "max_bin": 0,
            "max_float32_ulp_error": 0,
            "max_row": 0,
            "max_total_variation": 0.0,
            "mean_abs_logp_error": 0.0,
            "p99_abs_logp_error": 0.0,
            "right_logp": -12.479072570800781
          }
        },
        {
          "bank_index": 2,
          "batch_8": {
            "left_logp": -17.875869750976562,
            "max_abs_logp_error": 7.62939453125e-06,
            "max_abs_probability_error": 1.95054249044202e-07,
            "max_bin": 3,
            "max_float32_ulp_error": 16,
            "max_row": 106,
            "max_total_variation": 8.82940936759551e-07,
            "mean_abs_logp_error": 9.201714690302459e-07,
            "p99_abs_logp_error": 3.814697265625e-06,
            "right_logp": -17.87586212158203
          },
          "context_roll_contiguous": {
            "left_logp": -16.31916618347168,
            "max_abs_logp_error": 5.7220458984375e-06,
            "max_abs_probability_error": 1.494041427796411e-07,
            "max_bin": 7,
            "max_float32_ulp_error": 10,
            "max_row": 68,
            "max_total_variation": 4.535801852661008e-07,
            "mean_abs_logp_error": 6.903930449149978e-07,
            "p99_abs_logp_error": 2.86102294921875e-06,
            "right_logp": -16.31916046142578
          },
          "context_roll_view": {
            "left_logp": -16.31916618347168,
            "max_abs_logp_error": 5.7220458984375e-06,
            "max_abs_probability_error": 1.494041427796411e-07,
            "max_bin": 7,
            "max_float32_ulp_error": 10,
            "max_row": 68,
            "max_total_variation": 4.535801852661008e-07,
            "mean_abs_logp_error": 6.903930449149978e-07,
            "p99_abs_logp_error": 2.86102294921875e-06,
            "right_logp": -16.31916046142578
          },
          "draw_index": 0,
          "random_permutation_1": {
            "left_logp": -13.449241638183594,
            "max_abs_logp_error": 0.0,
            "max_abs_probability_error": 0.0,
            "max_bin": 0,
            "max_float32_ulp_error": 0,
            "max_row": 0,
            "max_total_variation": 0.0,
            "mean_abs_logp_error": 0.0,
            "p99_abs_logp_error": 0.0,
            "right_logp": -13.449241638183594
          },
          "random_permutation_2": {
            "left_logp": -13.449241638183594,
            "max_abs_logp_error": 0.0,
            "max_abs_probability_error": 0.0,
            "max_bin": 0,
            "max_float32_ulp_error": 0,
            "max_row": 0,
            "max_total_variation": 0.0,
            "mean_abs_logp_error": 0.0,
            "p99_abs_logp_error": 0.0,
            "right_logp": -13.449241638183594
          },
          "repeat": {
            "left_logp": -13.449241638183594,
            "max_abs_logp_error": 0.0,
            "max_abs_probability_error": 0.0,
            "max_bin": 0,
            "max_float32_ulp_error": 0,
            "max_row": 0,
            "max_total_variation": 0.0,
            "mean_abs_logp_error": 0.0,
            "p99_abs_logp_error": 0.0,
            "right_logp": -13.449241638183594
          },
          "reverse": {
            "left_logp": -13.449241638183594,
            "max_abs_logp_error": 0.0,
            "max_abs_probability_error": 0.0,
            "max_bin": 0,
            "max_float32_ulp_error": 0,
            "max_row": 0,
            "max_total_variation": 0.0,
            "mean_abs_logp_error": 0.0,
            "p99_abs_logp_error": 0.0,
            "right_logp": -13.449241638183594
          },
          "rows": 355,
          "same_shape_block_permutation": {
            "left_logp": -13.449241638183594,
            "max_abs_logp_error": 0.0,
            "max_abs_probability_error": 0.0,
            "max_bin": 0,
            "max_float32_ulp_error": 0,
            "max_row": 0,
            "max_total_variation": 0.0,
            "mean_abs_logp_error": 0.0,
            "p99_abs_logp_error": 0.0,
            "right_logp": -13.449241638183594
          }
        },
        {
          "bank_index": 0,
          "batch_8": {
            "left_logp": -16.97144889831543,
            "max_abs_logp_error": 1.1444091796875e-05,
            "max_abs_probability_error": 2.0015373053405838e-07,
            "max_bin": 96,
            "max_float32_ulp_error": 12,
            "max_row": 177,
            "max_total_variation": 6.851076390936933e-07,
            "mean_abs_logp_error": 9.33646486046609e-07,
            "p99_abs_logp_error": 3.814697265625e-06,
            "right_logp": -16.971437454223633
          },
          "context_roll_contiguous": {
            "left_logp": -17.432140350341797,
            "max_abs_logp_error": 7.62939453125e-06,
            "max_abs_probability_error": 2.0526967048350997e-07,
            "max_bin": 96,
            "max_float32_ulp_error": 8,
            "max_row": 105,
            "max_total_variation": 4.4725813274300925e-07,
            "mean_abs_logp_error": 6.889392820636877e-07,
            "p99_abs_logp_error": 2.86102294921875e-06,
            "right_logp": -17.432147979736328
          },
          "context_roll_view": {
            "left_logp": -17.432140350341797,
            "max_abs_logp_error": 7.62939453125e-06,
            "max_abs_probability_error": 2.0526967048350997e-07,
            "max_bin": 96,
            "max_float32_ulp_error": 8,
            "max_row": 105,
            "max_total_variation": 4.4725813274300925e-07,
            "mean_abs_logp_error": 6.889392820636877e-07,
            "p99_abs_logp_error": 2.86102294921875e-06,
            "right_logp": -17.432147979736328
          },
          "draw_index": 1,
          "random_permutation_1": {
            "left_logp": -15.710270881652832,
            "max_abs_logp_error": 0.0,
            "max_abs_probability_error": 0.0,
            "max_bin": 0,
            "max_float32_ulp_error": 0,
            "max_row": 0,
            "max_total_variation": 0.0,
            "mean_abs_logp_error": 0.0,
            "p99_abs_logp_error": 0.0,
            "right_logp": -15.710270881652832
          },
          "random_permutation_2": {
            "left_logp": -15.710270881652832,
            "max_abs_logp_error": 0.0,
            "max_abs_probability_error": 0.0,
            "max_bin": 0,
            "max_float32_ulp_error": 0,
            "max_row": 0,
            "max_total_variation": 0.0,
            "mean_abs_logp_error": 0.0,
            "p99_abs_logp_error": 0.0,
            "right_logp": -15.710270881652832
          },
          "repeat": {
            "left_logp": -15.710270881652832,
            "max_abs_logp_error": 0.0,
            "max_abs_probability_error": 0.0,
            "max_bin": 0,
            "max_float32_ulp_error": 0,
            "max_row": 0,
            "max_total_variation": 0.0,
            "mean_abs_logp_error": 0.0,
            "p99_abs_logp_error": 0.0,
            "right_logp": -15.710270881652832
          },
          "reverse": {
            "left_logp": -15.710270881652832,
            "max_abs_logp_error": 0.0,
            "max_abs_probability_error": 0.0,
            "max_bin": 0,
            "max_float32_ulp_error": 0,
            "max_row": 0,
            "max_total_variation": 0.0,
            "mean_abs_logp_error": 0.0,
            "p99_abs_logp_error": 0.0,
            "right_logp": -15.710270881652832
          },
          "rows": 356,
          "same_shape_block_permutation": {
            "left_logp": -15.710270881652832,
            "max_abs_logp_error": 0.0,
            "max_abs_probability_error": 0.0,
            "max_bin": 0,
            "max_float32_ulp_error": 0,
            "max_row": 0,
            "max_total_variation": 0.0,
            "mean_abs_logp_error": 0.0,
            "p99_abs_logp_error": 0.0,
            "right_logp": -15.710270881652832
          }
        },
        {
          "bank_index": 1,
          "batch_8": {
            "left_logp": -9.567110061645508,
            "max_abs_logp_error": 9.5367431640625e-06,
            "max_abs_probability_error": 2.963463139604716e-07,
            "max_bin": 96,
            "max_float32_ulp_error": 20,
            "max_row": 78,
            "max_total_variation": 1.0155882195254435e-06,
            "mean_abs_logp_error": 8.751602655046442e-07,
            "p99_abs_logp_error": 3.814697265625e-06,
            "right_logp": -9.567100524902344
          },
          "context_roll_contiguous": {
            "left_logp": -19.663148880004883,
            "max_abs_logp_error": 5.7220458984375e-06,
            "max_abs_probability_error": 1.6544258957251756e-07,
            "max_bin": 1,
            "max_float32_ulp_error": 11,
            "max_row": 46,
            "max_total_variation": 5.492956538112022e-07,
            "mean_abs_logp_error": 6.365575147478768e-07,
            "p99_abs_logp_error": 2.86102294921875e-06,
            "right_logp": -19.66315460205078
          },
          "context_roll_view": {
            "left_logp": -19.663148880004883,
            "max_abs_logp_error": 5.7220458984375e-06,
            "max_abs_probability_error": 1.6544258957251756e-07,
            "max_bin": 1,
            "max_float32_ulp_error": 11,
            "max_row": 46,
            "max_total_variation": 5.492956538112022e-07,
            "mean_abs_logp_error": 6.365575147478768e-07,
            "p99_abs_logp_error": 2.86102294921875e-06,
            "right_logp": -19.66315460205078
          },
          "draw_index": 1,
          "random_permutation_1": {
            "left_logp": -14.474133491516113,
            "max_abs_logp_error": 0.0,
            "max_abs_probability_error": 0.0,
            "max_bin": 0,
            "max_float32_ulp_error": 0,
            "max_row": 0,
            "max_total_variation": 0.0,
            "mean_abs_logp_error": 0.0,
            "p99_abs_logp_error": 0.0,
            "right_logp": -14.474133491516113
          },
          "random_permutation_2": {
            "left_logp": -14.474133491516113,
            "max_abs_logp_error": 0.0,
            "max_abs_probability_error": 0.0,
            "max_bin": 0,
            "max_float32_ulp_error": 0,
            "max_row": 0,
            "max_total_variation": 0.0,
            "mean_abs_logp_error": 0.0,
            "p99_abs_logp_error": 0.0,
            "right_logp": -14.474133491516113
          },
          "repeat": {
            "left_logp": -14.474133491516113,
            "max_abs_logp_error": 0.0,
            "max_abs_probability_error": 0.0,
            "max_bin": 0,
            "max_float32_ulp_error": 0,
            "max_row": 0,
            "max_total_variation": 0.0,
            "mean_abs_logp_error": 0.0,
            "p99_abs_logp_error": 0.0,
            "right_logp": -14.474133491516113
          },
          "reverse": {
            "left_logp": -14.474133491516113,
            "max_abs_logp_error": 0.0,
            "max_abs_probability_error": 0.0,
            "max_bin": 0,
            "max_float32_ulp_error": 0,
            "max_row": 0,
            "max_total_variation": 0.0,
            "mean_abs_logp_error": 0.0,
            "p99_abs_logp_error": 0.0,
            "right_logp": -14.474133491516113
          },
          "rows": 356,
          "same_shape_block_permutation": {
            "left_logp": -14.474133491516113,
            "max_abs_logp_error": 0.0,
            "max_abs_probability_error": 0.0,
            "max_bin": 0,
            "max_float32_ulp_error": 0,
            "max_row": 0,
            "max_total_variation": 0.0,
            "mean_abs_logp_error": 0.0,
            "p99_abs_logp_error": 0.0,
            "right_logp": -14.474133491516113
          }
        },
        {
          "bank_index": 2,
          "batch_8": {
            "left_logp": -11.454744338989258,
            "max_abs_logp_error": 8.58306884765625e-06,
            "max_abs_probability_error": 2.173561816504188e-07,
            "max_bin": 18,
            "max_float32_ulp_error": 16,
            "max_row": 235,
            "max_total_variation": 7.79348234023693e-07,
            "mean_abs_logp_error": 8.872495570652921e-07,
            "p99_abs_logp_error": 3.814697265625e-06,
            "right_logp": -11.454752922058105
          },
          "context_roll_contiguous": {
            "left_logp": -13.67464828491211,
            "max_abs_logp_error": 6.67572021484375e-06,
            "max_abs_probability_error": 1.3720109914849843e-07,
            "max_bin": 18,
            "max_float32_ulp_error": 8,
            "max_row": 219,
            "max_total_variation": 5.506849407091859e-07,
            "mean_abs_logp_error": 6.861854606950787e-07,
            "p99_abs_logp_error": 2.86102294921875e-06,
            "right_logp": -13.674654960632324
          },
          "context_roll_view": {
            "left_logp": -13.67464828491211,
            "max_abs_logp_error": 6.67572021484375e-06,
            "max_abs_probability_error": 1.3720109914849843e-07,
            "max_bin": 18,
            "max_float32_ulp_error": 8,
            "max_row": 219,
            "max_total_variation": 5.506849407091859e-07,
            "mean_abs_logp_error": 6.861854606950787e-07,
            "p99_abs_logp_error": 2.86102294921875e-06,
            "right_logp": -13.674654960632324
          },
          "draw_index": 1,
          "random_permutation_1": {
            "left_logp": -14.53281021118164,
            "max_abs_logp_error": 0.0,
            "max_abs_probability_error": 0.0,
            "max_bin": 0,
            "max_float32_ulp_error": 0,
            "max_row": 0,
            "max_total_variation": 0.0,
            "mean_abs_logp_error": 0.0,
            "p99_abs_logp_error": 0.0,
            "right_logp": -14.53281021118164
          },
          "random_permutation_2": {
            "left_logp": -14.53281021118164,
            "max_abs_logp_error": 0.0,
            "max_abs_probability_error": 0.0,
            "max_bin": 0,
            "max_float32_ulp_error": 0,
            "max_row": 0,
            "max_total_variation": 0.0,
            "mean_abs_logp_error": 0.0,
            "p99_abs_logp_error": 0.0,
            "right_logp": -14.53281021118164
          },
          "repeat": {
            "left_logp": -14.53281021118164,
            "max_abs_logp_error": 0.0,
            "max_abs_probability_error": 0.0,
            "max_bin": 0,
            "max_float32_ulp_error": 0,
            "max_row": 0,
            "max_total_variation": 0.0,
            "mean_abs_logp_error": 0.0,
            "p99_abs_logp_error": 0.0,
            "right_logp": -14.53281021118164
          },
          "reverse": {
            "left_logp": -14.53281021118164,
            "max_abs_logp_error": 0.0,
            "max_abs_probability_error": 0.0,
            "max_bin": 0,
            "max_float32_ulp_error": 0,
            "max_row": 0,
            "max_total_variation": 0.0,
            "mean_abs_logp_error": 0.0,
            "p99_abs_logp_error": 0.0,
            "right_logp": -14.53281021118164
          },
          "rows": 355,
          "same_shape_block_permutation": {
            "left_logp": -14.53281021118164,
            "max_abs_logp_error": 0.0,
            "max_abs_probability_error": 0.0,
            "max_bin": 0,
            "max_float32_ulp_error": 0,
            "max_row": 0,
            "max_total_variation": 0.0,
            "mean_abs_logp_error": 0.0,
            "p99_abs_logp_error": 0.0,
            "right_logp": -14.53281021118164
          }
        },
        {
          "bank_index": 0,
          "batch_8": {
            "left_logp": -17.267345428466797,
            "max_abs_logp_error": 7.62939453125e-06,
            "max_abs_probability_error": 2.551726597521675e-07,
            "max_bin": 1,
            "max_float32_ulp_error": 12,
            "max_row": 94,
            "max_total_variation": 4.817588175901245e-07,
            "mean_abs_logp_error": 8.590703599908379e-07,
            "p99_abs_logp_error": 3.814697265625e-06,
            "right_logp": -17.267337799072266
          },
          "context_roll_contiguous": {
            "left_logp": -15.388298988342285,
            "max_abs_logp_error": 6.67572021484375e-06,
            "max_abs_probability_error": 1.7105524613425516e-07,
            "max_bin": 96,
            "max_float32_ulp_error": 10,
            "max_row": 145,
            "max_total_variation": 4.932134022215179e-07,
            "mean_abs_logp_error": 6.992528947551599e-07,
            "p99_abs_logp_error": 2.86102294921875e-06,
            "right_logp": -15.38829231262207
          },
          "context_roll_view": {
            "left_logp": -15.388298988342285,
            "max_abs_logp_error": 6.67572021484375e-06,
            "max_abs_probability_error": 1.7105524613425516e-07,
            "max_bin": 96,
            "max_float32_ulp_error": 10,
            "max_row": 145,
            "max_total_variation": 4.932134022215179e-07,
            "mean_abs_logp_error": 6.992528947551599e-07,
            "p99_abs_logp_error": 2.86102294921875e-06,
            "right_logp": -15.38829231262207
          },
          "draw_index": 2,
          "random_permutation_1": {
            "left_logp": -14.164122581481934,
            "max_abs_logp_error": 0.0,
            "max_abs_probability_error": 0.0,
            "max_bin": 0,
            "max_float32_ulp_error": 0,
            "max_row": 0,
            "max_total_variation": 0.0,
            "mean_abs_logp_error": 0.0,
            "p99_abs_logp_error": 0.0,
            "right_logp": -14.164122581481934
          },
          "random_permutation_2": {
            "left_logp": -14.164122581481934,
            "max_abs_logp_error": 0.0,
            "max_abs_probability_error": 0.0,
            "max_bin": 0,
            "max_float32_ulp_error": 0,
            "max_row": 0,
            "max_total_variation": 0.0,
            "mean_abs_logp_error": 0.0,
            "p99_abs_logp_error": 0.0,
            "right_logp": -14.164122581481934
          },
          "repeat": {
            "left_logp": -14.164122581481934,
            "max_abs_logp_error": 0.0,
            "max_abs_probability_error": 0.0,
            "max_bin": 0,
            "max_float32_ulp_error": 0,
            "max_row": 0,
            "max_total_variation": 0.0,
            "mean_abs_logp_error": 0.0,
            "p99_abs_logp_error": 0.0,
            "right_logp": -14.164122581481934
          },
          "reverse": {
            "left_logp": -14.164122581481934,
            "max_abs_logp_error": 0.0,
            "max_abs_probability_error": 0.0,
            "max_bin": 0,
            "max_float32_ulp_error": 0,
            "max_row": 0,
            "max_total_variation": 0.0,
            "mean_abs_logp_error": 0.0,
            "p99_abs_logp_error": 0.0,
            "right_logp": -14.164122581481934
          },
          "rows": 356,
          "same_shape_block_permutation": {
            "left_logp": -14.164122581481934,
            "max_abs_logp_error": 0.0,
            "max_abs_probability_error": 0.0,
            "max_bin": 0,
            "max_float32_ulp_error": 0,
            "max_row": 0,
            "max_total_variation": 0.0,
            "mean_abs_logp_error": 0.0,
            "p99_abs_logp_error": 0.0,
            "right_logp": -14.164122581481934
          }
        },
        {
          "bank_index": 1,
          "batch_8": {
            "left_logp": -16.692943572998047,
            "max_abs_logp_error": 7.62939453125e-06,
            "max_abs_probability_error": 2.0566485350870245e-07,
            "max_bin": 1,
            "max_float32_ulp_error": 13,
            "max_row": 217,
            "max_total_variation": 6.428043358755835e-07,
            "mean_abs_logp_error": 8.657909511180406e-07,
            "p99_abs_logp_error": 3.814697265625e-06,
            "right_logp": -16.692951202392578
          },
          "context_roll_contiguous": {
            "left_logp": -18.234294891357422,
            "max_abs_logp_error": 5.7220458984375e-06,
            "max_abs_probability_error": 1.3066182108500968e-07,
            "max_bin": 3,
            "max_float32_ulp_error": 8,
            "max_row": 221,
            "max_total_variation": 3.3810189641574795e-07,
            "mean_abs_logp_error": 6.383690941199828e-07,
            "p99_abs_logp_error": 2.86102294921875e-06,
            "right_logp": -18.23430061340332
          },
          "context_roll_view": {
            "left_logp": -18.234294891357422,
            "max_abs_logp_error": 5.7220458984375e-06,
            "max_abs_probability_error": 1.3066182108500968e-07,
            "max_bin": 3,
            "max_float32_ulp_error": 8,
            "max_row": 221,
            "max_total_variation": 3.3810189641574795e-07,
            "mean_abs_logp_error": 6.383690941199828e-07,
            "p99_abs_logp_error": 2.86102294921875e-06,
            "right_logp": -18.23430061340332
          },
          "draw_index": 2,
          "random_permutation_1": {
            "left_logp": -16.104530334472656,
            "max_abs_logp_error": 0.0,
            "max_abs_probability_error": 0.0,
            "max_bin": 0,
            "max_float32_ulp_error": 0,
            "max_row": 0,
            "max_total_variation": 0.0,
            "mean_abs_logp_error": 0.0,
            "p99_abs_logp_error": 0.0,
            "right_logp": -16.104530334472656
          },
          "random_permutation_2": {
            "left_logp": -16.104530334472656,
            "max_abs_logp_error": 0.0,
            "max_abs_probability_error": 0.0,
            "max_bin": 0,
            "max_float32_ulp_error": 0,
            "max_row": 0,
            "max_total_variation": 0.0,
            "mean_abs_logp_error": 0.0,
            "p99_abs_logp_error": 0.0,
            "right_logp": -16.104530334472656
          },
          "repeat": {
            "left_logp": -16.104530334472656,
            "max_abs_logp_error": 0.0,
            "max_abs_probability_error": 0.0,
            "max_bin": 0,
            "max_float32_ulp_error": 0,
            "max_row": 0,
            "max_total_variation": 0.0,
            "mean_abs_logp_error": 0.0,
            "p99_abs_logp_error": 0.0,
            "right_logp": -16.104530334472656
          },
          "reverse": {
            "left_logp": -16.104530334472656,
            "max_abs_logp_error": 0.0,
            "max_abs_probability_error": 0.0,
            "max_bin": 0,
            "max_float32_ulp_error": 0,
            "max_row": 0,
            "max_total_variation": 0.0,
            "mean_abs_logp_error": 0.0,
            "p99_abs_logp_error": 0.0,
            "right_logp": -16.104530334472656
          },
          "rows": 356,
          "same_shape_block_permutation": {
            "left_logp": -16.104530334472656,
            "max_abs_logp_error": 0.0,
            "max_abs_probability_error": 0.0,
            "max_bin": 0,
            "max_float32_ulp_error": 0,
            "max_row": 0,
            "max_total_variation": 0.0,
            "mean_abs_logp_error": 0.0,
            "p99_abs_logp_error": 0.0,
            "right_logp": -16.104530334472656
          }
        },
        {
          "bank_index": 2,
          "batch_8": {
            "left_logp": -19.53553581237793,
            "max_abs_logp_error": 7.62939453125e-06,
            "max_abs_probability_error": 2.1790811532973464e-07,
            "max_bin": 1,
            "max_float32_ulp_error": 11,
            "max_row": 166,
            "max_total_variation": 7.461574307137073e-07,
            "mean_abs_logp_error": 8.712486482002366e-07,
            "p99_abs_logp_error": 3.814697265625e-06,
            "right_logp": -19.5355281829834
          },
          "context_roll_contiguous": {
            "left_logp": -16.031267166137695,
            "max_abs_logp_error": 5.7220458984375e-06,
            "max_abs_probability_error": 1.8750429220393272e-07,
            "max_bin": 18,
            "max_float32_ulp_error": 11,
            "max_row": 14,
            "max_total_variation": 4.6645603113996977e-07,
            "mean_abs_logp_error": 6.679011062836983e-07,
            "p99_abs_logp_error": 2.86102294921875e-06,
            "right_logp": -16.031261444091797
          },
          "context_roll_view": {
            "left_logp": -16.031267166137695,
            "max_abs_logp_error": 5.7220458984375e-06,
            "max_abs_probability_error": 1.8750429220393272e-07,
            "max_bin": 18,
            "max_float32_ulp_error": 11,
            "max_row": 14,
            "max_total_variation": 4.6645603113996977e-07,
            "mean_abs_logp_error": 6.679011062836983e-07,
            "p99_abs_logp_error": 2.86102294921875e-06,
            "right_logp": -16.031261444091797
          },
          "draw_index": 2,
          "random_permutation_1": {
            "left_logp": -12.548270225524902,
            "max_abs_logp_error": 0.0,
            "max_abs_probability_error": 0.0,
            "max_bin": 0,
            "max_float32_ulp_error": 0,
            "max_row": 0,
            "max_total_variation": 0.0,
            "mean_abs_logp_error": 0.0,
            "p99_abs_logp_error": 0.0,
            "right_logp": -12.548270225524902
          },
          "random_permutation_2": {
            "left_logp": -12.548270225524902,
            "max_abs_logp_error": 0.0,
            "max_abs_probability_error": 0.0,
            "max_bin": 0,
            "max_float32_ulp_error": 0,
            "max_row": 0,
            "max_total_variation": 0.0,
            "mean_abs_logp_error": 0.0,
            "p99_abs_logp_error": 0.0,
            "right_logp": -12.548270225524902
          },
          "repeat": {
            "left_logp": -12.548270225524902,
            "max_abs_logp_error": 0.0,
            "max_abs_probability_error": 0.0,
            "max_bin": 0,
            "max_float32_ulp_error": 0,
            "max_row": 0,
            "max_total_variation": 0.0,
            "mean_abs_logp_error": 0.0,
            "p99_abs_logp_error": 0.0,
            "right_logp": -12.548270225524902
          },
          "reverse": {
            "left_logp": -12.548270225524902,
            "max_abs_logp_error": 0.0,
            "max_abs_probability_error": 0.0,
            "max_bin": 0,
            "max_float32_ulp_error": 0,
            "max_row": 0,
            "max_total_variation": 0.0,
            "mean_abs_logp_error": 0.0,
            "p99_abs_logp_error": 0.0,
            "right_logp": -12.548270225524902
          },
          "rows": 355,
          "same_shape_block_permutation": {
            "left_logp": -12.548270225524902,
            "max_abs_logp_error": 0.0,
            "max_abs_probability_error": 0.0,
            "max_bin": 0,
            "max_float32_ulp_error": 0,
            "max_row": 0,
            "max_total_variation": 0.0,
            "mean_abs_logp_error": 0.0,
            "p99_abs_logp_error": 0.0,
            "right_logp": -12.548270225524902
          }
        }
      ],
      "prior": "C",
      "remainder_35": {
        "left_logp": -12.817898750305176,
        "max_abs_logp_error": 0.0,
        "max_abs_probability_error": 0.0,
        "max_bin": 0,
        "max_float32_ulp_error": 0,
        "max_row": 0,
        "max_total_variation": 0.0,
        "mean_abs_logp_error": 0.0,
        "p99_abs_logp_error": 0.0,
        "right_logp": -12.817898750305176
      },
      "remainder_36": {
        "left_logp": -12.817898750305176,
        "max_abs_logp_error": 0.0,
        "max_abs_probability_error": 0.0,
        "max_bin": 0,
        "max_float32_ulp_error": 0,
        "max_row": 0,
        "max_total_variation": 0.0,
        "mean_abs_logp_error": 0.0,
        "p99_abs_logp_error": 0.0,
        "right_logp": -12.817898750305176
      },
      "remainder_43": {
        "left_logp": -12.817898750305176,
        "max_abs_logp_error": 0.0,
        "max_abs_probability_error": 0.0,
        "max_bin": 0,
        "max_float32_ulp_error": 0,
        "max_row": 0,
        "max_total_variation": 0.0,
        "mean_abs_logp_error": 0.0,
        "p99_abs_logp_error": 0.0,
        "right_logp": -12.817898750305176
      },
      "repeat": {
        "left_logp": -12.817898750305176,
        "max_abs_logp_error": 0.0,
        "max_abs_probability_error": 0.0,
        "max_bin": 0,
        "max_float32_ulp_error": 0,
        "max_row": 0,
        "max_total_variation": 0.0,
        "mean_abs_logp_error": 0.0,
        "p99_abs_logp_error": 0.0,
        "right_logp": -12.817898750305176
      },
      "reverse_batch": {
        "left_logp": -16.516937255859375,
        "max_abs_logp_error": 5.7220458984375e-06,
        "max_abs_probability_error": 1.0771588704328039e-07,
        "max_bin": 1,
        "max_float32_ulp_error": 9,
        "max_row": 0,
        "max_total_variation": 3.7024125154449136e-07,
        "mean_abs_logp_error": 2.121428648630778e-07,
        "p99_abs_logp_error": 2.86102294921875e-06,
        "right_logp": -16.516942977905273
      },
      "rows": 72,
      "same_shape_block_permutation": {
        "left_logp": -12.817898750305176,
        "max_abs_logp_error": 0.0,
        "max_abs_probability_error": 0.0,
        "max_bin": 0,
        "max_float32_ulp_error": 0,
        "max_row": 0,
        "max_total_variation": 0.0,
        "mean_abs_logp_error": 0.0,
        "p99_abs_logp_error": 0.0,
        "right_logp": -12.817898750305176
      },
      "seed": 0,
      "singleton": {
        "left_logp": -18.683687210083008,
        "max_abs_logp_error": 5.7220458984375e-06,
        "max_abs_probability_error": 1.3265277493124117e-07,
        "max_bin": 1,
        "max_float32_ulp_error": 7,
        "max_row": 6,
        "max_total_variation": 3.3269309794028477e-07,
        "mean_abs_logp_error": 7.825427585177952e-07,
        "p99_abs_logp_error": 3.814697265625e-06,
        "right_logp": -18.68368148803711
      },
      "step": 20000
    },
    {
      "batch_8": {
        "left_logp": -18.247404098510742,
        "max_abs_logp_error": 7.62939453125e-06,
        "max_abs_probability_error": 2.9785406344129406e-07,
        "max_bin": 0,
        "max_float32_ulp_error": 11,
        "max_row": 2,
        "max_total_variation": 4.725670896388461e-07,
        "mean_abs_logp_error": 9.751154316796196e-07,
        "p99_abs_logp_error": 5.7220458984375e-06,
        "right_logp": -18.24739646911621
      },
      "checkpoint_sha256": "fe06a96f384ba555696088b0d49d34fb49976d2e223de005cf65e4550b107c43",
      "context_roll": {
        "left_logp": -21.54878044128418,
        "max_abs_logp_error": 5.7220458984375e-06,
        "max_abs_probability_error": 1.8900168552438146e-07,
        "max_bin": 2,
        "max_float32_ulp_error": 9,
        "max_row": 11,
        "max_total_variation": 3.754300030869513e-07,
        "mean_abs_logp_error": 7.847944895426432e-07,
        "p99_abs_logp_error": 3.814697265625e-06,
        "right_logp": -21.54877471923828
      },
      "fixed_shape_companion_replacement": {
        "left_logp": -13.337987899780273,
        "max_abs_logp_error": 0.0,
        "max_abs_probability_error": 0.0,
        "max_bin": 0,
        "max_float32_ulp_error": 0,
        "max_row": 0,
        "max_total_variation": 0.0,
        "mean_abs_logp_error": 0.0,
        "p99_abs_logp_error": 0.0,
        "right_logp": -13.337987899780273
      },
      "fixed_shape_focal_relocation": {
        "left_logp": -13.337987899780273,
        "max_abs_logp_error": 0.0,
        "max_abs_probability_error": 0.0,
        "max_bin": 0,
        "max_float32_ulp_error": 0,
        "max_row": 0,
        "max_total_variation": 0.0,
        "mean_abs_logp_error": 0.0,
        "p99_abs_logp_error": 0.0,
        "right_logp": -13.337987899780273
      },
      "full_panel_rows": 3201,
      "full_panel_shards": [
        {
          "bank_index": 0,
          "batch_8": {
            "left_logp": -18.247404098510742,
            "max_abs_logp_error": 7.62939453125e-06,
            "max_abs_probability_error": 2.2963344020743293e-07,
            "max_bin": 0,
            "max_float32_ulp_error": 11,
            "max_row": 2,
            "max_total_variation": 3.9392560158832713e-07,
            "mean_abs_logp_error": 1.0664442951759596e-06,
            "p99_abs_logp_error": 4.76837158203125e-06,
            "right_logp": -18.24739646911621
          },
          "context_roll_contiguous": {
            "left_logp": -16.481863021850586,
            "max_abs_logp_error": 7.62939453125e-06,
            "max_abs_probability_error": 1.696880328472261e-07,
            "max_bin": 9,
            "max_float32_ulp_error": 12,
            "max_row": 87,
            "max_total_variation": 6.402543504621327e-07,
            "mean_abs_logp_error": 7.793575190426258e-07,
            "p99_abs_logp_error": 3.814697265625e-06,
            "right_logp": -16.481855392456055
          },
          "context_roll_view": {
            "left_logp": -16.481863021850586,
            "max_abs_logp_error": 7.62939453125e-06,
            "max_abs_probability_error": 1.696880328472261e-07,
            "max_bin": 9,
            "max_float32_ulp_error": 12,
            "max_row": 87,
            "max_total_variation": 6.402543504621327e-07,
            "mean_abs_logp_error": 7.793575190426258e-07,
            "p99_abs_logp_error": 3.814697265625e-06,
            "right_logp": -16.481855392456055
          },
          "draw_index": 0,
          "random_permutation_1": {
            "left_logp": -13.337987899780273,
            "max_abs_logp_error": 0.0,
            "max_abs_probability_error": 0.0,
            "max_bin": 0,
            "max_float32_ulp_error": 0,
            "max_row": 0,
            "max_total_variation": 0.0,
            "mean_abs_logp_error": 0.0,
            "p99_abs_logp_error": 0.0,
            "right_logp": -13.337987899780273
          },
          "random_permutation_2": {
            "left_logp": -13.337987899780273,
            "max_abs_logp_error": 0.0,
            "max_abs_probability_error": 0.0,
            "max_bin": 0,
            "max_float32_ulp_error": 0,
            "max_row": 0,
            "max_total_variation": 0.0,
            "mean_abs_logp_error": 0.0,
            "p99_abs_logp_error": 0.0,
            "right_logp": -13.337987899780273
          },
          "repeat": {
            "left_logp": -13.337987899780273,
            "max_abs_logp_error": 0.0,
            "max_abs_probability_error": 0.0,
            "max_bin": 0,
            "max_float32_ulp_error": 0,
            "max_row": 0,
            "max_total_variation": 0.0,
            "mean_abs_logp_error": 0.0,
            "p99_abs_logp_error": 0.0,
            "right_logp": -13.337987899780273
          },
          "reverse": {
            "left_logp": -13.337987899780273,
            "max_abs_logp_error": 0.0,
            "max_abs_probability_error": 0.0,
            "max_bin": 0,
            "max_float32_ulp_error": 0,
            "max_row": 0,
            "max_total_variation": 0.0,
            "mean_abs_logp_error": 0.0,
            "p99_abs_logp_error": 0.0,
            "right_logp": -13.337987899780273
          },
          "rows": 356,
          "same_shape_block_permutation": {
            "left_logp": -13.337987899780273,
            "max_abs_logp_error": 0.0,
            "max_abs_probability_error": 0.0,
            "max_bin": 0,
            "max_float32_ulp_error": 0,
            "max_row": 0,
            "max_total_variation": 0.0,
            "mean_abs_logp_error": 0.0,
            "p99_abs_logp_error": 0.0,
            "right_logp": -13.337987899780273
          }
        },
        {
          "bank_index": 1,
          "batch_8": {
            "left_logp": -19.124053955078125,
            "max_abs_logp_error": 9.5367431640625e-06,
            "max_abs_probability_error": 2.803773830745149e-07,
            "max_bin": 10,
            "max_float32_ulp_error": 12,
            "max_row": 41,
            "max_total_variation": 7.204568228938831e-07,
            "mean_abs_logp_error": 1.1088807931107082e-06,
            "p99_abs_logp_error": 4.76837158203125e-06,
            "right_logp": -19.12406349182129
          },
          "context_roll_contiguous": {
            "left_logp": -19.947675704956055,
            "max_abs_logp_error": 7.62939453125e-06,
            "max_abs_probability_error": 1.7682316101608198e-07,
            "max_bin": 8,
            "max_float32_ulp_error": 9,
            "max_row": 336,
            "max_total_variation": 4.2071781848706454e-07,
            "mean_abs_logp_error": 8.272923780291268e-07,
            "p99_abs_logp_error": 3.814697265625e-06,
            "right_logp": -19.947668075561523
          },
          "context_roll_view": {
            "left_logp": -19.947675704956055,
            "max_abs_logp_error": 7.62939453125e-06,
            "max_abs_probability_error": 1.7682316101608198e-07,
            "max_bin": 8,
            "max_float32_ulp_error": 9,
            "max_row": 336,
            "max_total_variation": 4.2071781848706454e-07,
            "mean_abs_logp_error": 8.272923780291268e-07,
            "p99_abs_logp_error": 3.814697265625e-06,
            "right_logp": -19.947668075561523
          },
          "draw_index": 0,
          "random_permutation_1": {
            "left_logp": -16.225950241088867,
            "max_abs_logp_error": 0.0,
            "max_abs_probability_error": 0.0,
            "max_bin": 0,
            "max_float32_ulp_error": 0,
            "max_row": 0,
            "max_total_variation": 0.0,
            "mean_abs_logp_error": 0.0,
            "p99_abs_logp_error": 0.0,
            "right_logp": -16.225950241088867
          },
          "random_permutation_2": {
            "left_logp": -16.225950241088867,
            "max_abs_logp_error": 0.0,
            "max_abs_probability_error": 0.0,
            "max_bin": 0,
            "max_float32_ulp_error": 0,
            "max_row": 0,
            "max_total_variation": 0.0,
            "mean_abs_logp_error": 0.0,
            "p99_abs_logp_error": 0.0,
            "right_logp": -16.225950241088867
          },
          "repeat": {
            "left_logp": -16.225950241088867,
            "max_abs_logp_error": 0.0,
            "max_abs_probability_error": 0.0,
            "max_bin": 0,
            "max_float32_ulp_error": 0,
            "max_row": 0,
            "max_total_variation": 0.0,
            "mean_abs_logp_error": 0.0,
            "p99_abs_logp_error": 0.0,
            "right_logp": -16.225950241088867
          },
          "reverse": {
            "left_logp": -16.225950241088867,
            "max_abs_logp_error": 0.0,
            "max_abs_probability_error": 0.0,
            "max_bin": 0,
            "max_float32_ulp_error": 0,
            "max_row": 0,
            "max_total_variation": 0.0,
            "mean_abs_logp_error": 0.0,
            "p99_abs_logp_error": 0.0,
            "right_logp": -16.225950241088867
          },
          "rows": 356,
          "same_shape_block_permutation": {
            "left_logp": -16.225950241088867,
            "max_abs_logp_error": 0.0,
            "max_abs_probability_error": 0.0,
            "max_bin": 0,
            "max_float32_ulp_error": 0,
            "max_row": 0,
            "max_total_variation": 0.0,
            "mean_abs_logp_error": 0.0,
            "p99_abs_logp_error": 0.0,
            "right_logp": -16.225950241088867
          }
        },
        {
          "bank_index": 2,
          "batch_8": {
            "left_logp": -16.377714157104492,
            "max_abs_logp_error": 9.5367431640625e-06,
            "max_abs_probability_error": 2.8500747328852327e-07,
            "max_bin": 16,
            "max_float32_ulp_error": 12,
            "max_row": 354,
            "max_total_variation": 5.736164143154607e-07,
            "mean_abs_logp_error": 1.0543641909747057e-06,
            "p99_abs_logp_error": 4.76837158203125e-06,
            "right_logp": -16.377723693847656
          },
          "context_roll_contiguous": {
            "left_logp": -24.348726272583008,
            "max_abs_logp_error": 7.62939453125e-06,
            "max_abs_probability_error": 1.9187875746617955e-07,
            "max_bin": 1,
            "max_float32_ulp_error": 8,
            "max_row": 166,
            "max_total_variation": 3.7643928756816345e-07,
            "mean_abs_logp_error": 8.515035602408395e-07,
            "p99_abs_logp_error": 3.814697265625e-06,
            "right_logp": -24.348718643188477
          },
          "context_roll_view": {
            "left_logp": -24.348726272583008,
            "max_abs_logp_error": 7.62939453125e-06,
            "max_abs_probability_error": 1.9187875746617955e-07,
            "max_bin": 1,
            "max_float32_ulp_error": 8,
            "max_row": 166,
            "max_total_variation": 3.7643928756816345e-07,
            "mean_abs_logp_error": 8.515035602408395e-07,
            "p99_abs_logp_error": 3.814697265625e-06,
            "right_logp": -24.348718643188477
          },
          "draw_index": 0,
          "random_permutation_1": {
            "left_logp": -15.245802879333496,
            "max_abs_logp_error": 0.0,
            "max_abs_probability_error": 0.0,
            "max_bin": 0,
            "max_float32_ulp_error": 0,
            "max_row": 0,
            "max_total_variation": 0.0,
            "mean_abs_logp_error": 0.0,
            "p99_abs_logp_error": 0.0,
            "right_logp": -15.245802879333496
          },
          "random_permutation_2": {
            "left_logp": -15.245802879333496,
            "max_abs_logp_error": 0.0,
            "max_abs_probability_error": 0.0,
            "max_bin": 0,
            "max_float32_ulp_error": 0,
            "max_row": 0,
            "max_total_variation": 0.0,
            "mean_abs_logp_error": 0.0,
            "p99_abs_logp_error": 0.0,
            "right_logp": -15.245802879333496
          },
          "repeat": {
            "left_logp": -15.245802879333496,
            "max_abs_logp_error": 0.0,
            "max_abs_probability_error": 0.0,
            "max_bin": 0,
            "max_float32_ulp_error": 0,
            "max_row": 0,
            "max_total_variation": 0.0,
            "mean_abs_logp_error": 0.0,
            "p99_abs_logp_error": 0.0,
            "right_logp": -15.245802879333496
          },
          "reverse": {
            "left_logp": -15.245802879333496,
            "max_abs_logp_error": 0.0,
            "max_abs_probability_error": 0.0,
            "max_bin": 0,
            "max_float32_ulp_error": 0,
            "max_row": 0,
            "max_total_variation": 0.0,
            "mean_abs_logp_error": 0.0,
            "p99_abs_logp_error": 0.0,
            "right_logp": -15.245802879333496
          },
          "rows": 355,
          "same_shape_block_permutation": {
            "left_logp": -15.245802879333496,
            "max_abs_logp_error": 0.0,
            "max_abs_probability_error": 0.0,
            "max_bin": 0,
            "max_float32_ulp_error": 0,
            "max_row": 0,
            "max_total_variation": 0.0,
            "mean_abs_logp_error": 0.0,
            "p99_abs_logp_error": 0.0,
            "right_logp": -15.245802879333496
          }
        },
        {
          "bank_index": 0,
          "batch_8": {
            "left_logp": -21.182575225830078,
            "max_abs_logp_error": 9.5367431640625e-06,
            "max_abs_probability_error": 2.9785406344129406e-07,
            "max_bin": 98,
            "max_float32_ulp_error": 17,
            "max_row": 264,
            "max_total_variation": 9.445013045370455e-07,
            "mean_abs_logp_error": 1.09761283638772e-06,
            "p99_abs_logp_error": 4.76837158203125e-06,
            "right_logp": -21.182584762573242
          },
          "context_roll_contiguous": {
            "left_logp": -23.092676162719727,
            "max_abs_logp_error": 7.62939453125e-06,
            "max_abs_probability_error": 1.448467634446171e-07,
            "max_bin": 99,
            "max_float32_ulp_error": 11,
            "max_row": 64,
            "max_total_variation": 5.268230899735481e-07,
            "mean_abs_logp_error": 8.356738626287224e-07,
            "p99_abs_logp_error": 3.814697265625e-06,
            "right_logp": -23.092683792114258
          },
          "context_roll_view": {
            "left_logp": -23.092676162719727,
            "max_abs_logp_error": 7.62939453125e-06,
            "max_abs_probability_error": 1.448467634446171e-07,
            "max_bin": 99,
            "max_float32_ulp_error": 11,
            "max_row": 64,
            "max_total_variation": 5.268230899735481e-07,
            "mean_abs_logp_error": 8.356738626287224e-07,
            "p99_abs_logp_error": 3.814697265625e-06,
            "right_logp": -23.092683792114258
          },
          "draw_index": 1,
          "random_permutation_1": {
            "left_logp": -23.704509735107422,
            "max_abs_logp_error": 0.0,
            "max_abs_probability_error": 0.0,
            "max_bin": 0,
            "max_float32_ulp_error": 0,
            "max_row": 0,
            "max_total_variation": 0.0,
            "mean_abs_logp_error": 0.0,
            "p99_abs_logp_error": 0.0,
            "right_logp": -23.704509735107422
          },
          "random_permutation_2": {
            "left_logp": -23.704509735107422,
            "max_abs_logp_error": 0.0,
            "max_abs_probability_error": 0.0,
            "max_bin": 0,
            "max_float32_ulp_error": 0,
            "max_row": 0,
            "max_total_variation": 0.0,
            "mean_abs_logp_error": 0.0,
            "p99_abs_logp_error": 0.0,
            "right_logp": -23.704509735107422
          },
          "repeat": {
            "left_logp": -23.704509735107422,
            "max_abs_logp_error": 0.0,
            "max_abs_probability_error": 0.0,
            "max_bin": 0,
            "max_float32_ulp_error": 0,
            "max_row": 0,
            "max_total_variation": 0.0,
            "mean_abs_logp_error": 0.0,
            "p99_abs_logp_error": 0.0,
            "right_logp": -23.704509735107422
          },
          "reverse": {
            "left_logp": -23.704509735107422,
            "max_abs_logp_error": 0.0,
            "max_abs_probability_error": 0.0,
            "max_bin": 0,
            "max_float32_ulp_error": 0,
            "max_row": 0,
            "max_total_variation": 0.0,
            "mean_abs_logp_error": 0.0,
            "p99_abs_logp_error": 0.0,
            "right_logp": -23.704509735107422
          },
          "rows": 356,
          "same_shape_block_permutation": {
            "left_logp": -23.704509735107422,
            "max_abs_logp_error": 0.0,
            "max_abs_probability_error": 0.0,
            "max_bin": 0,
            "max_float32_ulp_error": 0,
            "max_row": 0,
            "max_total_variation": 0.0,
            "mean_abs_logp_error": 0.0,
            "p99_abs_logp_error": 0.0,
            "right_logp": -23.704509735107422
          }
        },
        {
          "bank_index": 1,
          "batch_8": {
            "left_logp": -19.093257904052734,
            "max_abs_logp_error": 7.62939453125e-06,
            "max_abs_probability_error": 2.4159036290938296e-07,
            "max_bin": 11,
            "max_float32_ulp_error": 16,
            "max_row": 4,
            "max_total_variation": 8.526867424137897e-07,
            "mean_abs_logp_error": 1.059392195069388e-06,
            "p99_abs_logp_error": 3.814697265625e-06,
            "right_logp": -19.093250274658203
          },
          "context_roll_contiguous": {
            "left_logp": -17.354812622070312,
            "max_abs_logp_error": 5.7220458984375e-06,
            "max_abs_probability_error": 1.7195411516901515e-07,
            "max_bin": 20,
            "max_float32_ulp_error": 12,
            "max_row": 13,
            "max_total_variation": 5.057519260967386e-07,
            "mean_abs_logp_error": 8.05215219433388e-07,
            "p99_abs_logp_error": 3.814697265625e-06,
            "right_logp": -17.35481834411621
          },
          "context_roll_view": {
            "left_logp": -17.354812622070312,
            "max_abs_logp_error": 5.7220458984375e-06,
            "max_abs_probability_error": 1.7195411516901515e-07,
            "max_bin": 20,
            "max_float32_ulp_error": 12,
            "max_row": 13,
            "max_total_variation": 5.057519260967386e-07,
            "mean_abs_logp_error": 8.05215219433388e-07,
            "p99_abs_logp_error": 3.814697265625e-06,
            "right_logp": -17.35481834411621
          },
          "draw_index": 1,
          "random_permutation_1": {
            "left_logp": -16.043787002563477,
            "max_abs_logp_error": 0.0,
            "max_abs_probability_error": 0.0,
            "max_bin": 0,
            "max_float32_ulp_error": 0,
            "max_row": 0,
            "max_total_variation": 0.0,
            "mean_abs_logp_error": 0.0,
            "p99_abs_logp_error": 0.0,
            "right_logp": -16.043787002563477
          },
          "random_permutation_2": {
            "left_logp": -16.043787002563477,
            "max_abs_logp_error": 0.0,
            "max_abs_probability_error": 0.0,
            "max_bin": 0,
            "max_float32_ulp_error": 0,
            "max_row": 0,
            "max_total_variation": 0.0,
            "mean_abs_logp_error": 0.0,
            "p99_abs_logp_error": 0.0,
            "right_logp": -16.043787002563477
          },
          "repeat": {
            "left_logp": -16.043787002563477,
            "max_abs_logp_error": 0.0,
            "max_abs_probability_error": 0.0,
            "max_bin": 0,
            "max_float32_ulp_error": 0,
            "max_row": 0,
            "max_total_variation": 0.0,
            "mean_abs_logp_error": 0.0,
            "p99_abs_logp_error": 0.0,
            "right_logp": -16.043787002563477
          },
          "reverse": {
            "left_logp": -16.043787002563477,
            "max_abs_logp_error": 0.0,
            "max_abs_probability_error": 0.0,
            "max_bin": 0,
            "max_float32_ulp_error": 0,
            "max_row": 0,
            "max_total_variation": 0.0,
            "mean_abs_logp_error": 0.0,
            "p99_abs_logp_error": 0.0,
            "right_logp": -16.043787002563477
          },
          "rows": 356,
          "same_shape_block_permutation": {
            "left_logp": -16.043787002563477,
            "max_abs_logp_error": 0.0,
            "max_abs_probability_error": 0.0,
            "max_bin": 0,
            "max_float32_ulp_error": 0,
            "max_row": 0,
            "max_total_variation": 0.0,
            "mean_abs_logp_error": 0.0,
            "p99_abs_logp_error": 0.0,
            "right_logp": -16.043787002563477
          }
        },
        {
          "bank_index": 2,
          "batch_8": {
            "left_logp": -18.694555282592773,
            "max_abs_logp_error": 7.62939453125e-06,
            "max_abs_probability_error": 1.8482740099523554e-07,
            "max_bin": 8,
            "max_float32_ulp_error": 16,
            "max_row": 12,
            "max_total_variation": 6.575689118817807e-07,
            "mean_abs_logp_error": 1.033803107033313e-06,
            "p99_abs_logp_error": 3.814697265625e-06,
            "right_logp": -18.694562911987305
          },
          "context_roll_contiguous": {
            "left_logp": -20.278091430664062,
            "max_abs_logp_error": 7.62939453125e-06,
            "max_abs_probability_error": 1.4065396626572468e-07,
            "max_bin": 17,
            "max_float32_ulp_error": 8,
            "max_row": 212,
            "max_total_variation": 3.4061918538157765e-07,
            "mean_abs_logp_error": 8.32107705129704e-07,
            "p99_abs_logp_error": 3.814697265625e-06,
            "right_logp": -20.27808380126953
          },
          "context_roll_view": {
            "left_logp": -20.278091430664062,
            "max_abs_logp_error": 7.62939453125e-06,
            "max_abs_probability_error": 1.4065396626572468e-07,
            "max_bin": 17,
            "max_float32_ulp_error": 8,
            "max_row": 212,
            "max_total_variation": 3.4061918538157765e-07,
            "mean_abs_logp_error": 8.32107705129704e-07,
            "p99_abs_logp_error": 3.814697265625e-06,
            "right_logp": -20.27808380126953
          },
          "draw_index": 1,
          "random_permutation_1": {
            "left_logp": -18.339962005615234,
            "max_abs_logp_error": 0.0,
            "max_abs_probability_error": 0.0,
            "max_bin": 0,
            "max_float32_ulp_error": 0,
            "max_row": 0,
            "max_total_variation": 0.0,
            "mean_abs_logp_error": 0.0,
            "p99_abs_logp_error": 0.0,
            "right_logp": -18.339962005615234
          },
          "random_permutation_2": {
            "left_logp": -18.339962005615234,
            "max_abs_logp_error": 0.0,
            "max_abs_probability_error": 0.0,
            "max_bin": 0,
            "max_float32_ulp_error": 0,
            "max_row": 0,
            "max_total_variation": 0.0,
            "mean_abs_logp_error": 0.0,
            "p99_abs_logp_error": 0.0,
            "right_logp": -18.339962005615234
          },
          "repeat": {
            "left_logp": -18.339962005615234,
            "max_abs_logp_error": 0.0,
            "max_abs_probability_error": 0.0,
            "max_bin": 0,
            "max_float32_ulp_error": 0,
            "max_row": 0,
            "max_total_variation": 0.0,
            "mean_abs_logp_error": 0.0,
            "p99_abs_logp_error": 0.0,
            "right_logp": -18.339962005615234
          },
          "reverse": {
            "left_logp": -18.339962005615234,
            "max_abs_logp_error": 0.0,
            "max_abs_probability_error": 0.0,
            "max_bin": 0,
            "max_float32_ulp_error": 0,
            "max_row": 0,
            "max_total_variation": 0.0,
            "mean_abs_logp_error": 0.0,
            "p99_abs_logp_error": 0.0,
            "right_logp": -18.339962005615234
          },
          "rows": 355,
          "same_shape_block_permutation": {
            "left_logp": -18.339962005615234,
            "max_abs_logp_error": 0.0,
            "max_abs_probability_error": 0.0,
            "max_bin": 0,
            "max_float32_ulp_error": 0,
            "max_row": 0,
            "max_total_variation": 0.0,
            "mean_abs_logp_error": 0.0,
            "p99_abs_logp_error": 0.0,
            "right_logp": -18.339962005615234
          }
        },
        {
          "bank_index": 0,
          "batch_8": {
            "left_logp": -19.598098754882812,
            "max_abs_logp_error": 9.5367431640625e-06,
            "max_abs_probability_error": 2.7182190365238057e-07,
            "max_bin": 27,
            "max_float32_ulp_error": 15,
            "max_row": 13,
            "max_total_variation": 8.713294930078028e-07,
            "mean_abs_logp_error": 1.0867500573061826e-06,
            "p99_abs_logp_error": 5.7220458984375e-06,
            "right_logp": -19.59808921813965
          },
          "context_roll_contiguous": {
            "left_logp": -21.397336959838867,
            "max_abs_logp_error": 9.5367431640625e-06,
            "max_abs_probability_error": 1.5591102683898406e-07,
            "max_bin": 15,
            "max_float32_ulp_error": 10,
            "max_row": 119,
            "max_total_variation": 5.398162291546203e-07,
            "mean_abs_logp_error": 8.528286151671677e-07,
            "p99_abs_logp_error": 3.814697265625e-06,
            "right_logp": -21.39734649658203
          },
          "context_roll_view": {
            "left_logp": -21.397336959838867,
            "max_abs_logp_error": 9.5367431640625e-06,
            "max_abs_probability_error": 1.5591102683898406e-07,
            "max_bin": 15,
            "max_float32_ulp_error": 10,
            "max_row": 119,
            "max_total_variation": 5.398162291546203e-07,
            "mean_abs_logp_error": 8.528286151671677e-07,
            "p99_abs_logp_error": 3.814697265625e-06,
            "right_logp": -21.39734649658203
          },
          "draw_index": 2,
          "random_permutation_1": {
            "left_logp": -15.376859664916992,
            "max_abs_logp_error": 0.0,
            "max_abs_probability_error": 0.0,
            "max_bin": 0,
            "max_float32_ulp_error": 0,
            "max_row": 0,
            "max_total_variation": 0.0,
            "mean_abs_logp_error": 0.0,
            "p99_abs_logp_error": 0.0,
            "right_logp": -15.376859664916992
          },
          "random_permutation_2": {
            "left_logp": -15.376859664916992,
            "max_abs_logp_error": 0.0,
            "max_abs_probability_error": 0.0,
            "max_bin": 0,
            "max_float32_ulp_error": 0,
            "max_row": 0,
            "max_total_variation": 0.0,
            "mean_abs_logp_error": 0.0,
            "p99_abs_logp_error": 0.0,
            "right_logp": -15.376859664916992
          },
          "repeat": {
            "left_logp": -15.376859664916992,
            "max_abs_logp_error": 0.0,
            "max_abs_probability_error": 0.0,
            "max_bin": 0,
            "max_float32_ulp_error": 0,
            "max_row": 0,
            "max_total_variation": 0.0,
            "mean_abs_logp_error": 0.0,
            "p99_abs_logp_error": 0.0,
            "right_logp": -15.376859664916992
          },
          "reverse": {
            "left_logp": -15.376859664916992,
            "max_abs_logp_error": 0.0,
            "max_abs_probability_error": 0.0,
            "max_bin": 0,
            "max_float32_ulp_error": 0,
            "max_row": 0,
            "max_total_variation": 0.0,
            "mean_abs_logp_error": 0.0,
            "p99_abs_logp_error": 0.0,
            "right_logp": -15.376859664916992
          },
          "rows": 356,
          "same_shape_block_permutation": {
            "left_logp": -15.376859664916992,
            "max_abs_logp_error": 0.0,
            "max_abs_probability_error": 0.0,
            "max_bin": 0,
            "max_float32_ulp_error": 0,
            "max_row": 0,
            "max_total_variation": 0.0,
            "mean_abs_logp_error": 0.0,
            "p99_abs_logp_error": 0.0,
            "right_logp": -15.376859664916992
          }
        },
        {
          "bank_index": 1,
          "batch_8": {
            "left_logp": -19.65387725830078,
            "max_abs_logp_error": 9.5367431640625e-06,
            "max_abs_probability_error": 2.0213784032718785e-07,
            "max_bin": 15,
            "max_float32_ulp_error": 14,
            "max_row": 230,
            "max_total_variation": 5.547257693619914e-07,
            "mean_abs_logp_error": 1.0984633745772115e-06,
            "p99_abs_logp_error": 4.76837158203125e-06,
            "right_logp": -19.653886795043945
          },
          "context_roll_contiguous": {
            "left_logp": -14.269919395446777,
            "max_abs_logp_error": 6.67572021484375e-06,
            "max_abs_probability_error": 1.513315046053343e-07,
            "max_bin": 95,
            "max_float32_ulp_error": 10,
            "max_row": 56,
            "max_total_variation": 5.886252724848276e-07,
            "mean_abs_logp_error": 7.966428660274892e-07,
            "p99_abs_logp_error": 3.814697265625e-06,
            "right_logp": -14.269912719726562
          },
          "context_roll_view": {
            "left_logp": -14.269919395446777,
            "max_abs_logp_error": 6.67572021484375e-06,
            "max_abs_probability_error": 1.513315046053343e-07,
            "max_bin": 95,
            "max_float32_ulp_error": 10,
            "max_row": 56,
            "max_total_variation": 5.886252724848276e-07,
            "mean_abs_logp_error": 7.966428660274892e-07,
            "p99_abs_logp_error": 3.814697265625e-06,
            "right_logp": -14.269912719726562
          },
          "draw_index": 2,
          "random_permutation_1": {
            "left_logp": -20.540353775024414,
            "max_abs_logp_error": 0.0,
            "max_abs_probability_error": 0.0,
            "max_bin": 0,
            "max_float32_ulp_error": 0,
            "max_row": 0,
            "max_total_variation": 0.0,
            "mean_abs_logp_error": 0.0,
            "p99_abs_logp_error": 0.0,
            "right_logp": -20.540353775024414
          },
          "random_permutation_2": {
            "left_logp": -20.540353775024414,
            "max_abs_logp_error": 0.0,
            "max_abs_probability_error": 0.0,
            "max_bin": 0,
            "max_float32_ulp_error": 0,
            "max_row": 0,
            "max_total_variation": 0.0,
            "mean_abs_logp_error": 0.0,
            "p99_abs_logp_error": 0.0,
            "right_logp": -20.540353775024414
          },
          "repeat": {
            "left_logp": -20.540353775024414,
            "max_abs_logp_error": 0.0,
            "max_abs_probability_error": 0.0,
            "max_bin": 0,
            "max_float32_ulp_error": 0,
            "max_row": 0,
            "max_total_variation": 0.0,
            "mean_abs_logp_error": 0.0,
            "p99_abs_logp_error": 0.0,
            "right_logp": -20.540353775024414
          },
          "reverse": {
            "left_logp": -20.540353775024414,
            "max_abs_logp_error": 0.0,
            "max_abs_probability_error": 0.0,
            "max_bin": 0,
            "max_float32_ulp_error": 0,
            "max_row": 0,
            "max_total_variation": 0.0,
            "mean_abs_logp_error": 0.0,
            "p99_abs_logp_error": 0.0,
            "right_logp": -20.540353775024414
          },
          "rows": 356,
          "same_shape_block_permutation": {
            "left_logp": -20.540353775024414,
            "max_abs_logp_error": 0.0,
            "max_abs_probability_error": 0.0,
            "max_bin": 0,
            "max_float32_ulp_error": 0,
            "max_row": 0,
            "max_total_variation": 0.0,
            "mean_abs_logp_error": 0.0,
            "p99_abs_logp_error": 0.0,
            "right_logp": -20.540353775024414
          }
        },
        {
          "bank_index": 2,
          "batch_8": {
            "left_logp": -22.367156982421875,
            "max_abs_logp_error": 1.1444091796875e-05,
            "max_abs_probability_error": 2.585345531269656e-07,
            "max_bin": 1,
            "max_float32_ulp_error": 18,
            "max_row": 354,
            "max_total_variation": 1.326740515672457e-06,
            "mean_abs_logp_error": 1.1041231558356486e-06,
            "p99_abs_logp_error": 4.76837158203125e-06,
            "right_logp": -22.367145538330078
          },
          "context_roll_contiguous": {
            "left_logp": -17.722877502441406,
            "max_abs_logp_error": 7.62939453125e-06,
            "max_abs_probability_error": 1.60805990107038e-07,
            "max_bin": 30,
            "max_float32_ulp_error": 9,
            "max_row": 155,
            "max_total_variation": 5.63333019197854e-07,
            "mean_abs_logp_error": 8.550395428294867e-07,
            "p99_abs_logp_error": 3.814697265625e-06,
            "right_logp": -17.722869873046875
          },
          "context_roll_view": {
            "left_logp": -17.722877502441406,
            "max_abs_logp_error": 7.62939453125e-06,
            "max_abs_probability_error": 1.60805990107038e-07,
            "max_bin": 30,
            "max_float32_ulp_error": 9,
            "max_row": 155,
            "max_total_variation": 5.63333019197854e-07,
            "mean_abs_logp_error": 8.550395428294867e-07,
            "p99_abs_logp_error": 3.814697265625e-06,
            "right_logp": -17.722869873046875
          },
          "draw_index": 2,
          "random_permutation_1": {
            "left_logp": -13.2825927734375,
            "max_abs_logp_error": 0.0,
            "max_abs_probability_error": 0.0,
            "max_bin": 0,
            "max_float32_ulp_error": 0,
            "max_row": 0,
            "max_total_variation": 0.0,
            "mean_abs_logp_error": 0.0,
            "p99_abs_logp_error": 0.0,
            "right_logp": -13.2825927734375
          },
          "random_permutation_2": {
            "left_logp": -13.2825927734375,
            "max_abs_logp_error": 0.0,
            "max_abs_probability_error": 0.0,
            "max_bin": 0,
            "max_float32_ulp_error": 0,
            "max_row": 0,
            "max_total_variation": 0.0,
            "mean_abs_logp_error": 0.0,
            "p99_abs_logp_error": 0.0,
            "right_logp": -13.2825927734375
          },
          "repeat": {
            "left_logp": -13.2825927734375,
            "max_abs_logp_error": 0.0,
            "max_abs_probability_error": 0.0,
            "max_bin": 0,
            "max_float32_ulp_error": 0,
            "max_row": 0,
            "max_total_variation": 0.0,
            "mean_abs_logp_error": 0.0,
            "p99_abs_logp_error": 0.0,
            "right_logp": -13.2825927734375
          },
          "reverse": {
            "left_logp": -13.2825927734375,
            "max_abs_logp_error": 0.0,
            "max_abs_probability_error": 0.0,
            "max_bin": 0,
            "max_float32_ulp_error": 0,
            "max_row": 0,
            "max_total_variation": 0.0,
            "mean_abs_logp_error": 0.0,
            "p99_abs_logp_error": 0.0,
            "right_logp": -13.2825927734375
          },
          "rows": 355,
          "same_shape_block_permutation": {
            "left_logp": -13.2825927734375,
            "max_abs_logp_error": 0.0,
            "max_abs_probability_error": 0.0,
            "max_bin": 0,
            "max_float32_ulp_error": 0,
            "max_row": 0,
            "max_total_variation": 0.0,
            "mean_abs_logp_error": 0.0,
            "p99_abs_logp_error": 0.0,
            "right_logp": -13.2825927734375
          }
        }
      ],
      "prior": "C",
      "remainder_35": {
        "left_logp": -13.337987899780273,
        "max_abs_logp_error": 0.0,
        "max_abs_probability_error": 0.0,
        "max_bin": 0,
        "max_float32_ulp_error": 0,
        "max_row": 0,
        "max_total_variation": 0.0,
        "mean_abs_logp_error": 0.0,
        "p99_abs_logp_error": 0.0,
        "right_logp": -13.337987899780273
      },
      "remainder_36": {
        "left_logp": -13.337987899780273,
        "max_abs_logp_error": 0.0,
        "max_abs_probability_error": 0.0,
        "max_bin": 0,
        "max_float32_ulp_error": 0,
        "max_row": 0,
        "max_total_variation": 0.0,
        "mean_abs_logp_error": 0.0,
        "p99_abs_logp_error": 0.0,
        "right_logp": -13.337987899780273
      },
      "remainder_43": {
        "left_logp": -13.337987899780273,
        "max_abs_logp_error": 0.0,
        "max_abs_probability_error": 0.0,
        "max_bin": 0,
        "max_float32_ulp_error": 0,
        "max_row": 0,
        "max_total_variation": 0.0,
        "mean_abs_logp_error": 0.0,
        "p99_abs_logp_error": 0.0,
        "right_logp": -13.337987899780273
      },
      "repeat": {
        "left_logp": -13.337987899780273,
        "max_abs_logp_error": 0.0,
        "max_abs_probability_error": 0.0,
        "max_bin": 0,
        "max_float32_ulp_error": 0,
        "max_row": 0,
        "max_total_variation": 0.0,
        "mean_abs_logp_error": 0.0,
        "p99_abs_logp_error": 0.0,
        "right_logp": -13.337987899780273
      },
      "reverse_batch": {
        "left_logp": -18.247404098510742,
        "max_abs_logp_error": 7.62939453125e-06,
        "max_abs_probability_error": 1.3290393777176668e-07,
        "max_bin": 0,
        "max_float32_ulp_error": 8,
        "max_row": 2,
        "max_total_variation": 3.5962427271809756e-07,
        "mean_abs_logp_error": 2.5398201412624783e-07,
        "p99_abs_logp_error": 3.814697265625e-06,
        "right_logp": -18.24739646911621
      },
      "rows": 72,
      "same_shape_block_permutation": {
        "left_logp": -13.337987899780273,
        "max_abs_logp_error": 0.0,
        "max_abs_probability_error": 0.0,
        "max_bin": 0,
        "max_float32_ulp_error": 0,
        "max_row": 0,
        "max_total_variation": 0.0,
        "mean_abs_logp_error": 0.0,
        "p99_abs_logp_error": 0.0,
        "right_logp": -13.337987899780273
      },
      "seed": 0,
      "singleton": {
        "left_logp": -15.795641899108887,
        "max_abs_logp_error": 6.67572021484375e-06,
        "max_abs_probability_error": 1.814985496617627e-07,
        "max_bin": 29,
        "max_float32_ulp_error": 10,
        "max_row": 24,
        "max_total_variation": 4.834330076509577e-07,
        "mean_abs_logp_error": 1.0016229417588977e-06,
        "p99_abs_logp_error": 3.814697265625e-06,
        "right_logp": -15.795648574829102
      },
      "step": 60000
    },
    {
      "batch_8": {
        "left_logp": -17.61742401123047,
        "max_abs_logp_error": 9.5367431640625e-06,
        "max_abs_probability_error": 2.7614873809866936e-07,
        "max_bin": 17,
        "max_float32_ulp_error": 12,
        "max_row": 6,
        "max_total_variation": 3.157948356180071e-07,
        "mean_abs_logp_error": 1.2572275267706976e-06,
        "p99_abs_logp_error": 5.7220458984375e-06,
        "right_logp": -17.617414474487305
      },
      "checkpoint_sha256": "9a837e6db72e0f6b778cba5c9e0547a284a7623f1a4e76a7052ce3d275802c88",
      "context_roll": {
        "left_logp": -20.661767959594727,
        "max_abs_logp_error": 7.62939453125e-06,
        "max_abs_probability_error": 1.528959837071575e-07,
        "max_bin": 5,
        "max_float32_ulp_error": 8,
        "max_row": 62,
        "max_total_variation": 3.7679546862296246e-07,
        "mean_abs_logp_error": 9.788903925153945e-07,
        "p99_abs_logp_error": 4.76837158203125e-06,
        "right_logp": -20.661760330200195
      },
      "fixed_shape_companion_replacement": {
        "left_logp": -12.932601928710938,
        "max_abs_logp_error": 0.0,
        "max_abs_probability_error": 0.0,
        "max_bin": 0,
        "max_float32_ulp_error": 0,
        "max_row": 0,
        "max_total_variation": 0.0,
        "mean_abs_logp_error": 0.0,
        "p99_abs_logp_error": 0.0,
        "right_logp": -12.932601928710938
      },
      "fixed_shape_focal_relocation": {
        "left_logp": -12.932601928710938,
        "max_abs_logp_error": 0.0,
        "max_abs_probability_error": 0.0,
        "max_bin": 0,
        "max_float32_ulp_error": 0,
        "max_row": 0,
        "max_total_variation": 0.0,
        "mean_abs_logp_error": 0.0,
        "p99_abs_logp_error": 0.0,
        "right_logp": -12.932601928710938
      },
      "full_panel_rows": 3201,
      "full_panel_shards": [
        {
          "bank_index": 0,
          "batch_8": {
            "left_logp": -21.051753997802734,
            "max_abs_logp_error": 1.1444091796875e-05,
            "max_abs_probability_error": 2.164219342626339e-07,
            "max_bin": 10,
            "max_float32_ulp_error": 15,
            "max_row": 243,
            "max_total_variation": 7.052326505977903e-07,
            "mean_abs_logp_error": 1.2841921174124386e-06,
            "p99_abs_logp_error": 5.7220458984375e-06,
            "right_logp": -21.05176544189453
          },
          "context_roll_contiguous": {
            "left_logp": -14.394582748413086,
            "max_abs_logp_error": 7.62939453125e-06,
            "max_abs_probability_error": 2.1398348440393455e-07,
            "max_bin": 99,
            "max_float32_ulp_error": 9,
            "max_row": 150,
            "max_total_variation": 3.9001156855927606e-07,
            "mean_abs_logp_error": 9.183267529091138e-07,
            "p99_abs_logp_error": 3.814697265625e-06,
            "right_logp": -14.394575119018555
          },
          "context_roll_view": {
            "left_logp": -14.394582748413086,
            "max_abs_logp_error": 7.62939453125e-06,
            "max_abs_probability_error": 2.1398348440393455e-07,
            "max_bin": 99,
            "max_float32_ulp_error": 9,
            "max_row": 150,
            "max_total_variation": 3.9001156855927606e-07,
            "mean_abs_logp_error": 9.183267529091138e-07,
            "p99_abs_logp_error": 3.814697265625e-06,
            "right_logp": -14.394575119018555
          },
          "draw_index": 0,
          "random_permutation_1": {
            "left_logp": -12.932601928710938,
            "max_abs_logp_error": 0.0,
            "max_abs_probability_error": 0.0,
            "max_bin": 0,
            "max_float32_ulp_error": 0,
            "max_row": 0,
            "max_total_variation": 0.0,
            "mean_abs_logp_error": 0.0,
            "p99_abs_logp_error": 0.0,
            "right_logp": -12.932601928710938
          },
          "random_permutation_2": {
            "left_logp": -12.932601928710938,
            "max_abs_logp_error": 0.0,
            "max_abs_probability_error": 0.0,
            "max_bin": 0,
            "max_float32_ulp_error": 0,
            "max_row": 0,
            "max_total_variation": 0.0,
            "mean_abs_logp_error": 0.0,
            "p99_abs_logp_error": 0.0,
            "right_logp": -12.932601928710938
          },
          "repeat": {
            "left_logp": -12.932601928710938,
            "max_abs_logp_error": 0.0,
            "max_abs_probability_error": 0.0,
            "max_bin": 0,
            "max_float32_ulp_error": 0,
            "max_row": 0,
            "max_total_variation": 0.0,
            "mean_abs_logp_error": 0.0,
            "p99_abs_logp_error": 0.0,
            "right_logp": -12.932601928710938
          },
          "reverse": {
            "left_logp": -12.932601928710938,
            "max_abs_logp_error": 0.0,
            "max_abs_probability_error": 0.0,
            "max_bin": 0,
            "max_float32_ulp_error": 0,
            "max_row": 0,
            "max_total_variation": 0.0,
            "mean_abs_logp_error": 0.0,
            "p99_abs_logp_error": 0.0,
            "right_logp": -12.932601928710938
          },
          "rows": 356,
          "same_shape_block_permutation": {
            "left_logp": -12.932601928710938,
            "max_abs_logp_error": 0.0,
            "max_abs_probability_error": 0.0,
            "max_bin": 0,
            "max_float32_ulp_error": 0,
            "max_row": 0,
            "max_total_variation": 0.0,
            "mean_abs_logp_error": 0.0,
            "p99_abs_logp_error": 0.0,
            "right_logp": -12.932601928710938
          }
        },
        {
          "bank_index": 1,
          "batch_8": {
            "left_logp": -21.576356887817383,
            "max_abs_logp_error": 1.33514404296875e-05,
            "max_abs_probability_error": 2.1815284326209827e-07,
            "max_bin": 12,
            "max_float32_ulp_error": 18,
            "max_row": 39,
            "max_total_variation": 6.354814244044578e-07,
            "mean_abs_logp_error": 1.2979112314374259e-06,
            "p99_abs_logp_error": 5.7220458984375e-06,
            "right_logp": -21.576370239257812
          },
          "context_roll_contiguous": {
            "left_logp": -21.834653854370117,
            "max_abs_logp_error": 9.5367431640625e-06,
            "max_abs_probability_error": 2.0720633733817273e-07,
            "max_bin": 0,
            "max_float32_ulp_error": 10,
            "max_row": 33,
            "max_total_variation": 5.014856619466397e-07,
            "mean_abs_logp_error": 9.659267543406968e-07,
            "p99_abs_logp_error": 3.814697265625e-06,
            "right_logp": -21.834644317626953
          },
          "context_roll_view": {
            "left_logp": -21.834653854370117,
            "max_abs_logp_error": 9.5367431640625e-06,
            "max_abs_probability_error": 2.0720633733817273e-07,
            "max_bin": 0,
            "max_float32_ulp_error": 10,
            "max_row": 33,
            "max_total_variation": 5.014856619466397e-07,
            "mean_abs_logp_error": 9.659267543406968e-07,
            "p99_abs_logp_error": 3.814697265625e-06,
            "right_logp": -21.834644317626953
          },
          "draw_index": 0,
          "random_permutation_1": {
            "left_logp": -17.01691246032715,
            "max_abs_logp_error": 0.0,
            "max_abs_probability_error": 0.0,
            "max_bin": 0,
            "max_float32_ulp_error": 0,
            "max_row": 0,
            "max_total_variation": 0.0,
            "mean_abs_logp_error": 0.0,
            "p99_abs_logp_error": 0.0,
            "right_logp": -17.01691246032715
          },
          "random_permutation_2": {
            "left_logp": -17.01691246032715,
            "max_abs_logp_error": 0.0,
            "max_abs_probability_error": 0.0,
            "max_bin": 0,
            "max_float32_ulp_error": 0,
            "max_row": 0,
            "max_total_variation": 0.0,
            "mean_abs_logp_error": 0.0,
            "p99_abs_logp_error": 0.0,
            "right_logp": -17.01691246032715
          },
          "repeat": {
            "left_logp": -17.01691246032715,
            "max_abs_logp_error": 0.0,
            "max_abs_probability_error": 0.0,
            "max_bin": 0,
            "max_float32_ulp_error": 0,
            "max_row": 0,
            "max_total_variation": 0.0,
            "mean_abs_logp_error": 0.0,
            "p99_abs_logp_error": 0.0,
            "right_logp": -17.01691246032715
          },
          "reverse": {
            "left_logp": -17.01691246032715,
            "max_abs_logp_error": 0.0,
            "max_abs_probability_error": 0.0,
            "max_bin": 0,
            "max_float32_ulp_error": 0,
            "max_row": 0,
            "max_total_variation": 0.0,
            "mean_abs_logp_error": 0.0,
            "p99_abs_logp_error": 0.0,
            "right_logp": -17.01691246032715
          },
          "rows": 356,
          "same_shape_block_permutation": {
            "left_logp": -17.01691246032715,
            "max_abs_logp_error": 0.0,
            "max_abs_probability_error": 0.0,
            "max_bin": 0,
            "max_float32_ulp_error": 0,
            "max_row": 0,
            "max_total_variation": 0.0,
            "mean_abs_logp_error": 0.0,
            "p99_abs_logp_error": 0.0,
            "right_logp": -17.01691246032715
          }
        },
        {
          "bank_index": 2,
          "batch_8": {
            "left_logp": -16.773372650146484,
            "max_abs_logp_error": 1.1444091796875e-05,
            "max_abs_probability_error": 2.616850391379266e-07,
            "max_bin": 93,
            "max_float32_ulp_error": 17,
            "max_row": 102,
            "max_total_variation": 6.998367573004446e-07,
            "mean_abs_logp_error": 1.3133841501155369e-06,
            "p99_abs_logp_error": 5.7220458984375e-06,
            "right_logp": -16.773361206054688
          },
          "context_roll_contiguous": {
            "left_logp": -9.052623748779297,
            "max_abs_logp_error": 1.239776611328125e-05,
            "max_abs_probability_error": 2.0794861169126655e-07,
            "max_bin": 0,
            "max_float32_ulp_error": 22,
            "max_row": 235,
            "max_total_variation": 9.077932729430932e-07,
            "mean_abs_logp_error": 1.0027280995543574e-06,
            "p99_abs_logp_error": 3.814697265625e-06,
            "right_logp": -9.05263614654541
          },
          "context_roll_view": {
            "left_logp": -9.052623748779297,
            "max_abs_logp_error": 1.239776611328125e-05,
            "max_abs_probability_error": 2.0794861169126655e-07,
            "max_bin": 0,
            "max_float32_ulp_error": 22,
            "max_row": 235,
            "max_total_variation": 9.077932729430932e-07,
            "mean_abs_logp_error": 1.0027280995543574e-06,
            "p99_abs_logp_error": 3.814697265625e-06,
            "right_logp": -9.05263614654541
          },
          "draw_index": 0,
          "random_permutation_1": {
            "left_logp": -14.497697830200195,
            "max_abs_logp_error": 0.0,
            "max_abs_probability_error": 0.0,
            "max_bin": 0,
            "max_float32_ulp_error": 0,
            "max_row": 0,
            "max_total_variation": 0.0,
            "mean_abs_logp_error": 0.0,
            "p99_abs_logp_error": 0.0,
            "right_logp": -14.497697830200195
          },
          "random_permutation_2": {
            "left_logp": -14.497697830200195,
            "max_abs_logp_error": 0.0,
            "max_abs_probability_error": 0.0,
            "max_bin": 0,
            "max_float32_ulp_error": 0,
            "max_row": 0,
            "max_total_variation": 0.0,
            "mean_abs_logp_error": 0.0,
            "p99_abs_logp_error": 0.0,
            "right_logp": -14.497697830200195
          },
          "repeat": {
            "left_logp": -14.497697830200195,
            "max_abs_logp_error": 0.0,
            "max_abs_probability_error": 0.0,
            "max_bin": 0,
            "max_float32_ulp_error": 0,
            "max_row": 0,
            "max_total_variation": 0.0,
            "mean_abs_logp_error": 0.0,
            "p99_abs_logp_error": 0.0,
            "right_logp": -14.497697830200195
          },
          "reverse": {
            "left_logp": -14.497697830200195,
            "max_abs_logp_error": 0.0,
            "max_abs_probability_error": 0.0,
            "max_bin": 0,
            "max_float32_ulp_error": 0,
            "max_row": 0,
            "max_total_variation": 0.0,
            "mean_abs_logp_error": 0.0,
            "p99_abs_logp_error": 0.0,
            "right_logp": -14.497697830200195
          },
          "rows": 355,
          "same_shape_block_permutation": {
            "left_logp": -14.497697830200195,
            "max_abs_logp_error": 0.0,
            "max_abs_probability_error": 0.0,
            "max_bin": 0,
            "max_float32_ulp_error": 0,
            "max_row": 0,
            "max_total_variation": 0.0,
            "mean_abs_logp_error": 0.0,
            "p99_abs_logp_error": 0.0,
            "right_logp": -14.497697830200195
          }
        },
        {
          "bank_index": 0,
          "batch_8": {
            "left_logp": -19.894222259521484,
            "max_abs_logp_error": 1.1444091796875e-05,
            "max_abs_probability_error": 5.024417268906234e-07,
            "max_bin": 94,
            "max_float32_ulp_error": 16,
            "max_row": 124,
            "max_total_variation": 6.97446854066125e-07,
            "mean_abs_logp_error": 1.2933605172660914e-06,
            "p99_abs_logp_error": 5.7220458984375e-06,
            "right_logp": -19.89423370361328
          },
          "context_roll_contiguous": {
            "left_logp": -11.329551696777344,
            "max_abs_logp_error": 1.33514404296875e-05,
            "max_abs_probability_error": 1.9902212747280323e-07,
            "max_bin": 0,
            "max_float32_ulp_error": 19,
            "max_row": 291,
            "max_total_variation": 8.647166098179791e-07,
            "mean_abs_logp_error": 1.0037489151686766e-06,
            "p99_abs_logp_error": 5.7220458984375e-06,
            "right_logp": -11.329538345336914
          },
          "context_roll_view": {
            "left_logp": -11.329551696777344,
            "max_abs_logp_error": 1.33514404296875e-05,
            "max_abs_probability_error": 1.9902212747280323e-07,
            "max_bin": 0,
            "max_float32_ulp_error": 19,
            "max_row": 291,
            "max_total_variation": 8.647166098179791e-07,
            "mean_abs_logp_error": 1.0037489151686766e-06,
            "p99_abs_logp_error": 5.7220458984375e-06,
            "right_logp": -11.329538345336914
          },
          "draw_index": 1,
          "random_permutation_1": {
            "left_logp": -26.177457809448242,
            "max_abs_logp_error": 0.0,
            "max_abs_probability_error": 0.0,
            "max_bin": 0,
            "max_float32_ulp_error": 0,
            "max_row": 0,
            "max_total_variation": 0.0,
            "mean_abs_logp_error": 0.0,
            "p99_abs_logp_error": 0.0,
            "right_logp": -26.177457809448242
          },
          "random_permutation_2": {
            "left_logp": -26.177457809448242,
            "max_abs_logp_error": 0.0,
            "max_abs_probability_error": 0.0,
            "max_bin": 0,
            "max_float32_ulp_error": 0,
            "max_row": 0,
            "max_total_variation": 0.0,
            "mean_abs_logp_error": 0.0,
            "p99_abs_logp_error": 0.0,
            "right_logp": -26.177457809448242
          },
          "repeat": {
            "left_logp": -26.177457809448242,
            "max_abs_logp_error": 0.0,
            "max_abs_probability_error": 0.0,
            "max_bin": 0,
            "max_float32_ulp_error": 0,
            "max_row": 0,
            "max_total_variation": 0.0,
            "mean_abs_logp_error": 0.0,
            "p99_abs_logp_error": 0.0,
            "right_logp": -26.177457809448242
          },
          "reverse": {
            "left_logp": -26.177457809448242,
            "max_abs_logp_error": 0.0,
            "max_abs_probability_error": 0.0,
            "max_bin": 0,
            "max_float32_ulp_error": 0,
            "max_row": 0,
            "max_total_variation": 0.0,
            "mean_abs_logp_error": 0.0,
            "p99_abs_logp_error": 0.0,
            "right_logp": -26.177457809448242
          },
          "rows": 356,
          "same_shape_block_permutation": {
            "left_logp": -26.177457809448242,
            "max_abs_logp_error": 0.0,
            "max_abs_probability_error": 0.0,
            "max_bin": 0,
            "max_float32_ulp_error": 0,
            "max_row": 0,
            "max_total_variation": 0.0,
            "mean_abs_logp_error": 0.0,
            "p99_abs_logp_error": 0.0,
            "right_logp": -26.177457809448242
          }
        },
        {
          "bank_index": 1,
          "batch_8": {
            "left_logp": -24.036272048950195,
            "max_abs_logp_error": 9.5367431640625e-06,
            "max_abs_probability_error": 3.0141437384889613e-07,
            "max_bin": 1,
            "max_float32_ulp_error": 16,
            "max_row": 62,
            "max_total_variation": 9.013105819887148e-07,
            "mean_abs_logp_error": 1.2526016556814815e-06,
            "p99_abs_logp_error": 5.7220458984375e-06,
            "right_logp": -24.03628158569336
          },
          "context_roll_contiguous": {
            "left_logp": -18.52387237548828,
            "max_abs_logp_error": 7.62939453125e-06,
            "max_abs_probability_error": 1.926361337667437e-07,
            "max_bin": 7,
            "max_float32_ulp_error": 12,
            "max_row": 150,
            "max_total_variation": 5.100649730018958e-07,
            "mean_abs_logp_error": 9.291259090552169e-07,
            "p99_abs_logp_error": 3.814697265625e-06,
            "right_logp": -18.52386474609375
          },
          "context_roll_view": {
            "left_logp": -18.52387237548828,
            "max_abs_logp_error": 7.62939453125e-06,
            "max_abs_probability_error": 1.926361337667437e-07,
            "max_bin": 7,
            "max_float32_ulp_error": 12,
            "max_row": 150,
            "max_total_variation": 5.100649730018958e-07,
            "mean_abs_logp_error": 9.291259090552169e-07,
            "p99_abs_logp_error": 3.814697265625e-06,
            "right_logp": -18.52386474609375
          },
          "draw_index": 1,
          "random_permutation_1": {
            "left_logp": -15.925918579101562,
            "max_abs_logp_error": 0.0,
            "max_abs_probability_error": 0.0,
            "max_bin": 0,
            "max_float32_ulp_error": 0,
            "max_row": 0,
            "max_total_variation": 0.0,
            "mean_abs_logp_error": 0.0,
            "p99_abs_logp_error": 0.0,
            "right_logp": -15.925918579101562
          },
          "random_permutation_2": {
            "left_logp": -15.925918579101562,
            "max_abs_logp_error": 0.0,
            "max_abs_probability_error": 0.0,
            "max_bin": 0,
            "max_float32_ulp_error": 0,
            "max_row": 0,
            "max_total_variation": 0.0,
            "mean_abs_logp_error": 0.0,
            "p99_abs_logp_error": 0.0,
            "right_logp": -15.925918579101562
          },
          "repeat": {
            "left_logp": -15.925918579101562,
            "max_abs_logp_error": 0.0,
            "max_abs_probability_error": 0.0,
            "max_bin": 0,
            "max_float32_ulp_error": 0,
            "max_row": 0,
            "max_total_variation": 0.0,
            "mean_abs_logp_error": 0.0,
            "p99_abs_logp_error": 0.0,
            "right_logp": -15.925918579101562
          },
          "reverse": {
            "left_logp": -15.925918579101562,
            "max_abs_logp_error": 0.0,
            "max_abs_probability_error": 0.0,
            "max_bin": 0,
            "max_float32_ulp_error": 0,
            "max_row": 0,
            "max_total_variation": 0.0,
            "mean_abs_logp_error": 0.0,
            "p99_abs_logp_error": 0.0,
            "right_logp": -15.925918579101562
          },
          "rows": 356,
          "same_shape_block_permutation": {
            "left_logp": -15.925918579101562,
            "max_abs_logp_error": 0.0,
            "max_abs_probability_error": 0.0,
            "max_bin": 0,
            "max_float32_ulp_error": 0,
            "max_row": 0,
            "max_total_variation": 0.0,
            "mean_abs_logp_error": 0.0,
            "p99_abs_logp_error": 0.0,
            "right_logp": -15.925918579101562
          }
        },
        {
          "bank_index": 2,
          "batch_8": {
            "left_logp": -19.818920135498047,
            "max_abs_logp_error": 1.1444091796875e-05,
            "max_abs_probability_error": 2.8866813031602767e-07,
            "max_bin": 21,
            "max_float32_ulp_error": 14,
            "max_row": 40,
            "max_total_variation": 5.514007848949865e-07,
            "mean_abs_logp_error": 1.2650321906721088e-06,
            "p99_abs_logp_error": 5.7220458984375e-06,
            "right_logp": -19.81890869140625
          },
          "context_roll_contiguous": {
            "left_logp": -20.465133666992188,
            "max_abs_logp_error": 9.5367431640625e-06,
            "max_abs_probability_error": 2.1650105902493166e-07,
            "max_bin": 17,
            "max_float32_ulp_error": 11,
            "max_row": 213,
            "max_total_variation": 3.9345895763675417e-07,
            "mean_abs_logp_error": 9.7492043401154e-07,
            "p99_abs_logp_error": 3.814697265625e-06,
            "right_logp": -20.46514320373535
          },
          "context_roll_view": {
            "left_logp": -20.465133666992188,
            "max_abs_logp_error": 9.5367431640625e-06,
            "max_abs_probability_error": 2.1650105902493166e-07,
            "max_bin": 17,
            "max_float32_ulp_error": 11,
            "max_row": 213,
            "max_total_variation": 3.9345895763675417e-07,
            "mean_abs_logp_error": 9.7492043401154e-07,
            "p99_abs_logp_error": 3.814697265625e-06,
            "right_logp": -20.46514320373535
          },
          "draw_index": 1,
          "random_permutation_1": {
            "left_logp": -19.157508850097656,
            "max_abs_logp_error": 0.0,
            "max_abs_probability_error": 0.0,
            "max_bin": 0,
            "max_float32_ulp_error": 0,
            "max_row": 0,
            "max_total_variation": 0.0,
            "mean_abs_logp_error": 0.0,
            "p99_abs_logp_error": 0.0,
            "right_logp": -19.157508850097656
          },
          "random_permutation_2": {
            "left_logp": -19.157508850097656,
            "max_abs_logp_error": 0.0,
            "max_abs_probability_error": 0.0,
            "max_bin": 0,
            "max_float32_ulp_error": 0,
            "max_row": 0,
            "max_total_variation": 0.0,
            "mean_abs_logp_error": 0.0,
            "p99_abs_logp_error": 0.0,
            "right_logp": -19.157508850097656
          },
          "repeat": {
            "left_logp": -19.157508850097656,
            "max_abs_logp_error": 0.0,
            "max_abs_probability_error": 0.0,
            "max_bin": 0,
            "max_float32_ulp_error": 0,
            "max_row": 0,
            "max_total_variation": 0.0,
            "mean_abs_logp_error": 0.0,
            "p99_abs_logp_error": 0.0,
            "right_logp": -19.157508850097656
          },
          "reverse": {
            "left_logp": -19.157508850097656,
            "max_abs_logp_error": 0.0,
            "max_abs_probability_error": 0.0,
            "max_bin": 0,
            "max_float32_ulp_error": 0,
            "max_row": 0,
            "max_total_variation": 0.0,
            "mean_abs_logp_error": 0.0,
            "p99_abs_logp_error": 0.0,
            "right_logp": -19.157508850097656
          },
          "rows": 355,
          "same_shape_block_permutation": {
            "left_logp": -19.157508850097656,
            "max_abs_logp_error": 0.0,
            "max_abs_probability_error": 0.0,
            "max_bin": 0,
            "max_float32_ulp_error": 0,
            "max_row": 0,
            "max_total_variation": 0.0,
            "mean_abs_logp_error": 0.0,
            "p99_abs_logp_error": 0.0,
            "right_logp": -19.157508850097656
          }
        },
        {
          "bank_index": 0,
          "batch_8": {
            "left_logp": -20.684858322143555,
            "max_abs_logp_error": 1.1444091796875e-05,
            "max_abs_probability_error": 2.491503866275391e-07,
            "max_bin": 17,
            "max_float32_ulp_error": 15,
            "max_row": 199,
            "max_total_variation": 7.239930450697441e-07,
            "mean_abs_logp_error": 1.2700443857171562e-06,
            "p99_abs_logp_error": 5.7220458984375e-06,
            "right_logp": -20.684846878051758
          },
          "context_roll_contiguous": {
            "left_logp": -19.517650604248047,
            "max_abs_logp_error": 7.62939453125e-06,
            "max_abs_probability_error": 1.8283220126757982e-07,
            "max_bin": 16,
            "max_float32_ulp_error": 14,
            "max_row": 33,
            "max_total_variation": 7.165500895674259e-07,
            "mean_abs_logp_error": 9.739265013276861e-07,
            "p99_abs_logp_error": 3.814697265625e-06,
            "right_logp": -19.517642974853516
          },
          "context_roll_view": {
            "left_logp": -19.517650604248047,
            "max_abs_logp_error": 7.62939453125e-06,
            "max_abs_probability_error": 1.8283220126757982e-07,
            "max_bin": 16,
            "max_float32_ulp_error": 14,
            "max_row": 33,
            "max_total_variation": 7.165500895674259e-07,
            "mean_abs_logp_error": 9.739265013276861e-07,
            "p99_abs_logp_error": 3.814697265625e-06,
            "right_logp": -19.517642974853516
          },
          "draw_index": 2,
          "random_permutation_1": {
            "left_logp": -15.651165008544922,
            "max_abs_logp_error": 0.0,
            "max_abs_probability_error": 0.0,
            "max_bin": 0,
            "max_float32_ulp_error": 0,
            "max_row": 0,
            "max_total_variation": 0.0,
            "mean_abs_logp_error": 0.0,
            "p99_abs_logp_error": 0.0,
            "right_logp": -15.651165008544922
          },
          "random_permutation_2": {
            "left_logp": -15.651165008544922,
            "max_abs_logp_error": 0.0,
            "max_abs_probability_error": 0.0,
            "max_bin": 0,
            "max_float32_ulp_error": 0,
            "max_row": 0,
            "max_total_variation": 0.0,
            "mean_abs_logp_error": 0.0,
            "p99_abs_logp_error": 0.0,
            "right_logp": -15.651165008544922
          },
          "repeat": {
            "left_logp": -15.651165008544922,
            "max_abs_logp_error": 0.0,
            "max_abs_probability_error": 0.0,
            "max_bin": 0,
            "max_float32_ulp_error": 0,
            "max_row": 0,
            "max_total_variation": 0.0,
            "mean_abs_logp_error": 0.0,
            "p99_abs_logp_error": 0.0,
            "right_logp": -15.651165008544922
          },
          "reverse": {
            "left_logp": -15.651165008544922,
            "max_abs_logp_error": 0.0,
            "max_abs_probability_error": 0.0,
            "max_bin": 0,
            "max_float32_ulp_error": 0,
            "max_row": 0,
            "max_total_variation": 0.0,
            "mean_abs_logp_error": 0.0,
            "p99_abs_logp_error": 0.0,
            "right_logp": -15.651165008544922
          },
          "rows": 356,
          "same_shape_block_permutation": {
            "left_logp": -15.651165008544922,
            "max_abs_logp_error": 0.0,
            "max_abs_probability_error": 0.0,
            "max_bin": 0,
            "max_float32_ulp_error": 0,
            "max_row": 0,
            "max_total_variation": 0.0,
            "mean_abs_logp_error": 0.0,
            "p99_abs_logp_error": 0.0,
            "right_logp": -15.651165008544922
          }
        },
        {
          "bank_index": 1,
          "batch_8": {
            "left_logp": -21.55069351196289,
            "max_abs_logp_error": 1.1444091796875e-05,
            "max_abs_probability_error": 2.6797182353655025e-07,
            "max_bin": 13,
            "max_float32_ulp_error": 15,
            "max_row": 96,
            "max_total_variation": 7.14921804354741e-07,
            "mean_abs_logp_error": 1.2662906325265262e-06,
            "p99_abs_logp_error": 5.7220458984375e-06,
            "right_logp": -21.550704956054688
          },
          "context_roll_contiguous": {
            "left_logp": -20.661767959594727,
            "max_abs_logp_error": 7.62939453125e-06,
            "max_abs_probability_error": 2.1567159869118058e-07,
            "max_bin": 5,
            "max_float32_ulp_error": 14,
            "max_row": 6,
            "max_total_variation": 7.016074524373544e-07,
            "mean_abs_logp_error": 9.445092651281464e-07,
            "p99_abs_logp_error": 3.814697265625e-06,
            "right_logp": -20.661760330200195
          },
          "context_roll_view": {
            "left_logp": -20.661767959594727,
            "max_abs_logp_error": 7.62939453125e-06,
            "max_abs_probability_error": 2.1567159869118058e-07,
            "max_bin": 5,
            "max_float32_ulp_error": 14,
            "max_row": 6,
            "max_total_variation": 7.016074524373544e-07,
            "mean_abs_logp_error": 9.445092651281464e-07,
            "p99_abs_logp_error": 3.814697265625e-06,
            "right_logp": -20.661760330200195
          },
          "draw_index": 2,
          "random_permutation_1": {
            "left_logp": -20.883323669433594,
            "max_abs_logp_error": 0.0,
            "max_abs_probability_error": 0.0,
            "max_bin": 0,
            "max_float32_ulp_error": 0,
            "max_row": 0,
            "max_total_variation": 0.0,
            "mean_abs_logp_error": 0.0,
            "p99_abs_logp_error": 0.0,
            "right_logp": -20.883323669433594
          },
          "random_permutation_2": {
            "left_logp": -20.883323669433594,
            "max_abs_logp_error": 0.0,
            "max_abs_probability_error": 0.0,
            "max_bin": 0,
            "max_float32_ulp_error": 0,
            "max_row": 0,
            "max_total_variation": 0.0,
            "mean_abs_logp_error": 0.0,
            "p99_abs_logp_error": 0.0,
            "right_logp": -20.883323669433594
          },
          "repeat": {
            "left_logp": -20.883323669433594,
            "max_abs_logp_error": 0.0,
            "max_abs_probability_error": 0.0,
            "max_bin": 0,
            "max_float32_ulp_error": 0,
            "max_row": 0,
            "max_total_variation": 0.0,
            "mean_abs_logp_error": 0.0,
            "p99_abs_logp_error": 0.0,
            "right_logp": -20.883323669433594
          },
          "reverse": {
            "left_logp": -20.883323669433594,
            "max_abs_logp_error": 0.0,
            "max_abs_probability_error": 0.0,
            "max_bin": 0,
            "max_float32_ulp_error": 0,
            "max_row": 0,
            "max_total_variation": 0.0,
            "mean_abs_logp_error": 0.0,
            "p99_abs_logp_error": 0.0,
            "right_logp": -20.883323669433594
          },
          "rows": 356,
          "same_shape_block_permutation": {
            "left_logp": -20.883323669433594,
            "max_abs_logp_error": 0.0,
            "max_abs_probability_error": 0.0,
            "max_bin": 0,
            "max_float32_ulp_error": 0,
            "max_row": 0,
            "max_total_variation": 0.0,
            "mean_abs_logp_error": 0.0,
            "p99_abs_logp_error": 0.0,
            "right_logp": -20.883323669433594
          }
        },
        {
          "bank_index": 2,
          "batch_8": {
            "left_logp": -22.32973861694336,
            "max_abs_logp_error": 1.33514404296875e-05,
            "max_abs_probability_error": 2.2275762340262517e-07,
            "max_bin": 99,
            "max_float32_ulp_error": 14,
            "max_row": 309,
            "max_total_variation": 7.763215507366017e-07,
            "mean_abs_logp_error": 1.2892635775284029e-06,
            "p99_abs_logp_error": 5.7220458984375e-06,
            "right_logp": -22.32972526550293
          },
          "context_roll_contiguous": {
            "left_logp": -22.65800666809082,
            "max_abs_logp_error": 9.5367431640625e-06,
            "max_abs_probability_error": 1.5523743046585992e-07,
            "max_bin": 0,
            "max_float32_ulp_error": 13,
            "max_row": 344,
            "max_total_variation": 3.985033815921103e-07,
            "mean_abs_logp_error": 9.189592280857999e-07,
            "p99_abs_logp_error": 3.814697265625e-06,
            "right_logp": -22.657997131347656
          },
          "context_roll_view": {
            "left_logp": -22.65800666809082,
            "max_abs_logp_error": 9.5367431640625e-06,
            "max_abs_probability_error": 1.5523743046585992e-07,
            "max_bin": 0,
            "max_float32_ulp_error": 13,
            "max_row": 344,
            "max_total_variation": 3.985033815921103e-07,
            "mean_abs_logp_error": 9.189592280857999e-07,
            "p99_abs_logp_error": 3.814697265625e-06,
            "right_logp": -22.657997131347656
          },
          "draw_index": 2,
          "random_permutation_1": {
            "left_logp": -12.58665657043457,
            "max_abs_logp_error": 0.0,
            "max_abs_probability_error": 0.0,
            "max_bin": 0,
            "max_float32_ulp_error": 0,
            "max_row": 0,
            "max_total_variation": 0.0,
            "mean_abs_logp_error": 0.0,
            "p99_abs_logp_error": 0.0,
            "right_logp": -12.58665657043457
          },
          "random_permutation_2": {
            "left_logp": -12.58665657043457,
            "max_abs_logp_error": 0.0,
            "max_abs_probability_error": 0.0,
            "max_bin": 0,
            "max_float32_ulp_error": 0,
            "max_row": 0,
            "max_total_variation": 0.0,
            "mean_abs_logp_error": 0.0,
            "p99_abs_logp_error": 0.0,
            "right_logp": -12.58665657043457
          },
          "repeat": {
            "left_logp": -12.58665657043457,
            "max_abs_logp_error": 0.0,
            "max_abs_probability_error": 0.0,
            "max_bin": 0,
            "max_float32_ulp_error": 0,
            "max_row": 0,
            "max_total_variation": 0.0,
            "mean_abs_logp_error": 0.0,
            "p99_abs_logp_error": 0.0,
            "right_logp": -12.58665657043457
          },
          "reverse": {
            "left_logp": -12.58665657043457,
            "max_abs_logp_error": 0.0,
            "max_abs_probability_error": 0.0,
            "max_bin": 0,
            "max_float32_ulp_error": 0,
            "max_row": 0,
            "max_total_variation": 0.0,
            "mean_abs_logp_error": 0.0,
            "p99_abs_logp_error": 0.0,
            "right_logp": -12.58665657043457
          },
          "rows": 355,
          "same_shape_block_permutation": {
            "left_logp": -12.58665657043457,
            "max_abs_logp_error": 0.0,
            "max_abs_probability_error": 0.0,
            "max_bin": 0,
            "max_float32_ulp_error": 0,
            "max_row": 0,
            "max_total_variation": 0.0,
            "mean_abs_logp_error": 0.0,
            "p99_abs_logp_error": 0.0,
            "right_logp": -12.58665657043457
          }
        }
      ],
      "prior": "C",
      "remainder_35": {
        "left_logp": -12.932601928710938,
        "max_abs_logp_error": 0.0,
        "max_abs_probability_error": 0.0,
        "max_bin": 0,
        "max_float32_ulp_error": 0,
        "max_row": 0,
        "max_total_variation": 0.0,
        "mean_abs_logp_error": 0.0,
        "p99_abs_logp_error": 0.0,
        "right_logp": -12.932601928710938
      },
      "remainder_36": {
        "left_logp": -12.932601928710938,
        "max_abs_logp_error": 0.0,
        "max_abs_probability_error": 0.0,
        "max_bin": 0,
        "max_float32_ulp_error": 0,
        "max_row": 0,
        "max_total_variation": 0.0,
        "mean_abs_logp_error": 0.0,
        "p99_abs_logp_error": 0.0,
        "right_logp": -12.932601928710938
      },
      "remainder_43": {
        "left_logp": -12.932601928710938,
        "max_abs_logp_error": 0.0,
        "max_abs_probability_error": 0.0,
        "max_bin": 0,
        "max_float32_ulp_error": 0,
        "max_row": 0,
        "max_total_variation": 0.0,
        "mean_abs_logp_error": 0.0,
        "p99_abs_logp_error": 0.0,
        "right_logp": -12.932601928710938
      },
      "repeat": {
        "left_logp": -12.932601928710938,
        "max_abs_logp_error": 0.0,
        "max_abs_probability_error": 0.0,
        "max_bin": 0,
        "max_float32_ulp_error": 0,
        "max_row": 0,
        "max_total_variation": 0.0,
        "mean_abs_logp_error": 0.0,
        "p99_abs_logp_error": 0.0,
        "right_logp": -12.932601928710938
      },
      "reverse_batch": {
        "left_logp": -17.61742401123047,
        "max_abs_logp_error": 9.5367431640625e-06,
        "max_abs_probability_error": 1.038906503880721e-07,
        "max_bin": 17,
        "max_float32_ulp_error": 10,
        "max_row": 6,
        "max_total_variation": 3.2381629923598186e-07,
        "mean_abs_logp_error": 2.736349900563558e-07,
        "p99_abs_logp_error": 3.814697265625e-06,
        "right_logp": -17.617414474487305
      },
      "rows": 72,
      "same_shape_block_permutation": {
        "left_logp": -12.932601928710938,
        "max_abs_logp_error": 0.0,
        "max_abs_probability_error": 0.0,
        "max_bin": 0,
        "max_float32_ulp_error": 0,
        "max_row": 0,
        "max_total_variation": 0.0,
        "mean_abs_logp_error": 0.0,
        "p99_abs_logp_error": 0.0,
        "right_logp": -12.932601928710938
      },
      "seed": 0,
      "singleton": {
        "left_logp": -19.201419830322266,
        "max_abs_logp_error": 9.5367431640625e-06,
        "max_abs_probability_error": 1.2263629742270687e-07,
        "max_bin": 19,
        "max_float32_ulp_error": 9,
        "max_row": 40,
        "max_total_variation": 4.564346274085382e-07,
        "mean_abs_logp_error": 1.2634694576263429e-06,
        "p99_abs_logp_error": 5.7220458984375e-06,
        "right_logp": -19.20142936706543
      },
      "step": 120000
    },
    {
      "batch_8": {
        "left_logp": -16.0745849609375,
        "max_abs_logp_error": 5.7220458984375e-06,
        "max_abs_probability_error": 2.3027274684284116e-07,
        "max_bin": 17,
        "max_float32_ulp_error": 14,
        "max_row": 2,
        "max_total_variation": 4.491540556500611e-07,
        "mean_abs_logp_error": 7.55257076687283e-07,
        "p99_abs_logp_error": 3.814697265625e-06,
        "right_logp": -16.0745906829834
      },
      "checkpoint_sha256": "ffb9d507ad16755a11eaef66f24662995e6eadba06abe81577b12934626a1d3c",
      "context_roll": {
        "left_logp": -13.275989532470703,
        "max_abs_logp_error": 4.76837158203125e-06,
        "max_abs_probability_error": 1.2082869907392713e-07,
        "max_bin": 0,
        "max_float32_ulp_error": 8,
        "max_row": 46,
        "max_total_variation": 3.73398291221961e-07,
        "mean_abs_logp_error": 6.442434257931179e-07,
        "p99_abs_logp_error": 2.86102294921875e-06,
        "right_logp": -13.275984764099121
      },
      "fixed_shape_companion_replacement": {
        "left_logp": -14.399089813232422,
        "max_abs_logp_error": 0.0,
        "max_abs_probability_error": 0.0,
        "max_bin": 0,
        "max_float32_ulp_error": 0,
        "max_row": 0,
        "max_total_variation": 0.0,
        "mean_abs_logp_error": 0.0,
        "p99_abs_logp_error": 0.0,
        "right_logp": -14.399089813232422
      },
      "fixed_shape_focal_relocation": {
        "left_logp": -14.399089813232422,
        "max_abs_logp_error": 0.0,
        "max_abs_probability_error": 0.0,
        "max_bin": 0,
        "max_float32_ulp_error": 0,
        "max_row": 0,
        "max_total_variation": 0.0,
        "mean_abs_logp_error": 0.0,
        "p99_abs_logp_error": 0.0,
        "right_logp": -14.399089813232422
      },
      "full_panel_rows": 3201,
      "full_panel_shards": [
        {
          "bank_index": 0,
          "batch_8": {
            "left_logp": -16.0745849609375,
            "max_abs_logp_error": 5.7220458984375e-06,
            "max_abs_probability_error": 2.0928979163614692e-07,
            "max_bin": 17,
            "max_float32_ulp_error": 11,
            "max_row": 2,
            "max_total_variation": 5.380926600117977e-07,
            "mean_abs_logp_error": 8.8447935125801e-07,
            "p99_abs_logp_error": 3.814697265625e-06,
            "right_logp": -16.0745906829834
          },
          "context_roll_contiguous": {
            "left_logp": -16.305402755737305,
            "max_abs_logp_error": 5.7220458984375e-06,
            "max_abs_probability_error": 1.5656261734275922e-07,
            "max_bin": 4,
            "max_float32_ulp_error": 7,
            "max_row": 49,
            "max_total_variation": 3.272075268929435e-07,
            "mean_abs_logp_error": 6.424041276567437e-07,
            "p99_abs_logp_error": 2.86102294921875e-06,
            "right_logp": -16.305397033691406
          },
          "context_roll_view": {
            "left_logp": -16.305402755737305,
            "max_abs_logp_error": 5.7220458984375e-06,
            "max_abs_probability_error": 1.5656261734275922e-07,
            "max_bin": 4,
            "max_float32_ulp_error": 7,
            "max_row": 49,
            "max_total_variation": 3.272075268929435e-07,
            "mean_abs_logp_error": 6.424041276567437e-07,
            "p99_abs_logp_error": 2.86102294921875e-06,
            "right_logp": -16.305397033691406
          },
          "draw_index": 0,
          "random_permutation_1": {
            "left_logp": -14.399089813232422,
            "max_abs_logp_error": 0.0,
            "max_abs_probability_error": 0.0,
            "max_bin": 0,
            "max_float32_ulp_error": 0,
            "max_row": 0,
            "max_total_variation": 0.0,
            "mean_abs_logp_error": 0.0,
            "p99_abs_logp_error": 0.0,
            "right_logp": -14.399089813232422
          },
          "random_permutation_2": {
            "left_logp": -14.399089813232422,
            "max_abs_logp_error": 0.0,
            "max_abs_probability_error": 0.0,
            "max_bin": 0,
            "max_float32_ulp_error": 0,
            "max_row": 0,
            "max_total_variation": 0.0,
            "mean_abs_logp_error": 0.0,
            "p99_abs_logp_error": 0.0,
            "right_logp": -14.399089813232422
          },
          "repeat": {
            "left_logp": -14.399089813232422,
            "max_abs_logp_error": 0.0,
            "max_abs_probability_error": 0.0,
            "max_bin": 0,
            "max_float32_ulp_error": 0,
            "max_row": 0,
            "max_total_variation": 0.0,
            "mean_abs_logp_error": 0.0,
            "p99_abs_logp_error": 0.0,
            "right_logp": -14.399089813232422
          },
          "reverse": {
            "left_logp": -14.399089813232422,
            "max_abs_logp_error": 0.0,
            "max_abs_probability_error": 0.0,
            "max_bin": 0,
            "max_float32_ulp_error": 0,
            "max_row": 0,
            "max_total_variation": 0.0,
            "mean_abs_logp_error": 0.0,
            "p99_abs_logp_error": 0.0,
            "right_logp": -14.399089813232422
          },
          "rows": 356,
          "same_shape_block_permutation": {
            "left_logp": -14.399089813232422,
            "max_abs_logp_error": 0.0,
            "max_abs_probability_error": 0.0,
            "max_bin": 0,
            "max_float32_ulp_error": 0,
            "max_row": 0,
            "max_total_variation": 0.0,
            "mean_abs_logp_error": 0.0,
            "p99_abs_logp_error": 0.0,
            "right_logp": -14.399089813232422
          }
        },
        {
          "bank_index": 1,
          "batch_8": {
            "left_logp": -19.050180435180664,
            "max_abs_logp_error": 7.62939453125e-06,
            "max_abs_probability_error": 2.526200828245617e-07,
            "max_bin": 1,
            "max_float32_ulp_error": 14,
            "max_row": 120,
            "max_total_variation": 5.533559206288682e-07,
            "mean_abs_logp_error": 8.82630937554863e-07,
            "p99_abs_logp_error": 3.814697265625e-06,
            "right_logp": -19.050188064575195
          },
          "context_roll_contiguous": {
            "left_logp": -16.789045333862305,
            "max_abs_logp_error": 5.7220458984375e-06,
            "max_abs_probability_error": 1.391123120308979e-07,
            "max_bin": 5,
            "max_float32_ulp_error": 13,
            "max_row": 230,
            "max_total_variation": 4.7622202681351506e-07,
            "mean_abs_logp_error": 6.43696677818727e-07,
            "p99_abs_logp_error": 2.86102294921875e-06,
            "right_logp": -16.789051055908203
          },
          "context_roll_view": {
            "left_logp": -16.789045333862305,
            "max_abs_logp_error": 5.7220458984375e-06,
            "max_abs_probability_error": 1.391123120308979e-07,
            "max_bin": 5,
            "max_float32_ulp_error": 13,
            "max_row": 230,
            "max_total_variation": 4.7622202681351506e-07,
            "mean_abs_logp_error": 6.43696677818727e-07,
            "p99_abs_logp_error": 2.86102294921875e-06,
            "right_logp": -16.789051055908203
          },
          "draw_index": 0,
          "random_permutation_1": {
            "left_logp": -12.98270034790039,
            "max_abs_logp_error": 0.0,
            "max_abs_probability_error": 0.0,
            "max_bin": 0,
            "max_float32_ulp_error": 0,
            "max_row": 0,
            "max_total_variation": 0.0,
            "mean_abs_logp_error": 0.0,
            "p99_abs_logp_error": 0.0,
            "right_logp": -12.98270034790039
          },
          "random_permutation_2": {
            "left_logp": -12.98270034790039,
            "max_abs_logp_error": 0.0,
            "max_abs_probability_error": 0.0,
            "max_bin": 0,
            "max_float32_ulp_error": 0,
            "max_row": 0,
            "max_total_variation": 0.0,
            "mean_abs_logp_error": 0.0,
            "p99_abs_logp_error": 0.0,
            "right_logp": -12.98270034790039
          },
          "repeat": {
            "left_logp": -12.98270034790039,
            "max_abs_logp_error": 0.0,
            "max_abs_probability_error": 0.0,
            "max_bin": 0,
            "max_float32_ulp_error": 0,
            "max_row": 0,
            "max_total_variation": 0.0,
            "mean_abs_logp_error": 0.0,
            "p99_abs_logp_error": 0.0,
            "right_logp": -12.98270034790039
          },
          "reverse": {
            "left_logp": -12.98270034790039,
            "max_abs_logp_error": 0.0,
            "max_abs_probability_error": 0.0,
            "max_bin": 0,
            "max_float32_ulp_error": 0,
            "max_row": 0,
            "max_total_variation": 0.0,
            "mean_abs_logp_error": 0.0,
            "p99_abs_logp_error": 0.0,
            "right_logp": -12.98270034790039
          },
          "rows": 356,
          "same_shape_block_permutation": {
            "left_logp": -12.98270034790039,
            "max_abs_logp_error": 0.0,
            "max_abs_probability_error": 0.0,
            "max_bin": 0,
            "max_float32_ulp_error": 0,
            "max_row": 0,
            "max_total_variation": 0.0,
            "mean_abs_logp_error": 0.0,
            "p99_abs_logp_error": 0.0,
            "right_logp": -12.98270034790039
          }
        },
        {
          "bank_index": 2,
          "batch_8": {
            "left_logp": -19.470718383789062,
            "max_abs_logp_error": 7.62939453125e-06,
            "max_abs_probability_error": 2.354056701514562e-07,
            "max_bin": 1,
            "max_float32_ulp_error": 13,
            "max_row": 265,
            "max_total_variation": 5.146864640205905e-07,
            "mean_abs_logp_error": 8.595124096937582e-07,
            "p99_abs_logp_error": 3.814697265625e-06,
            "right_logp": -19.47071075439453
          },
          "context_roll_contiguous": {
            "left_logp": -15.721850395202637,
            "max_abs_logp_error": 4.76837158203125e-06,
            "max_abs_probability_error": 1.5623407284559576e-07,
            "max_bin": 5,
            "max_float32_ulp_error": 11,
            "max_row": 80,
            "max_total_variation": 6.273312748571456e-07,
            "mean_abs_logp_error": 6.31681630309199e-07,
            "p99_abs_logp_error": 2.86102294921875e-06,
            "right_logp": -15.721855163574219
          },
          "context_roll_view": {
            "left_logp": -15.721850395202637,
            "max_abs_logp_error": 4.76837158203125e-06,
            "max_abs_probability_error": 1.5623407284559576e-07,
            "max_bin": 5,
            "max_float32_ulp_error": 11,
            "max_row": 80,
            "max_total_variation": 6.273312748571456e-07,
            "mean_abs_logp_error": 6.31681630309199e-07,
            "p99_abs_logp_error": 2.86102294921875e-06,
            "right_logp": -15.721855163574219
          },
          "draw_index": 0,
          "random_permutation_1": {
            "left_logp": -14.27113151550293,
            "max_abs_logp_error": 0.0,
            "max_abs_probability_error": 0.0,
            "max_bin": 0,
            "max_float32_ulp_error": 0,
            "max_row": 0,
            "max_total_variation": 0.0,
            "mean_abs_logp_error": 0.0,
            "p99_abs_logp_error": 0.0,
            "right_logp": -14.27113151550293
          },
          "random_permutation_2": {
            "left_logp": -14.27113151550293,
            "max_abs_logp_error": 0.0,
            "max_abs_probability_error": 0.0,
            "max_bin": 0,
            "max_float32_ulp_error": 0,
            "max_row": 0,
            "max_total_variation": 0.0,
            "mean_abs_logp_error": 0.0,
            "p99_abs_logp_error": 0.0,
            "right_logp": -14.27113151550293
          },
          "repeat": {
            "left_logp": -14.27113151550293,
            "max_abs_logp_error": 0.0,
            "max_abs_probability_error": 0.0,
            "max_bin": 0,
            "max_float32_ulp_error": 0,
            "max_row": 0,
            "max_total_variation": 0.0,
            "mean_abs_logp_error": 0.0,
            "p99_abs_logp_error": 0.0,
            "right_logp": -14.27113151550293
          },
          "reverse": {
            "left_logp": -14.27113151550293,
            "max_abs_logp_error": 0.0,
            "max_abs_probability_error": 0.0,
            "max_bin": 0,
            "max_float32_ulp_error": 0,
            "max_row": 0,
            "max_total_variation": 0.0,
            "mean_abs_logp_error": 0.0,
            "p99_abs_logp_error": 0.0,
            "right_logp": -14.27113151550293
          },
          "rows": 355,
          "same_shape_block_permutation": {
            "left_logp": -14.27113151550293,
            "max_abs_logp_error": 0.0,
            "max_abs_probability_error": 0.0,
            "max_bin": 0,
            "max_float32_ulp_error": 0,
            "max_row": 0,
            "max_total_variation": 0.0,
            "mean_abs_logp_error": 0.0,
            "p99_abs_logp_error": 0.0,
            "right_logp": -14.27113151550293
          }
        },
        {
          "bank_index": 0,
          "batch_8": {
            "left_logp": -17.08702850341797,
            "max_abs_logp_error": 7.62939453125e-06,
            "max_abs_probability_error": 2.0592433508381802e-07,
            "max_bin": 10,
            "max_float32_ulp_error": 13,
            "max_row": 71,
            "max_total_variation": 5.212595609399445e-07,
            "mean_abs_logp_error": 8.935305509674415e-07,
            "p99_abs_logp_error": 3.814697265625e-06,
            "right_logp": -17.087020874023438
          },
          "context_roll_contiguous": {
            "left_logp": -19.634994506835938,
            "max_abs_logp_error": 5.7220458984375e-06,
            "max_abs_probability_error": 1.8469890900041364e-07,
            "max_bin": 1,
            "max_float32_ulp_error": 8,
            "max_row": 15,
            "max_total_variation": 3.5442428741320507e-07,
            "mean_abs_logp_error": 6.539935476324531e-07,
            "p99_abs_logp_error": 2.86102294921875e-06,
            "right_logp": -19.63498878479004
          },
          "context_roll_view": {
            "left_logp": -19.634994506835938,
            "max_abs_logp_error": 5.7220458984375e-06,
            "max_abs_probability_error": 1.8469890900041364e-07,
            "max_bin": 1,
            "max_float32_ulp_error": 8,
            "max_row": 15,
            "max_total_variation": 3.5442428741320507e-07,
            "mean_abs_logp_error": 6.539935476324531e-07,
            "p99_abs_logp_error": 2.86102294921875e-06,
            "right_logp": -19.63498878479004
          },
          "draw_index": 1,
          "random_permutation_1": {
            "left_logp": -16.151151657104492,
            "max_abs_logp_error": 0.0,
            "max_abs_probability_error": 0.0,
            "max_bin": 0,
            "max_float32_ulp_error": 0,
            "max_row": 0,
            "max_total_variation": 0.0,
            "mean_abs_logp_error": 0.0,
            "p99_abs_logp_error": 0.0,
            "right_logp": -16.151151657104492
          },
          "random_permutation_2": {
            "left_logp": -16.151151657104492,
            "max_abs_logp_error": 0.0,
            "max_abs_probability_error": 0.0,
            "max_bin": 0,
            "max_float32_ulp_error": 0,
            "max_row": 0,
            "max_total_variation": 0.0,
            "mean_abs_logp_error": 0.0,
            "p99_abs_logp_error": 0.0,
            "right_logp": -16.151151657104492
          },
          "repeat": {
            "left_logp": -16.151151657104492,
            "max_abs_logp_error": 0.0,
            "max_abs_probability_error": 0.0,
            "max_bin": 0,
            "max_float32_ulp_error": 0,
            "max_row": 0,
            "max_total_variation": 0.0,
            "mean_abs_logp_error": 0.0,
            "p99_abs_logp_error": 0.0,
            "right_logp": -16.151151657104492
          },
          "reverse": {
            "left_logp": -16.151151657104492,
            "max_abs_logp_error": 0.0,
            "max_abs_probability_error": 0.0,
            "max_bin": 0,
            "max_float32_ulp_error": 0,
            "max_row": 0,
            "max_total_variation": 0.0,
            "mean_abs_logp_error": 0.0,
            "p99_abs_logp_error": 0.0,
            "right_logp": -16.151151657104492
          },
          "rows": 356,
          "same_shape_block_permutation": {
            "left_logp": -16.151151657104492,
            "max_abs_logp_error": 0.0,
            "max_abs_probability_error": 0.0,
            "max_bin": 0,
            "max_float32_ulp_error": 0,
            "max_row": 0,
            "max_total_variation": 0.0,
            "mean_abs_logp_error": 0.0,
            "p99_abs_logp_error": 0.0,
            "right_logp": -16.151151657104492
          }
        },
        {
          "bank_index": 1,
          "batch_8": {
            "left_logp": -14.644850730895996,
            "max_abs_logp_error": 6.67572021484375e-06,
            "max_abs_probability_error": 1.977085470339368e-07,
            "max_bin": 26,
            "max_float32_ulp_error": 12,
            "max_row": 208,
            "max_total_variation": 5.594875335901771e-07,
            "mean_abs_logp_error": 8.812312329753062e-07,
            "p99_abs_logp_error": 3.814697265625e-06,
            "right_logp": -14.644857406616211
          },
          "context_roll_contiguous": {
            "left_logp": -15.571599006652832,
            "max_abs_logp_error": 7.62939453125e-06,
            "max_abs_probability_error": 1.5320105498095593e-07,
            "max_bin": 99,
            "max_float32_ulp_error": 8,
            "max_row": 228,
            "max_total_variation": 3.5867155953127067e-07,
            "mean_abs_logp_error": 6.536720843797319e-07,
            "p99_abs_logp_error": 2.86102294921875e-06,
            "right_logp": -15.5715913772583
          },
          "context_roll_view": {
            "left_logp": -15.571599006652832,
            "max_abs_logp_error": 7.62939453125e-06,
            "max_abs_probability_error": 1.5320105498095593e-07,
            "max_bin": 99,
            "max_float32_ulp_error": 8,
            "max_row": 228,
            "max_total_variation": 3.5867155953127067e-07,
            "mean_abs_logp_error": 6.536720843797319e-07,
            "p99_abs_logp_error": 2.86102294921875e-06,
            "right_logp": -15.5715913772583
          },
          "draw_index": 1,
          "random_permutation_1": {
            "left_logp": -15.363764762878418,
            "max_abs_logp_error": 0.0,
            "max_abs_probability_error": 0.0,
            "max_bin": 0,
            "max_float32_ulp_error": 0,
            "max_row": 0,
            "max_total_variation": 0.0,
            "mean_abs_logp_error": 0.0,
            "p99_abs_logp_error": 0.0,
            "right_logp": -15.363764762878418
          },
          "random_permutation_2": {
            "left_logp": -15.363764762878418,
            "max_abs_logp_error": 0.0,
            "max_abs_probability_error": 0.0,
            "max_bin": 0,
            "max_float32_ulp_error": 0,
            "max_row": 0,
            "max_total_variation": 0.0,
            "mean_abs_logp_error": 0.0,
            "p99_abs_logp_error": 0.0,
            "right_logp": -15.363764762878418
          },
          "repeat": {
            "left_logp": -15.363764762878418,
            "max_abs_logp_error": 0.0,
            "max_abs_probability_error": 0.0,
            "max_bin": 0,
            "max_float32_ulp_error": 0,
            "max_row": 0,
            "max_total_variation": 0.0,
            "mean_abs_logp_error": 0.0,
            "p99_abs_logp_error": 0.0,
            "right_logp": -15.363764762878418
          },
          "reverse": {
            "left_logp": -15.363764762878418,
            "max_abs_logp_error": 0.0,
            "max_abs_probability_error": 0.0,
            "max_bin": 0,
            "max_float32_ulp_error": 0,
            "max_row": 0,
            "max_total_variation": 0.0,
            "mean_abs_logp_error": 0.0,
            "p99_abs_logp_error": 0.0,
            "right_logp": -15.363764762878418
          },
          "rows": 356,
          "same_shape_block_permutation": {
            "left_logp": -15.363764762878418,
            "max_abs_logp_error": 0.0,
            "max_abs_probability_error": 0.0,
            "max_bin": 0,
            "max_float32_ulp_error": 0,
            "max_row": 0,
            "max_total_variation": 0.0,
            "mean_abs_logp_error": 0.0,
            "p99_abs_logp_error": 0.0,
            "right_logp": -15.363764762878418
          }
        },
        {
          "bank_index": 2,
          "batch_8": {
            "left_logp": -19.629356384277344,
            "max_abs_logp_error": 7.62939453125e-06,
            "max_abs_probability_error": 2.614824997082543e-07,
            "max_bin": 1,
            "max_float32_ulp_error": 14,
            "max_row": 214,
            "max_total_variation": 6.134672684916015e-07,
            "mean_abs_logp_error": 8.858358356314646e-07,
            "p99_abs_logp_error": 3.814697265625e-06,
            "right_logp": -19.629348754882812
          },
          "context_roll_contiguous": {
            "left_logp": -19.53931999206543,
            "max_abs_logp_error": 5.7220458984375e-06,
            "max_abs_probability_error": 1.9194398173660865e-07,
            "max_bin": 1,
            "max_float32_ulp_error": 8,
            "max_row": 54,
            "max_total_variation": 3.9373804085185687e-07,
            "mean_abs_logp_error": 6.554731180970097e-07,
            "p99_abs_logp_error": 2.86102294921875e-06,
            "right_logp": -19.53931427001953
          },
          "context_roll_view": {
            "left_logp": -19.53931999206543,
            "max_abs_logp_error": 5.7220458984375e-06,
            "max_abs_probability_error": 1.9194398173660865e-07,
            "max_bin": 1,
            "max_float32_ulp_error": 8,
            "max_row": 54,
            "max_total_variation": 3.9373804085185687e-07,
            "mean_abs_logp_error": 6.554731180970097e-07,
            "p99_abs_logp_error": 2.86102294921875e-06,
            "right_logp": -19.53931427001953
          },
          "draw_index": 1,
          "random_permutation_1": {
            "left_logp": -15.111010551452637,
            "max_abs_logp_error": 0.0,
            "max_abs_probability_error": 0.0,
            "max_bin": 0,
            "max_float32_ulp_error": 0,
            "max_row": 0,
            "max_total_variation": 0.0,
            "mean_abs_logp_error": 0.0,
            "p99_abs_logp_error": 0.0,
            "right_logp": -15.111010551452637
          },
          "random_permutation_2": {
            "left_logp": -15.111010551452637,
            "max_abs_logp_error": 0.0,
            "max_abs_probability_error": 0.0,
            "max_bin": 0,
            "max_float32_ulp_error": 0,
            "max_row": 0,
            "max_total_variation": 0.0,
            "mean_abs_logp_error": 0.0,
            "p99_abs_logp_error": 0.0,
            "right_logp": -15.111010551452637
          },
          "repeat": {
            "left_logp": -15.111010551452637,
            "max_abs_logp_error": 0.0,
            "max_abs_probability_error": 0.0,
            "max_bin": 0,
            "max_float32_ulp_error": 0,
            "max_row": 0,
            "max_total_variation": 0.0,
            "mean_abs_logp_error": 0.0,
            "p99_abs_logp_error": 0.0,
            "right_logp": -15.111010551452637
          },
          "reverse": {
            "left_logp": -15.111010551452637,
            "max_abs_logp_error": 0.0,
            "max_abs_probability_error": 0.0,
            "max_bin": 0,
            "max_float32_ulp_error": 0,
            "max_row": 0,
            "max_total_variation": 0.0,
            "mean_abs_logp_error": 0.0,
            "p99_abs_logp_error": 0.0,
            "right_logp": -15.111010551452637
          },
          "rows": 355,
          "same_shape_block_permutation": {
            "left_logp": -15.111010551452637,
            "max_abs_logp_error": 0.0,
            "max_abs_probability_error": 0.0,
            "max_bin": 0,
            "max_float32_ulp_error": 0,
            "max_row": 0,
            "max_total_variation": 0.0,
            "mean_abs_logp_error": 0.0,
            "p99_abs_logp_error": 0.0,
            "right_logp": -15.111010551452637
          }
        },
        {
          "bank_index": 0,
          "batch_8": {
            "left_logp": -19.130788803100586,
            "max_abs_logp_error": 7.62939453125e-06,
            "max_abs_probability_error": 2.787021018690883e-07,
            "max_bin": 1,
            "max_float32_ulp_error": 16,
            "max_row": 41,
            "max_total_variation": 7.695404656870492e-07,
            "mean_abs_logp_error": 8.890501568826397e-07,
            "p99_abs_logp_error": 3.814697265625e-06,
            "right_logp": -19.130796432495117
          },
          "context_roll_contiguous": {
            "left_logp": -18.06312370300293,
            "max_abs_logp_error": 5.7220458984375e-06,
            "max_abs_probability_error": 2.073481148168188e-07,
            "max_bin": 3,
            "max_float32_ulp_error": 11,
            "max_row": 95,
            "max_total_variation": 5.054365818713606e-07,
            "mean_abs_logp_error": 6.526139345061913e-07,
            "p99_abs_logp_error": 2.86102294921875e-06,
            "right_logp": -18.063129425048828
          },
          "context_roll_view": {
            "left_logp": -18.06312370300293,
            "max_abs_logp_error": 5.7220458984375e-06,
            "max_abs_probability_error": 2.073481148168188e-07,
            "max_bin": 3,
            "max_float32_ulp_error": 11,
            "max_row": 95,
            "max_total_variation": 5.054365818713606e-07,
            "mean_abs_logp_error": 6.526139345061913e-07,
            "p99_abs_logp_error": 2.86102294921875e-06,
            "right_logp": -18.063129425048828
          },
          "draw_index": 2,
          "random_permutation_1": {
            "left_logp": -14.928704261779785,
            "max_abs_logp_error": 0.0,
            "max_abs_probability_error": 0.0,
            "max_bin": 0,
            "max_float32_ulp_error": 0,
            "max_row": 0,
            "max_total_variation": 0.0,
            "mean_abs_logp_error": 0.0,
            "p99_abs_logp_error": 0.0,
            "right_logp": -14.928704261779785
          },
          "random_permutation_2": {
            "left_logp": -14.928704261779785,
            "max_abs_logp_error": 0.0,
            "max_abs_probability_error": 0.0,
            "max_bin": 0,
            "max_float32_ulp_error": 0,
            "max_row": 0,
            "max_total_variation": 0.0,
            "mean_abs_logp_error": 0.0,
            "p99_abs_logp_error": 0.0,
            "right_logp": -14.928704261779785
          },
          "repeat": {
            "left_logp": -14.928704261779785,
            "max_abs_logp_error": 0.0,
            "max_abs_probability_error": 0.0,
            "max_bin": 0,
            "max_float32_ulp_error": 0,
            "max_row": 0,
            "max_total_variation": 0.0,
            "mean_abs_logp_error": 0.0,
            "p99_abs_logp_error": 0.0,
            "right_logp": -14.928704261779785
          },
          "reverse": {
            "left_logp": -14.928704261779785,
            "max_abs_logp_error": 0.0,
            "max_abs_probability_error": 0.0,
            "max_bin": 0,
            "max_float32_ulp_error": 0,
            "max_row": 0,
            "max_total_variation": 0.0,
            "mean_abs_logp_error": 0.0,
            "p99_abs_logp_error": 0.0,
            "right_logp": -14.928704261779785
          },
          "rows": 356,
          "same_shape_block_permutation": {
            "left_logp": -14.928704261779785,
            "max_abs_logp_error": 0.0,
            "max_abs_probability_error": 0.0,
            "max_bin": 0,
            "max_float32_ulp_error": 0,
            "max_row": 0,
            "max_total_variation": 0.0,
            "mean_abs_logp_error": 0.0,
            "p99_abs_logp_error": 0.0,
            "right_logp": -14.928704261779785
          }
        },
        {
          "bank_index": 1,
          "batch_8": {
            "left_logp": -19.461349487304688,
            "max_abs_logp_error": 9.5367431640625e-06,
            "max_abs_probability_error": 2.1907981478941352e-07,
            "max_bin": 1,
            "max_float32_ulp_error": 12,
            "max_row": 343,
            "max_total_variation": 5.162599619846317e-07,
            "mean_abs_logp_error": 8.981951167074482e-07,
            "p99_abs_logp_error": 3.814697265625e-06,
            "right_logp": -19.461339950561523
          },
          "context_roll_contiguous": {
            "left_logp": -16.774311065673828,
            "max_abs_logp_error": 5.7220458984375e-06,
            "max_abs_probability_error": 1.5741508077593558e-07,
            "max_bin": 4,
            "max_float32_ulp_error": 8,
            "max_row": 157,
            "max_total_variation": 3.2941981556040664e-07,
            "mean_abs_logp_error": 6.628404842333847e-07,
            "p99_abs_logp_error": 2.86102294921875e-06,
            "right_logp": -16.77430534362793
          },
          "context_roll_view": {
            "left_logp": -16.774311065673828,
            "max_abs_logp_error": 5.7220458984375e-06,
            "max_abs_probability_error": 1.5741508077593558e-07,
            "max_bin": 4,
            "max_float32_ulp_error": 8,
            "max_row": 157,
            "max_total_variation": 3.2941981556040664e-07,
            "mean_abs_logp_error": 6.628404842333847e-07,
            "p99_abs_logp_error": 2.86102294921875e-06,
            "right_logp": -16.77430534362793
          },
          "draw_index": 2,
          "random_permutation_1": {
            "left_logp": -15.98926067352295,
            "max_abs_logp_error": 0.0,
            "max_abs_probability_error": 0.0,
            "max_bin": 0,
            "max_float32_ulp_error": 0,
            "max_row": 0,
            "max_total_variation": 0.0,
            "mean_abs_logp_error": 0.0,
            "p99_abs_logp_error": 0.0,
            "right_logp": -15.98926067352295
          },
          "random_permutation_2": {
            "left_logp": -15.98926067352295,
            "max_abs_logp_error": 0.0,
            "max_abs_probability_error": 0.0,
            "max_bin": 0,
            "max_float32_ulp_error": 0,
            "max_row": 0,
            "max_total_variation": 0.0,
            "mean_abs_logp_error": 0.0,
            "p99_abs_logp_error": 0.0,
            "right_logp": -15.98926067352295
          },
          "repeat": {
            "left_logp": -15.98926067352295,
            "max_abs_logp_error": 0.0,
            "max_abs_probability_error": 0.0,
            "max_bin": 0,
            "max_float32_ulp_error": 0,
            "max_row": 0,
            "max_total_variation": 0.0,
            "mean_abs_logp_error": 0.0,
            "p99_abs_logp_error": 0.0,
            "right_logp": -15.98926067352295
          },
          "reverse": {
            "left_logp": -15.98926067352295,
            "max_abs_logp_error": 0.0,
            "max_abs_probability_error": 0.0,
            "max_bin": 0,
            "max_float32_ulp_error": 0,
            "max_row": 0,
            "max_total_variation": 0.0,
            "mean_abs_logp_error": 0.0,
            "p99_abs_logp_error": 0.0,
            "right_logp": -15.98926067352295
          },
          "rows": 356,
          "same_shape_block_permutation": {
            "left_logp": -15.98926067352295,
            "max_abs_logp_error": 0.0,
            "max_abs_probability_error": 0.0,
            "max_bin": 0,
            "max_float32_ulp_error": 0,
            "max_row": 0,
            "max_total_variation": 0.0,
            "mean_abs_logp_error": 0.0,
            "p99_abs_logp_error": 0.0,
            "right_logp": -15.98926067352295
          }
        },
        {
          "bank_index": 2,
          "batch_8": {
            "left_logp": -10.181283950805664,
            "max_abs_logp_error": 9.5367431640625e-06,
            "max_abs_probability_error": 2.3164312989987224e-07,
            "max_bin": 99,
            "max_float32_ulp_error": 16,
            "max_row": 241,
            "max_total_variation": 6.445823424132005e-07,
            "mean_abs_logp_error": 8.574371606531278e-07,
            "p99_abs_logp_error": 3.814697265625e-06,
            "right_logp": -10.1812744140625
          },
          "context_roll_contiguous": {
            "left_logp": -15.04919719696045,
            "max_abs_logp_error": 4.76837158203125e-06,
            "max_abs_probability_error": 1.711203913568049e-07,
            "max_bin": 99,
            "max_float32_ulp_error": 10,
            "max_row": 28,
            "max_total_variation": 4.0527967872496013e-07,
            "mean_abs_logp_error": 6.267420003111933e-07,
            "p99_abs_logp_error": 2.86102294921875e-06,
            "right_logp": -15.049201965332031
          },
          "context_roll_view": {
            "left_logp": -15.04919719696045,
            "max_abs_logp_error": 4.76837158203125e-06,
            "max_abs_probability_error": 1.711203913568049e-07,
            "max_bin": 99,
            "max_float32_ulp_error": 10,
            "max_row": 28,
            "max_total_variation": 4.0527967872496013e-07,
            "mean_abs_logp_error": 6.267420003111933e-07,
            "p99_abs_logp_error": 2.86102294921875e-06,
            "right_logp": -15.049201965332031
          },
          "draw_index": 2,
          "random_permutation_1": {
            "left_logp": -13.918081283569336,
            "max_abs_logp_error": 0.0,
            "max_abs_probability_error": 0.0,
            "max_bin": 0,
            "max_float32_ulp_error": 0,
            "max_row": 0,
            "max_total_variation": 0.0,
            "mean_abs_logp_error": 0.0,
            "p99_abs_logp_error": 0.0,
            "right_logp": -13.918081283569336
          },
          "random_permutation_2": {
            "left_logp": -13.918081283569336,
            "max_abs_logp_error": 0.0,
            "max_abs_probability_error": 0.0,
            "max_bin": 0,
            "max_float32_ulp_error": 0,
            "max_row": 0,
            "max_total_variation": 0.0,
            "mean_abs_logp_error": 0.0,
            "p99_abs_logp_error": 0.0,
            "right_logp": -13.918081283569336
          },
          "repeat": {
            "left_logp": -13.918081283569336,
            "max_abs_logp_error": 0.0,
            "max_abs_probability_error": 0.0,
            "max_bin": 0,
            "max_float32_ulp_error": 0,
            "max_row": 0,
            "max_total_variation": 0.0,
            "mean_abs_logp_error": 0.0,
            "p99_abs_logp_error": 0.0,
            "right_logp": -13.918081283569336
          },
          "reverse": {
            "left_logp": -13.918081283569336,
            "max_abs_logp_error": 0.0,
            "max_abs_probability_error": 0.0,
            "max_bin": 0,
            "max_float32_ulp_error": 0,
            "max_row": 0,
            "max_total_variation": 0.0,
            "mean_abs_logp_error": 0.0,
            "p99_abs_logp_error": 0.0,
            "right_logp": -13.918081283569336
          },
          "rows": 355,
          "same_shape_block_permutation": {
            "left_logp": -13.918081283569336,
            "max_abs_logp_error": 0.0,
            "max_abs_probability_error": 0.0,
            "max_bin": 0,
            "max_float32_ulp_error": 0,
            "max_row": 0,
            "max_total_variation": 0.0,
            "mean_abs_logp_error": 0.0,
            "p99_abs_logp_error": 0.0,
            "right_logp": -13.918081283569336
          }
        }
      ],
      "prior": "C",
      "remainder_35": {
        "left_logp": -14.399089813232422,
        "max_abs_logp_error": 0.0,
        "max_abs_probability_error": 0.0,
        "max_bin": 0,
        "max_float32_ulp_error": 0,
        "max_row": 0,
        "max_total_variation": 0.0,
        "mean_abs_logp_error": 0.0,
        "p99_abs_logp_error": 0.0,
        "right_logp": -14.399089813232422
      },
      "remainder_36": {
        "left_logp": -14.399089813232422,
        "max_abs_logp_error": 0.0,
        "max_abs_probability_error": 0.0,
        "max_bin": 0,
        "max_float32_ulp_error": 0,
        "max_row": 0,
        "max_total_variation": 0.0,
        "mean_abs_logp_error": 0.0,
        "p99_abs_logp_error": 0.0,
        "right_logp": -14.399089813232422
      },
      "remainder_43": {
        "left_logp": -14.399089813232422,
        "max_abs_logp_error": 0.0,
        "max_abs_probability_error": 0.0,
        "max_bin": 0,
        "max_float32_ulp_error": 0,
        "max_row": 0,
        "max_total_variation": 0.0,
        "mean_abs_logp_error": 0.0,
        "p99_abs_logp_error": 0.0,
        "right_logp": -14.399089813232422
      },
      "repeat": {
        "left_logp": -14.399089813232422,
        "max_abs_logp_error": 0.0,
        "max_abs_probability_error": 0.0,
        "max_bin": 0,
        "max_float32_ulp_error": 0,
        "max_row": 0,
        "max_total_variation": 0.0,
        "mean_abs_logp_error": 0.0,
        "p99_abs_logp_error": 0.0,
        "right_logp": -14.399089813232422
      },
      "reverse_batch": {
        "left_logp": -16.0745849609375,
        "max_abs_logp_error": 5.7220458984375e-06,
        "max_abs_probability_error": 1.4750336083113602e-07,
        "max_bin": 17,
        "max_float32_ulp_error": 9,
        "max_row": 2,
        "max_total_variation": 3.153466250448803e-07,
        "mean_abs_logp_error": 1.8094976743062336e-07,
        "p99_abs_logp_error": 2.86102294921875e-06,
        "right_logp": -16.0745906829834
      },
      "rows": 72,
      "same_shape_block_permutation": {
        "left_logp": -14.399089813232422,
        "max_abs_logp_error": 0.0,
        "max_abs_probability_error": 0.0,
        "max_bin": 0,
        "max_float32_ulp_error": 0,
        "max_row": 0,
        "max_total_variation": 0.0,
        "mean_abs_logp_error": 0.0,
        "p99_abs_logp_error": 0.0,
        "right_logp": -14.399089813232422
      },
      "seed": 1,
      "singleton": {
        "left_logp": -17.337480545043945,
        "max_abs_logp_error": 7.62939453125e-06,
        "max_abs_probability_error": 2.1382468073927186e-07,
        "max_bin": 3,
        "max_float32_ulp_error": 13,
        "max_row": 42,
        "max_total_variation": 3.9352040288215773e-07,
        "mean_abs_logp_error": 8.34978289074368e-07,
        "p99_abs_logp_error": 3.814697265625e-06,
        "right_logp": -17.337472915649414
      },
      "step": 20000
    },
    {
      "batch_8": {
        "left_logp": -9.417468070983887,
        "max_abs_logp_error": 6.67572021484375e-06,
        "max_abs_probability_error": 1.9314992064090042e-07,
        "max_bin": 73,
        "max_float32_ulp_error": 10,
        "max_row": 21,
        "max_total_variation": 3.969626348046412e-07,
        "mean_abs_logp_error": 8.68274105919732e-07,
        "p99_abs_logp_error": 3.814697265625e-06,
        "right_logp": -9.417474746704102
      },
      "checkpoint_sha256": "553f5bd689c4ef55bff3654dcbf77770002fff43090a4ccfe482de5cb70168be",
      "context_roll": {
        "left_logp": -11.77491283416748,
        "max_abs_logp_error": 4.76837158203125e-06,
        "max_abs_probability_error": 1.527291879355186e-07,
        "max_bin": 28,
        "max_float32_ulp_error": 8,
        "max_row": 28,
        "max_total_variation": 4.791542054804403e-07,
        "mean_abs_logp_error": 7.846785916222466e-07,
        "p99_abs_logp_error": 3.814697265625e-06,
        "right_logp": -11.774917602539062
      },
      "fixed_shape_companion_replacement": {
        "left_logp": -13.119135856628418,
        "max_abs_logp_error": 0.0,
        "max_abs_probability_error": 0.0,
        "max_bin": 0,
        "max_float32_ulp_error": 0,
        "max_row": 0,
        "max_total_variation": 0.0,
        "mean_abs_logp_error": 0.0,
        "p99_abs_logp_error": 0.0,
        "right_logp": -13.119135856628418
      },
      "fixed_shape_focal_relocation": {
        "left_logp": -13.119135856628418,
        "max_abs_logp_error": 0.0,
        "max_abs_probability_error": 0.0,
        "max_bin": 0,
        "max_float32_ulp_error": 0,
        "max_row": 0,
        "max_total_variation": 0.0,
        "mean_abs_logp_error": 0.0,
        "p99_abs_logp_error": 0.0,
        "right_logp": -13.119135856628418
      },
      "full_panel_rows": 3201,
      "full_panel_shards": [
        {
          "bank_index": 0,
          "batch_8": {
            "left_logp": -16.69056510925293,
            "max_abs_logp_error": 9.5367431640625e-06,
            "max_abs_probability_error": 2.876620969483046e-07,
            "max_bin": 27,
            "max_float32_ulp_error": 16,
            "max_row": 127,
            "max_total_variation": 9.730341679409285e-07,
            "mean_abs_logp_error": 1.0166576739107625e-06,
            "p99_abs_logp_error": 4.76837158203125e-06,
            "right_logp": -16.690574645996094
          },
          "context_roll_contiguous": {
            "left_logp": -17.845149993896484,
            "max_abs_logp_error": 7.62939453125e-06,
            "max_abs_probability_error": 1.5974039377364413e-07,
            "max_bin": 97,
            "max_float32_ulp_error": 8,
            "max_row": 206,
            "max_total_variation": 4.341654224577327e-07,
            "mean_abs_logp_error": 7.492705677332503e-07,
            "p99_abs_logp_error": 3.814697265625e-06,
            "right_logp": -17.845142364501953
          },
          "context_roll_view": {
            "left_logp": -17.845149993896484,
            "max_abs_logp_error": 7.62939453125e-06,
            "max_abs_probability_error": 1.5974039377364413e-07,
            "max_bin": 97,
            "max_float32_ulp_error": 8,
            "max_row": 206,
            "max_total_variation": 4.341654224577327e-07,
            "mean_abs_logp_error": 7.492705677332503e-07,
            "p99_abs_logp_error": 3.814697265625e-06,
            "right_logp": -17.845142364501953
          },
          "draw_index": 0,
          "random_permutation_1": {
            "left_logp": -13.119135856628418,
            "max_abs_logp_error": 0.0,
            "max_abs_probability_error": 0.0,
            "max_bin": 0,
            "max_float32_ulp_error": 0,
            "max_row": 0,
            "max_total_variation": 0.0,
            "mean_abs_logp_error": 0.0,
            "p99_abs_logp_error": 0.0,
            "right_logp": -13.119135856628418
          },
          "random_permutation_2": {
            "left_logp": -13.119135856628418,
            "max_abs_logp_error": 0.0,
            "max_abs_probability_error": 0.0,
            "max_bin": 0,
            "max_float32_ulp_error": 0,
            "max_row": 0,
            "max_total_variation": 0.0,
            "mean_abs_logp_error": 0.0,
            "p99_abs_logp_error": 0.0,
            "right_logp": -13.119135856628418
          },
          "repeat": {
            "left_logp": -13.119135856628418,
            "max_abs_logp_error": 0.0,
            "max_abs_probability_error": 0.0,
            "max_bin": 0,
            "max_float32_ulp_error": 0,
            "max_row": 0,
            "max_total_variation": 0.0,
            "mean_abs_logp_error": 0.0,
            "p99_abs_logp_error": 0.0,
            "right_logp": -13.119135856628418
          },
          "reverse": {
            "left_logp": -13.119135856628418,
            "max_abs_logp_error": 0.0,
            "max_abs_probability_error": 0.0,
            "max_bin": 0,
            "max_float32_ulp_error": 0,
            "max_row": 0,
            "max_total_variation": 0.0,
            "mean_abs_logp_error": 0.0,
            "p99_abs_logp_error": 0.0,
            "right_logp": -13.119135856628418
          },
          "rows": 356,
          "same_shape_block_permutation": {
            "left_logp": -13.119135856628418,
            "max_abs_logp_error": 0.0,
            "max_abs_probability_error": 0.0,
            "max_bin": 0,
            "max_float32_ulp_error": 0,
            "max_row": 0,
            "max_total_variation": 0.0,
            "mean_abs_logp_error": 0.0,
            "p99_abs_logp_error": 0.0,
            "right_logp": -13.119135856628418
          }
        },
        {
          "bank_index": 1,
          "batch_8": {
            "left_logp": -17.688905715942383,
            "max_abs_logp_error": 9.5367431640625e-06,
            "max_abs_probability_error": 2.706451651679487e-07,
            "max_bin": 16,
            "max_float32_ulp_error": 18,
            "max_row": 67,
            "max_total_variation": 7.910648271991511e-07,
            "mean_abs_logp_error": 1.0282370481598244e-06,
            "p99_abs_logp_error": 4.76837158203125e-06,
            "right_logp": -17.68889617919922
          },
          "context_roll_contiguous": {
            "left_logp": -14.354019165039062,
            "max_abs_logp_error": 9.5367431640625e-06,
            "max_abs_probability_error": 1.353226148359532e-07,
            "max_bin": 99,
            "max_float32_ulp_error": 10,
            "max_row": 228,
            "max_total_variation": 4.071299080262534e-07,
            "mean_abs_logp_error": 7.438726639479734e-07,
            "p99_abs_logp_error": 3.814697265625e-06,
            "right_logp": -14.354009628295898
          },
          "context_roll_view": {
            "left_logp": -14.354019165039062,
            "max_abs_logp_error": 9.5367431640625e-06,
            "max_abs_probability_error": 1.353226148359532e-07,
            "max_bin": 99,
            "max_float32_ulp_error": 10,
            "max_row": 228,
            "max_total_variation": 4.071299080262534e-07,
            "mean_abs_logp_error": 7.438726639479734e-07,
            "p99_abs_logp_error": 3.814697265625e-06,
            "right_logp": -14.354009628295898
          },
          "draw_index": 0,
          "random_permutation_1": {
            "left_logp": -14.098709106445312,
            "max_abs_logp_error": 0.0,
            "max_abs_probability_error": 0.0,
            "max_bin": 0,
            "max_float32_ulp_error": 0,
            "max_row": 0,
            "max_total_variation": 0.0,
            "mean_abs_logp_error": 0.0,
            "p99_abs_logp_error": 0.0,
            "right_logp": -14.098709106445312
          },
          "random_permutation_2": {
            "left_logp": -14.098709106445312,
            "max_abs_logp_error": 0.0,
            "max_abs_probability_error": 0.0,
            "max_bin": 0,
            "max_float32_ulp_error": 0,
            "max_row": 0,
            "max_total_variation": 0.0,
            "mean_abs_logp_error": 0.0,
            "p99_abs_logp_error": 0.0,
            "right_logp": -14.098709106445312
          },
          "repeat": {
            "left_logp": -14.098709106445312,
            "max_abs_logp_error": 0.0,
            "max_abs_probability_error": 0.0,
            "max_bin": 0,
            "max_float32_ulp_error": 0,
            "max_row": 0,
            "max_total_variation": 0.0,
            "mean_abs_logp_error": 0.0,
            "p99_abs_logp_error": 0.0,
            "right_logp": -14.098709106445312
          },
          "reverse": {
            "left_logp": -14.098709106445312,
            "max_abs_logp_error": 0.0,
            "max_abs_probability_error": 0.0,
            "max_bin": 0,
            "max_float32_ulp_error": 0,
            "max_row": 0,
            "max_total_variation": 0.0,
            "mean_abs_logp_error": 0.0,
            "p99_abs_logp_error": 0.0,
            "right_logp": -14.098709106445312
          },
          "rows": 356,
          "same_shape_block_permutation": {
            "left_logp": -14.098709106445312,
            "max_abs_logp_error": 0.0,
            "max_abs_probability_error": 0.0,
            "max_bin": 0,
            "max_float32_ulp_error": 0,
            "max_row": 0,
            "max_total_variation": 0.0,
            "mean_abs_logp_error": 0.0,
            "p99_abs_logp_error": 0.0,
            "right_logp": -14.098709106445312
          }
        },
        {
          "bank_index": 2,
          "batch_8": {
            "left_logp": -15.429286003112793,
            "max_abs_logp_error": 7.62939453125e-06,
            "max_abs_probability_error": 2.3642048180283481e-07,
            "max_bin": 85,
            "max_float32_ulp_error": 15,
            "max_row": 35,
            "max_total_variation": 7.016939214857072e-07,
            "mean_abs_logp_error": 1.0127282478439975e-06,
            "p99_abs_logp_error": 3.814697265625e-06,
            "right_logp": -15.429293632507324
          },
          "context_roll_contiguous": {
            "left_logp": -18.54172134399414,
            "max_abs_logp_error": 7.62939453125e-06,
            "max_abs_probability_error": 1.2699018020478903e-07,
            "max_bin": 6,
            "max_float32_ulp_error": 10,
            "max_row": 36,
            "max_total_variation": 3.976448521883954e-07,
            "mean_abs_logp_error": 7.379827365069322e-07,
            "p99_abs_logp_error": 3.814697265625e-06,
            "right_logp": -18.541728973388672
          },
          "context_roll_view": {
            "left_logp": -18.54172134399414,
            "max_abs_logp_error": 7.62939453125e-06,
            "max_abs_probability_error": 1.2699018020478903e-07,
            "max_bin": 6,
            "max_float32_ulp_error": 10,
            "max_row": 36,
            "max_total_variation": 3.976448521883954e-07,
            "mean_abs_logp_error": 7.379827365069322e-07,
            "p99_abs_logp_error": 3.814697265625e-06,
            "right_logp": -18.541728973388672
          },
          "draw_index": 0,
          "random_permutation_1": {
            "left_logp": -14.101696014404297,
            "max_abs_logp_error": 0.0,
            "max_abs_probability_error": 0.0,
            "max_bin": 0,
            "max_float32_ulp_error": 0,
            "max_row": 0,
            "max_total_variation": 0.0,
            "mean_abs_logp_error": 0.0,
            "p99_abs_logp_error": 0.0,
            "right_logp": -14.101696014404297
          },
          "random_permutation_2": {
            "left_logp": -14.101696014404297,
            "max_abs_logp_error": 0.0,
            "max_abs_probability_error": 0.0,
            "max_bin": 0,
            "max_float32_ulp_error": 0,
            "max_row": 0,
            "max_total_variation": 0.0,
            "mean_abs_logp_error": 0.0,
            "p99_abs_logp_error": 0.0,
            "right_logp": -14.101696014404297
          },
          "repeat": {
            "left_logp": -14.101696014404297,
            "max_abs_logp_error": 0.0,
            "max_abs_probability_error": 0.0,
            "max_bin": 0,
            "max_float32_ulp_error": 0,
            "max_row": 0,
            "max_total_variation": 0.0,
            "mean_abs_logp_error": 0.0,
            "p99_abs_logp_error": 0.0,
            "right_logp": -14.101696014404297
          },
          "reverse": {
            "left_logp": -14.101696014404297,
            "max_abs_logp_error": 0.0,
            "max_abs_probability_error": 0.0,
            "max_bin": 0,
            "max_float32_ulp_error": 0,
            "max_row": 0,
            "max_total_variation": 0.0,
            "mean_abs_logp_error": 0.0,
            "p99_abs_logp_error": 0.0,
            "right_logp": -14.101696014404297
          },
          "rows": 355,
          "same_shape_block_permutation": {
            "left_logp": -14.101696014404297,
            "max_abs_logp_error": 0.0,
            "max_abs_probability_error": 0.0,
            "max_bin": 0,
            "max_float32_ulp_error": 0,
            "max_row": 0,
            "max_total_variation": 0.0,
            "mean_abs_logp_error": 0.0,
            "p99_abs_logp_error": 0.0,
            "right_logp": -14.101696014404297
          }
        },
        {
          "bank_index": 0,
          "batch_8": {
            "left_logp": -19.301097869873047,
            "max_abs_logp_error": 9.5367431640625e-06,
            "max_abs_probability_error": 2.5775009199202614e-07,
            "max_bin": 99,
            "max_float32_ulp_error": 22,
            "max_row": 124,
            "max_total_variation": 7.518464915358565e-07,
            "mean_abs_logp_error": 1.0543760288967175e-06,
            "p99_abs_logp_error": 4.76837158203125e-06,
            "right_logp": -19.301088333129883
          },
          "context_roll_contiguous": {
            "left_logp": -16.25151824951172,
            "max_abs_logp_error": 5.7220458984375e-06,
            "max_abs_probability_error": 1.637372566420936e-07,
            "max_bin": 99,
            "max_float32_ulp_error": 10,
            "max_row": 23,
            "max_total_variation": 5.805538437927749e-07,
            "mean_abs_logp_error": 7.816077618116744e-07,
            "p99_abs_logp_error": 3.814697265625e-06,
            "right_logp": -16.251523971557617
          },
          "context_roll_view": {
            "left_logp": -16.25151824951172,
            "max_abs_logp_error": 5.7220458984375e-06,
            "max_abs_probability_error": 1.637372566420936e-07,
            "max_bin": 99,
            "max_float32_ulp_error": 10,
            "max_row": 23,
            "max_total_variation": 5.805538437927749e-07,
            "mean_abs_logp_error": 7.816077618116744e-07,
            "p99_abs_logp_error": 3.814697265625e-06,
            "right_logp": -16.251523971557617
          },
          "draw_index": 1,
          "random_permutation_1": {
            "left_logp": -18.314743041992188,
            "max_abs_logp_error": 0.0,
            "max_abs_probability_error": 0.0,
            "max_bin": 0,
            "max_float32_ulp_error": 0,
            "max_row": 0,
            "max_total_variation": 0.0,
            "mean_abs_logp_error": 0.0,
            "p99_abs_logp_error": 0.0,
            "right_logp": -18.314743041992188
          },
          "random_permutation_2": {
            "left_logp": -18.314743041992188,
            "max_abs_logp_error": 0.0,
            "max_abs_probability_error": 0.0,
            "max_bin": 0,
            "max_float32_ulp_error": 0,
            "max_row": 0,
            "max_total_variation": 0.0,
            "mean_abs_logp_error": 0.0,
            "p99_abs_logp_error": 0.0,
            "right_logp": -18.314743041992188
          },
          "repeat": {
            "left_logp": -18.314743041992188,
            "max_abs_logp_error": 0.0,
            "max_abs_probability_error": 0.0,
            "max_bin": 0,
            "max_float32_ulp_error": 0,
            "max_row": 0,
            "max_total_variation": 0.0,
            "mean_abs_logp_error": 0.0,
            "p99_abs_logp_error": 0.0,
            "right_logp": -18.314743041992188
          },
          "reverse": {
            "left_logp": -18.314743041992188,
            "max_abs_logp_error": 0.0,
            "max_abs_probability_error": 0.0,
            "max_bin": 0,
            "max_float32_ulp_error": 0,
            "max_row": 0,
            "max_total_variation": 0.0,
            "mean_abs_logp_error": 0.0,
            "p99_abs_logp_error": 0.0,
            "right_logp": -18.314743041992188
          },
          "rows": 356,
          "same_shape_block_permutation": {
            "left_logp": -18.314743041992188,
            "max_abs_logp_error": 0.0,
            "max_abs_probability_error": 0.0,
            "max_bin": 0,
            "max_float32_ulp_error": 0,
            "max_row": 0,
            "max_total_variation": 0.0,
            "mean_abs_logp_error": 0.0,
            "p99_abs_logp_error": 0.0,
            "right_logp": -18.314743041992188
          }
        },
        {
          "bank_index": 1,
          "batch_8": {
            "left_logp": -16.0451602935791,
            "max_abs_logp_error": 7.62939453125e-06,
            "max_abs_probability_error": 2.3106974542108638e-07,
            "max_bin": 24,
            "max_float32_ulp_error": 11,
            "max_row": 157,
            "max_total_variation": 5.035391736196458e-07,
            "mean_abs_logp_error": 1.0186902592691142e-06,
            "p99_abs_logp_error": 4.76837158203125e-06,
            "right_logp": -16.04515266418457
          },
          "context_roll_contiguous": {
            "left_logp": -18.485580444335938,
            "max_abs_logp_error": 7.62939453125e-06,
            "max_abs_probability_error": 1.5222903362865914e-07,
            "max_bin": 95,
            "max_float32_ulp_error": 10,
            "max_row": 221,
            "max_total_variation": 4.1077845073710397e-07,
            "mean_abs_logp_error": 7.466754216826364e-07,
            "p99_abs_logp_error": 3.814697265625e-06,
            "right_logp": -18.48558807373047
          },
          "context_roll_view": {
            "left_logp": -18.485580444335938,
            "max_abs_logp_error": 7.62939453125e-06,
            "max_abs_probability_error": 1.5222903362865914e-07,
            "max_bin": 95,
            "max_float32_ulp_error": 10,
            "max_row": 221,
            "max_total_variation": 4.1077845073710397e-07,
            "mean_abs_logp_error": 7.466754216826364e-07,
            "p99_abs_logp_error": 3.814697265625e-06,
            "right_logp": -18.48558807373047
          },
          "draw_index": 1,
          "random_permutation_1": {
            "left_logp": -14.811078071594238,
            "max_abs_logp_error": 0.0,
            "max_abs_probability_error": 0.0,
            "max_bin": 0,
            "max_float32_ulp_error": 0,
            "max_row": 0,
            "max_total_variation": 0.0,
            "mean_abs_logp_error": 0.0,
            "p99_abs_logp_error": 0.0,
            "right_logp": -14.811078071594238
          },
          "random_permutation_2": {
            "left_logp": -14.811078071594238,
            "max_abs_logp_error": 0.0,
            "max_abs_probability_error": 0.0,
            "max_bin": 0,
            "max_float32_ulp_error": 0,
            "max_row": 0,
            "max_total_variation": 0.0,
            "mean_abs_logp_error": 0.0,
            "p99_abs_logp_error": 0.0,
            "right_logp": -14.811078071594238
          },
          "repeat": {
            "left_logp": -14.811078071594238,
            "max_abs_logp_error": 0.0,
            "max_abs_probability_error": 0.0,
            "max_bin": 0,
            "max_float32_ulp_error": 0,
            "max_row": 0,
            "max_total_variation": 0.0,
            "mean_abs_logp_error": 0.0,
            "p99_abs_logp_error": 0.0,
            "right_logp": -14.811078071594238
          },
          "reverse": {
            "left_logp": -14.811078071594238,
            "max_abs_logp_error": 0.0,
            "max_abs_probability_error": 0.0,
            "max_bin": 0,
            "max_float32_ulp_error": 0,
            "max_row": 0,
            "max_total_variation": 0.0,
            "mean_abs_logp_error": 0.0,
            "p99_abs_logp_error": 0.0,
            "right_logp": -14.811078071594238
          },
          "rows": 356,
          "same_shape_block_permutation": {
            "left_logp": -14.811078071594238,
            "max_abs_logp_error": 0.0,
            "max_abs_probability_error": 0.0,
            "max_bin": 0,
            "max_float32_ulp_error": 0,
            "max_row": 0,
            "max_total_variation": 0.0,
            "mean_abs_logp_error": 0.0,
            "p99_abs_logp_error": 0.0,
            "right_logp": -14.811078071594238
          }
        },
        {
          "bank_index": 2,
          "batch_8": {
            "left_logp": -16.83787727355957,
            "max_abs_logp_error": 7.62939453125e-06,
            "max_abs_probability_error": 2.325078379550316e-07,
            "max_bin": 97,
            "max_float32_ulp_error": 13,
            "max_row": 40,
            "max_total_variation": 8.36990959469277e-07,
            "mean_abs_logp_error": 1.0357641837966274e-06,
            "p99_abs_logp_error": 3.814697265625e-06,
            "right_logp": -16.83786964416504
          },
          "context_roll_contiguous": {
            "left_logp": -16.00403594970703,
            "max_abs_logp_error": 7.62939453125e-06,
            "max_abs_probability_error": 1.5450271442785102e-07,
            "max_bin": 15,
            "max_float32_ulp_error": 9,
            "max_row": 323,
            "max_total_variation": 3.942300880348252e-07,
            "mean_abs_logp_error": 7.684096484117105e-07,
            "p99_abs_logp_error": 3.814697265625e-06,
            "right_logp": -16.004043579101562
          },
          "context_roll_view": {
            "left_logp": -16.00403594970703,
            "max_abs_logp_error": 7.62939453125e-06,
            "max_abs_probability_error": 1.5450271442785102e-07,
            "max_bin": 15,
            "max_float32_ulp_error": 9,
            "max_row": 323,
            "max_total_variation": 3.942300880348252e-07,
            "mean_abs_logp_error": 7.684096484117105e-07,
            "p99_abs_logp_error": 3.814697265625e-06,
            "right_logp": -16.004043579101562
          },
          "draw_index": 1,
          "random_permutation_1": {
            "left_logp": -18.13190269470215,
            "max_abs_logp_error": 0.0,
            "max_abs_probability_error": 0.0,
            "max_bin": 0,
            "max_float32_ulp_error": 0,
            "max_row": 0,
            "max_total_variation": 0.0,
            "mean_abs_logp_error": 0.0,
            "p99_abs_logp_error": 0.0,
            "right_logp": -18.13190269470215
          },
          "random_permutation_2": {
            "left_logp": -18.13190269470215,
            "max_abs_logp_error": 0.0,
            "max_abs_probability_error": 0.0,
            "max_bin": 0,
            "max_float32_ulp_error": 0,
            "max_row": 0,
            "max_total_variation": 0.0,
            "mean_abs_logp_error": 0.0,
            "p99_abs_logp_error": 0.0,
            "right_logp": -18.13190269470215
          },
          "repeat": {
            "left_logp": -18.13190269470215,
            "max_abs_logp_error": 0.0,
            "max_abs_probability_error": 0.0,
            "max_bin": 0,
            "max_float32_ulp_error": 0,
            "max_row": 0,
            "max_total_variation": 0.0,
            "mean_abs_logp_error": 0.0,
            "p99_abs_logp_error": 0.0,
            "right_logp": -18.13190269470215
          },
          "reverse": {
            "left_logp": -18.13190269470215,
            "max_abs_logp_error": 0.0,
            "max_abs_probability_error": 0.0,
            "max_bin": 0,
            "max_float32_ulp_error": 0,
            "max_row": 0,
            "max_total_variation": 0.0,
            "mean_abs_logp_error": 0.0,
            "p99_abs_logp_error": 0.0,
            "right_logp": -18.13190269470215
          },
          "rows": 355,
          "same_shape_block_permutation": {
            "left_logp": -18.13190269470215,
            "max_abs_logp_error": 0.0,
            "max_abs_probability_error": 0.0,
            "max_bin": 0,
            "max_float32_ulp_error": 0,
            "max_row": 0,
            "max_total_variation": 0.0,
            "mean_abs_logp_error": 0.0,
            "p99_abs_logp_error": 0.0,
            "right_logp": -18.13190269470215
          }
        },
        {
          "bank_index": 0,
          "batch_8": {
            "left_logp": -12.593240737915039,
            "max_abs_logp_error": 7.62939453125e-06,
            "max_abs_probability_error": 2.501390931330949e-07,
            "max_bin": 28,
            "max_float32_ulp_error": 19,
            "max_row": 213,
            "max_total_variation": 1.0601696195116643e-06,
            "mean_abs_logp_error": 9.961509972475887e-07,
            "p99_abs_logp_error": 3.814697265625e-06,
            "right_logp": -12.593233108520508
          },
          "context_roll_contiguous": {
            "left_logp": -20.49872589111328,
            "max_abs_logp_error": 7.62939453125e-06,
            "max_abs_probability_error": 1.765453454816157e-07,
            "max_bin": 84,
            "max_float32_ulp_error": 10,
            "max_row": 117,
            "max_total_variation": 5.141681671846459e-07,
            "mean_abs_logp_error": 7.340111089556405e-07,
            "p99_abs_logp_error": 3.814697265625e-06,
            "right_logp": -20.498733520507812
          },
          "context_roll_view": {
            "left_logp": -20.49872589111328,
            "max_abs_logp_error": 7.62939453125e-06,
            "max_abs_probability_error": 1.765453454816157e-07,
            "max_bin": 84,
            "max_float32_ulp_error": 10,
            "max_row": 117,
            "max_total_variation": 5.141681671846459e-07,
            "mean_abs_logp_error": 7.340111089556405e-07,
            "p99_abs_logp_error": 3.814697265625e-06,
            "right_logp": -20.498733520507812
          },
          "draw_index": 2,
          "random_permutation_1": {
            "left_logp": -15.009994506835938,
            "max_abs_logp_error": 0.0,
            "max_abs_probability_error": 0.0,
            "max_bin": 0,
            "max_float32_ulp_error": 0,
            "max_row": 0,
            "max_total_variation": 0.0,
            "mean_abs_logp_error": 0.0,
            "p99_abs_logp_error": 0.0,
            "right_logp": -15.009994506835938
          },
          "random_permutation_2": {
            "left_logp": -15.009994506835938,
            "max_abs_logp_error": 0.0,
            "max_abs_probability_error": 0.0,
            "max_bin": 0,
            "max_float32_ulp_error": 0,
            "max_row": 0,
            "max_total_variation": 0.0,
            "mean_abs_logp_error": 0.0,
            "p99_abs_logp_error": 0.0,
            "right_logp": -15.009994506835938
          },
          "repeat": {
            "left_logp": -15.009994506835938,
            "max_abs_logp_error": 0.0,
            "max_abs_probability_error": 0.0,
            "max_bin": 0,
            "max_float32_ulp_error": 0,
            "max_row": 0,
            "max_total_variation": 0.0,
            "mean_abs_logp_error": 0.0,
            "p99_abs_logp_error": 0.0,
            "right_logp": -15.009994506835938
          },
          "reverse": {
            "left_logp": -15.009994506835938,
            "max_abs_logp_error": 0.0,
            "max_abs_probability_error": 0.0,
            "max_bin": 0,
            "max_float32_ulp_error": 0,
            "max_row": 0,
            "max_total_variation": 0.0,
            "mean_abs_logp_error": 0.0,
            "p99_abs_logp_error": 0.0,
            "right_logp": -15.009994506835938
          },
          "rows": 356,
          "same_shape_block_permutation": {
            "left_logp": -15.009994506835938,
            "max_abs_logp_error": 0.0,
            "max_abs_probability_error": 0.0,
            "max_bin": 0,
            "max_float32_ulp_error": 0,
            "max_row": 0,
            "max_total_variation": 0.0,
            "mean_abs_logp_error": 0.0,
            "p99_abs_logp_error": 0.0,
            "right_logp": -15.009994506835938
          }
        },
        {
          "bank_index": 1,
          "batch_8": {
            "left_logp": -19.155685424804688,
            "max_abs_logp_error": 9.5367431640625e-06,
            "max_abs_probability_error": 2.4199006945502255e-07,
            "max_bin": 8,
            "max_float32_ulp_error": 16,
            "max_row": 107,
            "max_total_variation": 8.121056785388585e-07,
            "mean_abs_logp_error": 1.0368897673789035e-06,
            "p99_abs_logp_error": 3.814697265625e-06,
            "right_logp": -19.15569496154785
          },
          "context_roll_contiguous": {
            "left_logp": -19.440317153930664,
            "max_abs_logp_error": 5.7220458984375e-06,
            "max_abs_probability_error": 1.3708468704631827e-07,
            "max_bin": 2,
            "max_float32_ulp_error": 11,
            "max_row": 10,
            "max_total_variation": 6.36966202820635e-07,
            "mean_abs_logp_error": 7.567780741145102e-07,
            "p99_abs_logp_error": 3.814697265625e-06,
            "right_logp": -19.440311431884766
          },
          "context_roll_view": {
            "left_logp": -19.440317153930664,
            "max_abs_logp_error": 5.7220458984375e-06,
            "max_abs_probability_error": 1.3708468704631827e-07,
            "max_bin": 2,
            "max_float32_ulp_error": 11,
            "max_row": 10,
            "max_total_variation": 6.36966202820635e-07,
            "mean_abs_logp_error": 7.567780741145102e-07,
            "p99_abs_logp_error": 3.814697265625e-06,
            "right_logp": -19.440311431884766
          },
          "draw_index": 2,
          "random_permutation_1": {
            "left_logp": -18.34295654296875,
            "max_abs_logp_error": 0.0,
            "max_abs_probability_error": 0.0,
            "max_bin": 0,
            "max_float32_ulp_error": 0,
            "max_row": 0,
            "max_total_variation": 0.0,
            "mean_abs_logp_error": 0.0,
            "p99_abs_logp_error": 0.0,
            "right_logp": -18.34295654296875
          },
          "random_permutation_2": {
            "left_logp": -18.34295654296875,
            "max_abs_logp_error": 0.0,
            "max_abs_probability_error": 0.0,
            "max_bin": 0,
            "max_float32_ulp_error": 0,
            "max_row": 0,
            "max_total_variation": 0.0,
            "mean_abs_logp_error": 0.0,
            "p99_abs_logp_error": 0.0,
            "right_logp": -18.34295654296875
          },
          "repeat": {
            "left_logp": -18.34295654296875,
            "max_abs_logp_error": 0.0,
            "max_abs_probability_error": 0.0,
            "max_bin": 0,
            "max_float32_ulp_error": 0,
            "max_row": 0,
            "max_total_variation": 0.0,
            "mean_abs_logp_error": 0.0,
            "p99_abs_logp_error": 0.0,
            "right_logp": -18.34295654296875
          },
          "reverse": {
            "left_logp": -18.34295654296875,
            "max_abs_logp_error": 0.0,
            "max_abs_probability_error": 0.0,
            "max_bin": 0,
            "max_float32_ulp_error": 0,
            "max_row": 0,
            "max_total_variation": 0.0,
            "mean_abs_logp_error": 0.0,
            "p99_abs_logp_error": 0.0,
            "right_logp": -18.34295654296875
          },
          "rows": 356,
          "same_shape_block_permutation": {
            "left_logp": -18.34295654296875,
            "max_abs_logp_error": 0.0,
            "max_abs_probability_error": 0.0,
            "max_bin": 0,
            "max_float32_ulp_error": 0,
            "max_row": 0,
            "max_total_variation": 0.0,
            "mean_abs_logp_error": 0.0,
            "p99_abs_logp_error": 0.0,
            "right_logp": -18.34295654296875
          }
        },
        {
          "bank_index": 2,
          "batch_8": {
            "left_logp": -17.644485473632812,
            "max_abs_logp_error": 1.1444091796875e-05,
            "max_abs_probability_error": 2.3535482027159382e-07,
            "max_bin": 99,
            "max_float32_ulp_error": 11,
            "max_row": 293,
            "max_total_variation": 5.286152591005536e-07,
            "mean_abs_logp_error": 1.0113749705569845e-06,
            "p99_abs_logp_error": 3.814697265625e-06,
            "right_logp": -17.644474029541016
          },
          "context_roll_contiguous": {
            "left_logp": -15.276433944702148,
            "max_abs_logp_error": 5.7220458984375e-06,
            "max_abs_probability_error": 1.427581899915431e-07,
            "max_bin": 89,
            "max_float32_ulp_error": 10,
            "max_row": 51,
            "max_total_variation": 4.4571541831598156e-07,
            "mean_abs_logp_error": 7.342990015594052e-07,
            "p99_abs_logp_error": 3.814697265625e-06,
            "right_logp": -15.276439666748047
          },
          "context_roll_view": {
            "left_logp": -15.276433944702148,
            "max_abs_logp_error": 5.7220458984375e-06,
            "max_abs_probability_error": 1.427581899915431e-07,
            "max_bin": 89,
            "max_float32_ulp_error": 10,
            "max_row": 51,
            "max_total_variation": 4.4571541831598156e-07,
            "mean_abs_logp_error": 7.342990015594052e-07,
            "p99_abs_logp_error": 3.814697265625e-06,
            "right_logp": -15.276439666748047
          },
          "draw_index": 2,
          "random_permutation_1": {
            "left_logp": -13.482937812805176,
            "max_abs_logp_error": 0.0,
            "max_abs_probability_error": 0.0,
            "max_bin": 0,
            "max_float32_ulp_error": 0,
            "max_row": 0,
            "max_total_variation": 0.0,
            "mean_abs_logp_error": 0.0,
            "p99_abs_logp_error": 0.0,
            "right_logp": -13.482937812805176
          },
          "random_permutation_2": {
            "left_logp": -13.482937812805176,
            "max_abs_logp_error": 0.0,
            "max_abs_probability_error": 0.0,
            "max_bin": 0,
            "max_float32_ulp_error": 0,
            "max_row": 0,
            "max_total_variation": 0.0,
            "mean_abs_logp_error": 0.0,
            "p99_abs_logp_error": 0.0,
            "right_logp": -13.482937812805176
          },
          "repeat": {
            "left_logp": -13.482937812805176,
            "max_abs_logp_error": 0.0,
            "max_abs_probability_error": 0.0,
            "max_bin": 0,
            "max_float32_ulp_error": 0,
            "max_row": 0,
            "max_total_variation": 0.0,
            "mean_abs_logp_error": 0.0,
            "p99_abs_logp_error": 0.0,
            "right_logp": -13.482937812805176
          },
          "reverse": {
            "left_logp": -13.482937812805176,
            "max_abs_logp_error": 0.0,
            "max_abs_probability_error": 0.0,
            "max_bin": 0,
            "max_float32_ulp_error": 0,
            "max_row": 0,
            "max_total_variation": 0.0,
            "mean_abs_logp_error": 0.0,
            "p99_abs_logp_error": 0.0,
            "right_logp": -13.482937812805176
          },
          "rows": 355,
          "same_shape_block_permutation": {
            "left_logp": -13.482937812805176,
            "max_abs_logp_error": 0.0,
            "max_abs_probability_error": 0.0,
            "max_bin": 0,
            "max_float32_ulp_error": 0,
            "max_row": 0,
            "max_total_variation": 0.0,
            "mean_abs_logp_error": 0.0,
            "p99_abs_logp_error": 0.0,
            "right_logp": -13.482937812805176
          }
        }
      ],
      "prior": "C",
      "remainder_35": {
        "left_logp": -13.119135856628418,
        "max_abs_logp_error": 0.0,
        "max_abs_probability_error": 0.0,
        "max_bin": 0,
        "max_float32_ulp_error": 0,
        "max_row": 0,
        "max_total_variation": 0.0,
        "mean_abs_logp_error": 0.0,
        "p99_abs_logp_error": 0.0,
        "right_logp": -13.119135856628418
      },
      "remainder_36": {
        "left_logp": -13.119135856628418,
        "max_abs_logp_error": 0.0,
        "max_abs_probability_error": 0.0,
        "max_bin": 0,
        "max_float32_ulp_error": 0,
        "max_row": 0,
        "max_total_variation": 0.0,
        "mean_abs_logp_error": 0.0,
        "p99_abs_logp_error": 0.0,
        "right_logp": -13.119135856628418
      },
      "remainder_43": {
        "left_logp": -13.119135856628418,
        "max_abs_logp_error": 0.0,
        "max_abs_probability_error": 0.0,
        "max_bin": 0,
        "max_float32_ulp_error": 0,
        "max_row": 0,
        "max_total_variation": 0.0,
        "mean_abs_logp_error": 0.0,
        "p99_abs_logp_error": 0.0,
        "right_logp": -13.119135856628418
      },
      "repeat": {
        "left_logp": -13.119135856628418,
        "max_abs_logp_error": 0.0,
        "max_abs_probability_error": 0.0,
        "max_bin": 0,
        "max_float32_ulp_error": 0,
        "max_row": 0,
        "max_total_variation": 0.0,
        "mean_abs_logp_error": 0.0,
        "p99_abs_logp_error": 0.0,
        "right_logp": -13.119135856628418
      },
      "reverse_batch": {
        "left_logp": -13.187996864318848,
        "max_abs_logp_error": 6.67572021484375e-06,
        "max_abs_probability_error": 1.326209935204048e-07,
        "max_bin": 17,
        "max_float32_ulp_error": 10,
        "max_row": 64,
        "max_total_variation": 3.1513020637075113e-07,
        "mean_abs_logp_error": 2.4682945675320095e-07,
        "p99_abs_logp_error": 3.814697265625e-06,
        "right_logp": -13.188003540039062
      },
      "rows": 72,
      "same_shape_block_permutation": {
        "left_logp": -13.119135856628418,
        "max_abs_logp_error": 0.0,
        "max_abs_probability_error": 0.0,
        "max_bin": 0,
        "max_float32_ulp_error": 0,
        "max_row": 0,
        "max_total_variation": 0.0,
        "mean_abs_logp_error": 0.0,
        "p99_abs_logp_error": 0.0,
        "right_logp": -13.119135856628418
      },
      "seed": 1,
      "singleton": {
        "left_logp": -17.767932891845703,
        "max_abs_logp_error": 5.7220458984375e-06,
        "max_abs_probability_error": 1.840559434584943e-07,
        "max_bin": 3,
        "max_float32_ulp_error": 9,
        "max_row": 5,
        "max_total_variation": 4.591748654508248e-07,
        "mean_abs_logp_error": 9.911093446943495e-07,
        "p99_abs_logp_error": 3.814697265625e-06,
        "right_logp": -17.767927169799805
      },
      "step": 60000
    },
    {
      "batch_8": {
        "left_logp": -16.85843849182129,
        "max_abs_logp_error": 7.62939453125e-06,
        "max_abs_probability_error": 2.1649089054776027e-07,
        "max_bin": 3,
        "max_float32_ulp_error": 15,
        "max_row": 20,
        "max_total_variation": 4.3070695924996266e-07,
        "mean_abs_logp_error": 1.1494590176476372e-06,
        "p99_abs_logp_error": 4.76837158203125e-06,
        "right_logp": -16.85844612121582
      },
      "checkpoint_sha256": "6eae9d8ec2fcece917ce96d093a65e6ba1c8d1227be93000d0a0a4cc9f6abc02",
      "context_roll": {
        "left_logp": -16.683399200439453,
        "max_abs_logp_error": 5.7220458984375e-06,
        "max_abs_probability_error": 1.824169937048037e-07,
        "max_bin": 1,
        "max_float32_ulp_error": 10,
        "max_row": 0,
        "max_total_variation": 4.257365340358692e-07,
        "mean_abs_logp_error": 8.133881621890598e-07,
        "p99_abs_logp_error": 3.814697265625e-06,
        "right_logp": -16.683393478393555
      },
      "fixed_shape_companion_replacement": {
        "left_logp": -14.439992904663086,
        "max_abs_logp_error": 0.0,
        "max_abs_probability_error": 0.0,
        "max_bin": 0,
        "max_float32_ulp_error": 0,
        "max_row": 0,
        "max_total_variation": 0.0,
        "mean_abs_logp_error": 0.0,
        "p99_abs_logp_error": 0.0,
        "right_logp": -14.439992904663086
      },
      "fixed_shape_focal_relocation": {
        "left_logp": -14.439992904663086,
        "max_abs_logp_error": 0.0,
        "max_abs_probability_error": 0.0,
        "max_bin": 0,
        "max_float32_ulp_error": 0,
        "max_row": 0,
        "max_total_variation": 0.0,
        "mean_abs_logp_error": 0.0,
        "p99_abs_logp_error": 0.0,
        "right_logp": -14.439992904663086
      },
      "full_panel_rows": 3201,
      "full_panel_shards": [
        {
          "bank_index": 0,
          "batch_8": {
            "left_logp": -19.87174415588379,
            "max_abs_logp_error": 9.5367431640625e-06,
            "max_abs_probability_error": 3.804034544585555e-07,
            "max_bin": 99,
            "max_float32_ulp_error": 17,
            "max_row": 149,
            "max_total_variation": 8.813994204360218e-07,
            "mean_abs_logp_error": 1.243828387742632e-06,
            "p99_abs_logp_error": 5.7220458984375e-06,
            "right_logp": -19.871753692626953
          },
          "context_roll_contiguous": {
            "left_logp": -22.628742218017578,
            "max_abs_logp_error": 7.62939453125e-06,
            "max_abs_probability_error": 1.7958045189780947e-07,
            "max_bin": 6,
            "max_float32_ulp_error": 12,
            "max_row": 203,
            "max_total_variation": 5.58458292858236e-07,
            "mean_abs_logp_error": 8.656469623694259e-07,
            "p99_abs_logp_error": 3.814697265625e-06,
            "right_logp": -22.628734588623047
          },
          "context_roll_view": {
            "left_logp": -22.628742218017578,
            "max_abs_logp_error": 7.62939453125e-06,
            "max_abs_probability_error": 1.7958045189780947e-07,
            "max_bin": 6,
            "max_float32_ulp_error": 12,
            "max_row": 203,
            "max_total_variation": 5.58458292858236e-07,
            "mean_abs_logp_error": 8.656469623694259e-07,
            "p99_abs_logp_error": 3.814697265625e-06,
            "right_logp": -22.628734588623047
          },
          "draw_index": 0,
          "random_permutation_1": {
            "left_logp": -14.439992904663086,
            "max_abs_logp_error": 0.0,
            "max_abs_probability_error": 0.0,
            "max_bin": 0,
            "max_float32_ulp_error": 0,
            "max_row": 0,
            "max_total_variation": 0.0,
            "mean_abs_logp_error": 0.0,
            "p99_abs_logp_error": 0.0,
            "right_logp": -14.439992904663086
          },
          "random_permutation_2": {
            "left_logp": -14.439992904663086,
            "max_abs_logp_error": 0.0,
            "max_abs_probability_error": 0.0,
            "max_bin": 0,
            "max_float32_ulp_error": 0,
            "max_row": 0,
            "max_total_variation": 0.0,
            "mean_abs_logp_error": 0.0,
            "p99_abs_logp_error": 0.0,
            "right_logp": -14.439992904663086
          },
          "repeat": {
            "left_logp": -14.439992904663086,
            "max_abs_logp_error": 0.0,
            "max_abs_probability_error": 0.0,
            "max_bin": 0,
            "max_float32_ulp_error": 0,
            "max_row": 0,
            "max_total_variation": 0.0,
            "mean_abs_logp_error": 0.0,
            "p99_abs_logp_error": 0.0,
            "right_logp": -14.439992904663086
          },
          "reverse": {
            "left_logp": -14.439992904663086,
            "max_abs_logp_error": 0.0,
            "max_abs_probability_error": 0.0,
            "max_bin": 0,
            "max_float32_ulp_error": 0,
            "max_row": 0,
            "max_total_variation": 0.0,
            "mean_abs_logp_error": 0.0,
            "p99_abs_logp_error": 0.0,
            "right_logp": -14.439992904663086
          },
          "rows": 356,
          "same_shape_block_permutation": {
            "left_logp": -14.439992904663086,
            "max_abs_logp_error": 0.0,
            "max_abs_probability_error": 0.0,
            "max_bin": 0,
            "max_float32_ulp_error": 0,
            "max_row": 0,
            "max_total_variation": 0.0,
            "mean_abs_logp_error": 0.0,
            "p99_abs_logp_error": 0.0,
            "right_logp": -14.439992904663086
          }
        },
        {
          "bank_index": 1,
          "batch_8": {
            "left_logp": -19.650501251220703,
            "max_abs_logp_error": 1.71661376953125e-05,
            "max_abs_probability_error": 2.6674520067770935e-07,
            "max_bin": 99,
            "max_float32_ulp_error": 16,
            "max_row": 253,
            "max_total_variation": 7.405629382396149e-07,
            "mean_abs_logp_error": 1.2197353866662871e-06,
            "p99_abs_logp_error": 5.7220458984375e-06,
            "right_logp": -19.6505184173584
          },
          "context_roll_contiguous": {
            "left_logp": -16.30316734313965,
            "max_abs_logp_error": 9.5367431640625e-06,
            "max_abs_probability_error": 1.824169937048037e-07,
            "max_bin": 88,
            "max_float32_ulp_error": 11,
            "max_row": 67,
            "max_total_variation": 5.088435570983486e-07,
            "mean_abs_logp_error": 8.87747560994009e-07,
            "p99_abs_logp_error": 3.814697265625e-06,
            "right_logp": -16.303176879882812
          },
          "context_roll_view": {
            "left_logp": -16.30316734313965,
            "max_abs_logp_error": 9.5367431640625e-06,
            "max_abs_probability_error": 1.824169937048037e-07,
            "max_bin": 88,
            "max_float32_ulp_error": 11,
            "max_row": 67,
            "max_total_variation": 5.088435570983486e-07,
            "mean_abs_logp_error": 8.87747560994009e-07,
            "p99_abs_logp_error": 3.814697265625e-06,
            "right_logp": -16.303176879882812
          },
          "draw_index": 0,
          "random_permutation_1": {
            "left_logp": -16.430274963378906,
            "max_abs_logp_error": 0.0,
            "max_abs_probability_error": 0.0,
            "max_bin": 0,
            "max_float32_ulp_error": 0,
            "max_row": 0,
            "max_total_variation": 0.0,
            "mean_abs_logp_error": 0.0,
            "p99_abs_logp_error": 0.0,
            "right_logp": -16.430274963378906
          },
          "random_permutation_2": {
            "left_logp": -16.430274963378906,
            "max_abs_logp_error": 0.0,
            "max_abs_probability_error": 0.0,
            "max_bin": 0,
            "max_float32_ulp_error": 0,
            "max_row": 0,
            "max_total_variation": 0.0,
            "mean_abs_logp_error": 0.0,
            "p99_abs_logp_error": 0.0,
            "right_logp": -16.430274963378906
          },
          "repeat": {
            "left_logp": -16.430274963378906,
            "max_abs_logp_error": 0.0,
            "max_abs_probability_error": 0.0,
            "max_bin": 0,
            "max_float32_ulp_error": 0,
            "max_row": 0,
            "max_total_variation": 0.0,
            "mean_abs_logp_error": 0.0,
            "p99_abs_logp_error": 0.0,
            "right_logp": -16.430274963378906
          },
          "reverse": {
            "left_logp": -16.430274963378906,
            "max_abs_logp_error": 0.0,
            "max_abs_probability_error": 0.0,
            "max_bin": 0,
            "max_float32_ulp_error": 0,
            "max_row": 0,
            "max_total_variation": 0.0,
            "mean_abs_logp_error": 0.0,
            "p99_abs_logp_error": 0.0,
            "right_logp": -16.430274963378906
          },
          "rows": 356,
          "same_shape_block_permutation": {
            "left_logp": -16.430274963378906,
            "max_abs_logp_error": 0.0,
            "max_abs_probability_error": 0.0,
            "max_bin": 0,
            "max_float32_ulp_error": 0,
            "max_row": 0,
            "max_total_variation": 0.0,
            "mean_abs_logp_error": 0.0,
            "p99_abs_logp_error": 0.0,
            "right_logp": -16.430274963378906
          }
        },
        {
          "bank_index": 2,
          "batch_8": {
            "left_logp": -20.26694107055664,
            "max_abs_logp_error": 1.1444091796875e-05,
            "max_abs_probability_error": 2.675385819550513e-07,
            "max_bin": 99,
            "max_float32_ulp_error": 18,
            "max_row": 142,
            "max_total_variation": 6.226849356761296e-07,
            "mean_abs_logp_error": 1.2303506824332223e-06,
            "p99_abs_logp_error": 5.7220458984375e-06,
            "right_logp": -20.266929626464844
          },
          "context_roll_contiguous": {
            "left_logp": -21.05504035949707,
            "max_abs_logp_error": 7.62939453125e-06,
            "max_abs_probability_error": 1.5716659720887982e-07,
            "max_bin": 1,
            "max_float32_ulp_error": 12,
            "max_row": 196,
            "max_total_variation": 5.081137378127694e-07,
            "mean_abs_logp_error": 8.58306884765625e-07,
            "p99_abs_logp_error": 3.814697265625e-06,
            "right_logp": -21.05503273010254
          },
          "context_roll_view": {
            "left_logp": -21.05504035949707,
            "max_abs_logp_error": 7.62939453125e-06,
            "max_abs_probability_error": 1.5716659720887982e-07,
            "max_bin": 1,
            "max_float32_ulp_error": 12,
            "max_row": 196,
            "max_total_variation": 5.081137378127694e-07,
            "mean_abs_logp_error": 8.58306884765625e-07,
            "p99_abs_logp_error": 3.814697265625e-06,
            "right_logp": -21.05503273010254
          },
          "draw_index": 0,
          "random_permutation_1": {
            "left_logp": -14.357891082763672,
            "max_abs_logp_error": 0.0,
            "max_abs_probability_error": 0.0,
            "max_bin": 0,
            "max_float32_ulp_error": 0,
            "max_row": 0,
            "max_total_variation": 0.0,
            "mean_abs_logp_error": 0.0,
            "p99_abs_logp_error": 0.0,
            "right_logp": -14.357891082763672
          },
          "random_permutation_2": {
            "left_logp": -14.357891082763672,
            "max_abs_logp_error": 0.0,
            "max_abs_probability_error": 0.0,
            "max_bin": 0,
            "max_float32_ulp_error": 0,
            "max_row": 0,
            "max_total_variation": 0.0,
            "mean_abs_logp_error": 0.0,
            "p99_abs_logp_error": 0.0,
            "right_logp": -14.357891082763672
          },
          "repeat": {
            "left_logp": -14.357891082763672,
            "max_abs_logp_error": 0.0,
            "max_abs_probability_error": 0.0,
            "max_bin": 0,
            "max_float32_ulp_error": 0,
            "max_row": 0,
            "max_total_variation": 0.0,
            "mean_abs_logp_error": 0.0,
            "p99_abs_logp_error": 0.0,
            "right_logp": -14.357891082763672
          },
          "reverse": {
            "left_logp": -14.357891082763672,
            "max_abs_logp_error": 0.0,
            "max_abs_probability_error": 0.0,
            "max_bin": 0,
            "max_float32_ulp_error": 0,
            "max_row": 0,
            "max_total_variation": 0.0,
            "mean_abs_logp_error": 0.0,
            "p99_abs_logp_error": 0.0,
            "right_logp": -14.357891082763672
          },
          "rows": 355,
          "same_shape_block_permutation": {
            "left_logp": -14.357891082763672,
            "max_abs_logp_error": 0.0,
            "max_abs_probability_error": 0.0,
            "max_bin": 0,
            "max_float32_ulp_error": 0,
            "max_row": 0,
            "max_total_variation": 0.0,
            "mean_abs_logp_error": 0.0,
            "p99_abs_logp_error": 0.0,
            "right_logp": -14.357891082763672
          }
        },
        {
          "bank_index": 0,
          "batch_8": {
            "left_logp": -20.511245727539062,
            "max_abs_logp_error": 1.33514404296875e-05,
            "max_abs_probability_error": 3.1975218914293e-07,
            "max_bin": 99,
            "max_float32_ulp_error": 18,
            "max_row": 17,
            "max_total_variation": 9.81073453758301e-07,
            "mean_abs_logp_error": 1.2321586019537423e-06,
            "p99_abs_logp_error": 5.7220458984375e-06,
            "right_logp": -20.511259078979492
          },
          "context_roll_contiguous": {
            "left_logp": -18.806320190429688,
            "max_abs_logp_error": 9.5367431640625e-06,
            "max_abs_probability_error": 1.8983669269889702e-07,
            "max_bin": 99,
            "max_float32_ulp_error": 15,
            "max_row": 117,
            "max_total_variation": 7.163981096823456e-07,
            "mean_abs_logp_error": 9.052304739362738e-07,
            "p99_abs_logp_error": 4.76837158203125e-06,
            "right_logp": -18.80632972717285
          },
          "context_roll_view": {
            "left_logp": -18.806320190429688,
            "max_abs_logp_error": 9.5367431640625e-06,
            "max_abs_probability_error": 1.8983669269889702e-07,
            "max_bin": 99,
            "max_float32_ulp_error": 15,
            "max_row": 117,
            "max_total_variation": 7.163981096823456e-07,
            "mean_abs_logp_error": 9.052304739362738e-07,
            "p99_abs_logp_error": 4.76837158203125e-06,
            "right_logp": -18.80632972717285
          },
          "draw_index": 1,
          "random_permutation_1": {
            "left_logp": -21.947376251220703,
            "max_abs_logp_error": 0.0,
            "max_abs_probability_error": 0.0,
            "max_bin": 0,
            "max_float32_ulp_error": 0,
            "max_row": 0,
            "max_total_variation": 0.0,
            "mean_abs_logp_error": 0.0,
            "p99_abs_logp_error": 0.0,
            "right_logp": -21.947376251220703
          },
          "random_permutation_2": {
            "left_logp": -21.947376251220703,
            "max_abs_logp_error": 0.0,
            "max_abs_probability_error": 0.0,
            "max_bin": 0,
            "max_float32_ulp_error": 0,
            "max_row": 0,
            "max_total_variation": 0.0,
            "mean_abs_logp_error": 0.0,
            "p99_abs_logp_error": 0.0,
            "right_logp": -21.947376251220703
          },
          "repeat": {
            "left_logp": -21.947376251220703,
            "max_abs_logp_error": 0.0,
            "max_abs_probability_error": 0.0,
            "max_bin": 0,
            "max_float32_ulp_error": 0,
            "max_row": 0,
            "max_total_variation": 0.0,
            "mean_abs_logp_error": 0.0,
            "p99_abs_logp_error": 0.0,
            "right_logp": -21.947376251220703
          },
          "reverse": {
            "left_logp": -21.947376251220703,
            "max_abs_logp_error": 0.0,
            "max_abs_probability_error": 0.0,
            "max_bin": 0,
            "max_float32_ulp_error": 0,
            "max_row": 0,
            "max_total_variation": 0.0,
            "mean_abs_logp_error": 0.0,
            "p99_abs_logp_error": 0.0,
            "right_logp": -21.947376251220703
          },
          "rows": 356,
          "same_shape_block_permutation": {
            "left_logp": -21.947376251220703,
            "max_abs_logp_error": 0.0,
            "max_abs_probability_error": 0.0,
            "max_bin": 0,
            "max_float32_ulp_error": 0,
            "max_row": 0,
            "max_total_variation": 0.0,
            "mean_abs_logp_error": 0.0,
            "p99_abs_logp_error": 0.0,
            "right_logp": -21.947376251220703
          }
        },
        {
          "bank_index": 1,
          "batch_8": {
            "left_logp": -21.731895446777344,
            "max_abs_logp_error": 1.9073486328125e-05,
            "max_abs_probability_error": 3.322436805536233e-07,
            "max_bin": 99,
            "max_float32_ulp_error": 29,
            "max_row": 32,
            "max_total_variation": 1.996038085179163e-06,
            "mean_abs_logp_error": 1.3031751922007357e-06,
            "p99_abs_logp_error": 5.7220458984375e-06,
            "right_logp": -21.731914520263672
          },
          "context_roll_contiguous": {
            "left_logp": -21.731895446777344,
            "max_abs_logp_error": 9.5367431640625e-06,
            "max_abs_probability_error": 1.3761801742617763e-07,
            "max_bin": 99,
            "max_float32_ulp_error": 14,
            "max_row": 32,
            "max_total_variation": 5.535479055960846e-07,
            "mean_abs_logp_error": 8.71999210186219e-07,
            "p99_abs_logp_error": 3.814697265625e-06,
            "right_logp": -21.731904983520508
          },
          "context_roll_view": {
            "left_logp": -21.731895446777344,
            "max_abs_logp_error": 9.5367431640625e-06,
            "max_abs_probability_error": 1.3761801742617763e-07,
            "max_bin": 99,
            "max_float32_ulp_error": 14,
            "max_row": 32,
            "max_total_variation": 5.535479055960846e-07,
            "mean_abs_logp_error": 8.71999210186219e-07,
            "p99_abs_logp_error": 3.814697265625e-06,
            "right_logp": -21.731904983520508
          },
          "draw_index": 1,
          "random_permutation_1": {
            "left_logp": -15.40517807006836,
            "max_abs_logp_error": 0.0,
            "max_abs_probability_error": 0.0,
            "max_bin": 0,
            "max_float32_ulp_error": 0,
            "max_row": 0,
            "max_total_variation": 0.0,
            "mean_abs_logp_error": 0.0,
            "p99_abs_logp_error": 0.0,
            "right_logp": -15.40517807006836
          },
          "random_permutation_2": {
            "left_logp": -15.40517807006836,
            "max_abs_logp_error": 0.0,
            "max_abs_probability_error": 0.0,
            "max_bin": 0,
            "max_float32_ulp_error": 0,
            "max_row": 0,
            "max_total_variation": 0.0,
            "mean_abs_logp_error": 0.0,
            "p99_abs_logp_error": 0.0,
            "right_logp": -15.40517807006836
          },
          "repeat": {
            "left_logp": -15.40517807006836,
            "max_abs_logp_error": 0.0,
            "max_abs_probability_error": 0.0,
            "max_bin": 0,
            "max_float32_ulp_error": 0,
            "max_row": 0,
            "max_total_variation": 0.0,
            "mean_abs_logp_error": 0.0,
            "p99_abs_logp_error": 0.0,
            "right_logp": -15.40517807006836
          },
          "reverse": {
            "left_logp": -15.40517807006836,
            "max_abs_logp_error": 0.0,
            "max_abs_probability_error": 0.0,
            "max_bin": 0,
            "max_float32_ulp_error": 0,
            "max_row": 0,
            "max_total_variation": 0.0,
            "mean_abs_logp_error": 0.0,
            "p99_abs_logp_error": 0.0,
            "right_logp": -15.40517807006836
          },
          "rows": 356,
          "same_shape_block_permutation": {
            "left_logp": -15.40517807006836,
            "max_abs_logp_error": 0.0,
            "max_abs_probability_error": 0.0,
            "max_bin": 0,
            "max_float32_ulp_error": 0,
            "max_row": 0,
            "max_total_variation": 0.0,
            "mean_abs_logp_error": 0.0,
            "p99_abs_logp_error": 0.0,
            "right_logp": -15.40517807006836
          }
        },
        {
          "bank_index": 2,
          "batch_8": {
            "left_logp": -11.136665344238281,
            "max_abs_logp_error": 1.049041748046875e-05,
            "max_abs_probability_error": 2.355133090214956e-07,
            "max_bin": 71,
            "max_float32_ulp_error": 17,
            "max_row": 13,
            "max_total_variation": 7.186119743785812e-07,
            "mean_abs_logp_error": 1.2890251589493012e-06,
            "p99_abs_logp_error": 5.7220458984375e-06,
            "right_logp": -11.136675834655762
          },
          "context_roll_contiguous": {
            "left_logp": -17.083969116210938,
            "max_abs_logp_error": 9.5367431640625e-06,
            "max_abs_probability_error": 1.9025595127120098e-07,
            "max_bin": 92,
            "max_float32_ulp_error": 11,
            "max_row": 75,
            "max_total_variation": 3.256932219901436e-07,
            "mean_abs_logp_error": 8.771956806451502e-07,
            "p99_abs_logp_error": 3.814697265625e-06,
            "right_logp": -17.0839786529541
          },
          "context_roll_view": {
            "left_logp": -17.083969116210938,
            "max_abs_logp_error": 9.5367431640625e-06,
            "max_abs_probability_error": 1.9025595127120098e-07,
            "max_bin": 92,
            "max_float32_ulp_error": 11,
            "max_row": 75,
            "max_total_variation": 3.256932219901436e-07,
            "mean_abs_logp_error": 8.771956806451502e-07,
            "p99_abs_logp_error": 3.814697265625e-06,
            "right_logp": -17.0839786529541
          },
          "draw_index": 1,
          "random_permutation_1": {
            "left_logp": -20.05405616760254,
            "max_abs_logp_error": 0.0,
            "max_abs_probability_error": 0.0,
            "max_bin": 0,
            "max_float32_ulp_error": 0,
            "max_row": 0,
            "max_total_variation": 0.0,
            "mean_abs_logp_error": 0.0,
            "p99_abs_logp_error": 0.0,
            "right_logp": -20.05405616760254
          },
          "random_permutation_2": {
            "left_logp": -20.05405616760254,
            "max_abs_logp_error": 0.0,
            "max_abs_probability_error": 0.0,
            "max_bin": 0,
            "max_float32_ulp_error": 0,
            "max_row": 0,
            "max_total_variation": 0.0,
            "mean_abs_logp_error": 0.0,
            "p99_abs_logp_error": 0.0,
            "right_logp": -20.05405616760254
          },
          "repeat": {
            "left_logp": -20.05405616760254,
            "max_abs_logp_error": 0.0,
            "max_abs_probability_error": 0.0,
            "max_bin": 0,
            "max_float32_ulp_error": 0,
            "max_row": 0,
            "max_total_variation": 0.0,
            "mean_abs_logp_error": 0.0,
            "p99_abs_logp_error": 0.0,
            "right_logp": -20.05405616760254
          },
          "reverse": {
            "left_logp": -20.05405616760254,
            "max_abs_logp_error": 0.0,
            "max_abs_probability_error": 0.0,
            "max_bin": 0,
            "max_float32_ulp_error": 0,
            "max_row": 0,
            "max_total_variation": 0.0,
            "mean_abs_logp_error": 0.0,
            "p99_abs_logp_error": 0.0,
            "right_logp": -20.05405616760254
          },
          "rows": 355,
          "same_shape_block_permutation": {
            "left_logp": -20.05405616760254,
            "max_abs_logp_error": 0.0,
            "max_abs_probability_error": 0.0,
            "max_bin": 0,
            "max_float32_ulp_error": 0,
            "max_row": 0,
            "max_total_variation": 0.0,
            "mean_abs_logp_error": 0.0,
            "p99_abs_logp_error": 0.0,
            "right_logp": -20.05405616760254
          }
        },
        {
          "bank_index": 0,
          "batch_8": {
            "left_logp": -16.04529571533203,
            "max_abs_logp_error": 1.1444091796875e-05,
            "max_abs_probability_error": 3.4207103311034714e-07,
            "max_bin": 99,
            "max_float32_ulp_error": 14,
            "max_row": 113,
            "max_total_variation": 6.439355977391655e-07,
            "mean_abs_logp_error": 1.2183758649933204e-06,
            "p99_abs_logp_error": 5.7220458984375e-06,
            "right_logp": -16.045307159423828
          },
          "context_roll_contiguous": {
            "left_logp": -27.550493240356445,
            "max_abs_logp_error": 9.5367431640625e-06,
            "max_abs_probability_error": 1.520280963340781e-07,
            "max_bin": 99,
            "max_float32_ulp_error": 10,
            "max_row": 117,
            "max_total_variation": 4.760018232436581e-07,
            "mean_abs_logp_error": 8.567430999841583e-07,
            "p99_abs_logp_error": 3.814697265625e-06,
            "right_logp": -27.55050277709961
          },
          "context_roll_view": {
            "left_logp": -27.550493240356445,
            "max_abs_logp_error": 9.5367431640625e-06,
            "max_abs_probability_error": 1.520280963340781e-07,
            "max_bin": 99,
            "max_float32_ulp_error": 10,
            "max_row": 117,
            "max_total_variation": 4.760018232436581e-07,
            "mean_abs_logp_error": 8.567430999841583e-07,
            "p99_abs_logp_error": 3.814697265625e-06,
            "right_logp": -27.55050277709961
          },
          "draw_index": 2,
          "random_permutation_1": {
            "left_logp": -16.133281707763672,
            "max_abs_logp_error": 0.0,
            "max_abs_probability_error": 0.0,
            "max_bin": 0,
            "max_float32_ulp_error": 0,
            "max_row": 0,
            "max_total_variation": 0.0,
            "mean_abs_logp_error": 0.0,
            "p99_abs_logp_error": 0.0,
            "right_logp": -16.133281707763672
          },
          "random_permutation_2": {
            "left_logp": -16.133281707763672,
            "max_abs_logp_error": 0.0,
            "max_abs_probability_error": 0.0,
            "max_bin": 0,
            "max_float32_ulp_error": 0,
            "max_row": 0,
            "max_total_variation": 0.0,
            "mean_abs_logp_error": 0.0,
            "p99_abs_logp_error": 0.0,
            "right_logp": -16.133281707763672
          },
          "repeat": {
            "left_logp": -16.133281707763672,
            "max_abs_logp_error": 0.0,
            "max_abs_probability_error": 0.0,
            "max_bin": 0,
            "max_float32_ulp_error": 0,
            "max_row": 0,
            "max_total_variation": 0.0,
            "mean_abs_logp_error": 0.0,
            "p99_abs_logp_error": 0.0,
            "right_logp": -16.133281707763672
          },
          "reverse": {
            "left_logp": -16.133281707763672,
            "max_abs_logp_error": 0.0,
            "max_abs_probability_error": 0.0,
            "max_bin": 0,
            "max_float32_ulp_error": 0,
            "max_row": 0,
            "max_total_variation": 0.0,
            "mean_abs_logp_error": 0.0,
            "p99_abs_logp_error": 0.0,
            "right_logp": -16.133281707763672
          },
          "rows": 356,
          "same_shape_block_permutation": {
            "left_logp": -16.133281707763672,
            "max_abs_logp_error": 0.0,
            "max_abs_probability_error": 0.0,
            "max_bin": 0,
            "max_float32_ulp_error": 0,
            "max_row": 0,
            "max_total_variation": 0.0,
            "mean_abs_logp_error": 0.0,
            "p99_abs_logp_error": 0.0,
            "right_logp": -16.133281707763672
          }
        },
        {
          "bank_index": 1,
          "batch_8": {
            "left_logp": -15.456281661987305,
            "max_abs_logp_error": 1.52587890625e-05,
            "max_abs_probability_error": 2.526042731099132e-07,
            "max_bin": 99,
            "max_float32_ulp_error": 22,
            "max_row": 326,
            "max_total_variation": 7.517307405517692e-07,
            "mean_abs_logp_error": 1.1887376228075348e-06,
            "p99_abs_logp_error": 5.7220458984375e-06,
            "right_logp": -15.456266403198242
          },
          "context_roll_contiguous": {
            "left_logp": -17.268192291259766,
            "max_abs_logp_error": 1.1444091796875e-05,
            "max_abs_probability_error": 2.0802461064839406e-07,
            "max_bin": 99,
            "max_float32_ulp_error": 11,
            "max_row": 153,
            "max_total_variation": 4.0716321193122157e-07,
            "mean_abs_logp_error": 8.966715148325717e-07,
            "p99_abs_logp_error": 3.814697265625e-06,
            "right_logp": -17.268203735351562
          },
          "context_roll_view": {
            "left_logp": -17.268192291259766,
            "max_abs_logp_error": 1.1444091796875e-05,
            "max_abs_probability_error": 2.0802461064839406e-07,
            "max_bin": 99,
            "max_float32_ulp_error": 11,
            "max_row": 153,
            "max_total_variation": 4.0716321193122157e-07,
            "mean_abs_logp_error": 8.966715148325717e-07,
            "p99_abs_logp_error": 3.814697265625e-06,
            "right_logp": -17.268203735351562
          },
          "draw_index": 2,
          "random_permutation_1": {
            "left_logp": -19.955162048339844,
            "max_abs_logp_error": 0.0,
            "max_abs_probability_error": 0.0,
            "max_bin": 0,
            "max_float32_ulp_error": 0,
            "max_row": 0,
            "max_total_variation": 0.0,
            "mean_abs_logp_error": 0.0,
            "p99_abs_logp_error": 0.0,
            "right_logp": -19.955162048339844
          },
          "random_permutation_2": {
            "left_logp": -19.955162048339844,
            "max_abs_logp_error": 0.0,
            "max_abs_probability_error": 0.0,
            "max_bin": 0,
            "max_float32_ulp_error": 0,
            "max_row": 0,
            "max_total_variation": 0.0,
            "mean_abs_logp_error": 0.0,
            "p99_abs_logp_error": 0.0,
            "right_logp": -19.955162048339844
          },
          "repeat": {
            "left_logp": -19.955162048339844,
            "max_abs_logp_error": 0.0,
            "max_abs_probability_error": 0.0,
            "max_bin": 0,
            "max_float32_ulp_error": 0,
            "max_row": 0,
            "max_total_variation": 0.0,
            "mean_abs_logp_error": 0.0,
            "p99_abs_logp_error": 0.0,
            "right_logp": -19.955162048339844
          },
          "reverse": {
            "left_logp": -19.955162048339844,
            "max_abs_logp_error": 0.0,
            "max_abs_probability_error": 0.0,
            "max_bin": 0,
            "max_float32_ulp_error": 0,
            "max_row": 0,
            "max_total_variation": 0.0,
            "mean_abs_logp_error": 0.0,
            "p99_abs_logp_error": 0.0,
            "right_logp": -19.955162048339844
          },
          "rows": 356,
          "same_shape_block_permutation": {
            "left_logp": -19.955162048339844,
            "max_abs_logp_error": 0.0,
            "max_abs_probability_error": 0.0,
            "max_bin": 0,
            "max_float32_ulp_error": 0,
            "max_row": 0,
            "max_total_variation": 0.0,
            "mean_abs_logp_error": 0.0,
            "p99_abs_logp_error": 0.0,
            "right_logp": -19.955162048339844
          }
        },
        {
          "bank_index": 2,
          "batch_8": {
            "left_logp": -17.86325454711914,
            "max_abs_logp_error": 9.5367431640625e-06,
            "max_abs_probability_error": 3.26799210970119e-07,
            "max_bin": 15,
            "max_float32_ulp_error": 16,
            "max_row": 34,
            "max_total_variation": 1.0371637898068578e-06,
            "mean_abs_logp_error": 1.1489324166741169e-06,
            "p99_abs_logp_error": 4.76837158203125e-06,
            "right_logp": -17.863245010375977
          },
          "context_roll_contiguous": {
            "left_logp": -16.182458877563477,
            "max_abs_logp_error": 7.62939453125e-06,
            "max_abs_probability_error": 1.4388050981195555e-07,
            "max_bin": 15,
            "max_float32_ulp_error": 11,
            "max_row": 172,
            "max_total_variation": 6.749937115751913e-07,
            "mean_abs_logp_error": 8.413590176004759e-07,
            "p99_abs_logp_error": 3.814697265625e-06,
            "right_logp": -16.182466506958008
          },
          "context_roll_view": {
            "left_logp": -16.182458877563477,
            "max_abs_logp_error": 7.62939453125e-06,
            "max_abs_probability_error": 1.4388050981195555e-07,
            "max_bin": 15,
            "max_float32_ulp_error": 11,
            "max_row": 172,
            "max_total_variation": 6.749937115751913e-07,
            "mean_abs_logp_error": 8.413590176004759e-07,
            "p99_abs_logp_error": 3.814697265625e-06,
            "right_logp": -16.182466506958008
          },
          "draw_index": 2,
          "random_permutation_1": {
            "left_logp": -13.31893539428711,
            "max_abs_logp_error": 0.0,
            "max_abs_probability_error": 0.0,
            "max_bin": 0,
            "max_float32_ulp_error": 0,
            "max_row": 0,
            "max_total_variation": 0.0,
            "mean_abs_logp_error": 0.0,
            "p99_abs_logp_error": 0.0,
            "right_logp": -13.31893539428711
          },
          "random_permutation_2": {
            "left_logp": -13.31893539428711,
            "max_abs_logp_error": 0.0,
            "max_abs_probability_error": 0.0,
            "max_bin": 0,
            "max_float32_ulp_error": 0,
            "max_row": 0,
            "max_total_variation": 0.0,
            "mean_abs_logp_error": 0.0,
            "p99_abs_logp_error": 0.0,
            "right_logp": -13.31893539428711
          },
          "repeat": {
            "left_logp": -13.31893539428711,
            "max_abs_logp_error": 0.0,
            "max_abs_probability_error": 0.0,
            "max_bin": 0,
            "max_float32_ulp_error": 0,
            "max_row": 0,
            "max_total_variation": 0.0,
            "mean_abs_logp_error": 0.0,
            "p99_abs_logp_error": 0.0,
            "right_logp": -13.31893539428711
          },
          "reverse": {
            "left_logp": -13.31893539428711,
            "max_abs_logp_error": 0.0,
            "max_abs_probability_error": 0.0,
            "max_bin": 0,
            "max_float32_ulp_error": 0,
            "max_row": 0,
            "max_total_variation": 0.0,
            "mean_abs_logp_error": 0.0,
            "p99_abs_logp_error": 0.0,
            "right_logp": -13.31893539428711
          },
          "rows": 355,
          "same_shape_block_permutation": {
            "left_logp": -13.31893539428711,
            "max_abs_logp_error": 0.0,
            "max_abs_probability_error": 0.0,
            "max_bin": 0,
            "max_float32_ulp_error": 0,
            "max_row": 0,
            "max_total_variation": 0.0,
            "mean_abs_logp_error": 0.0,
            "p99_abs_logp_error": 0.0,
            "right_logp": -13.31893539428711
          }
        }
      ],
      "prior": "C",
      "remainder_35": {
        "left_logp": -14.439992904663086,
        "max_abs_logp_error": 0.0,
        "max_abs_probability_error": 0.0,
        "max_bin": 0,
        "max_float32_ulp_error": 0,
        "max_row": 0,
        "max_total_variation": 0.0,
        "mean_abs_logp_error": 0.0,
        "p99_abs_logp_error": 0.0,
        "right_logp": -14.439992904663086
      },
      "remainder_36": {
        "left_logp": -14.439992904663086,
        "max_abs_logp_error": 0.0,
        "max_abs_probability_error": 0.0,
        "max_bin": 0,
        "max_float32_ulp_error": 0,
        "max_row": 0,
        "max_total_variation": 0.0,
        "mean_abs_logp_error": 0.0,
        "p99_abs_logp_error": 0.0,
        "right_logp": -14.439992904663086
      },
      "remainder_43": {
        "left_logp": -14.439992904663086,
        "max_abs_logp_error": 0.0,
        "max_abs_probability_error": 0.0,
        "max_bin": 0,
        "max_float32_ulp_error": 0,
        "max_row": 0,
        "max_total_variation": 0.0,
        "mean_abs_logp_error": 0.0,
        "p99_abs_logp_error": 0.0,
        "right_logp": -14.439992904663086
      },
      "repeat": {
        "left_logp": -14.439992904663086,
        "max_abs_logp_error": 0.0,
        "max_abs_probability_error": 0.0,
        "max_bin": 0,
        "max_float32_ulp_error": 0,
        "max_row": 0,
        "max_total_variation": 0.0,
        "mean_abs_logp_error": 0.0,
        "p99_abs_logp_error": 0.0,
        "right_logp": -14.439992904663086
      },
      "reverse_batch": {
        "left_logp": -17.958797454833984,
        "max_abs_logp_error": 5.7220458984375e-06,
        "max_abs_probability_error": 2.1649089054776027e-07,
        "max_bin": 15,
        "max_float32_ulp_error": 9,
        "max_row": 2,
        "max_total_variation": 4.565545882541669e-07,
        "mean_abs_logp_error": 2.866983413696289e-07,
        "p99_abs_logp_error": 3.814697265625e-06,
        "right_logp": -17.958791732788086
      },
      "rows": 72,
      "same_shape_block_permutation": {
        "left_logp": -14.439992904663086,
        "max_abs_logp_error": 0.0,
        "max_abs_probability_error": 0.0,
        "max_bin": 0,
        "max_float32_ulp_error": 0,
        "max_row": 0,
        "max_total_variation": 0.0,
        "mean_abs_logp_error": 0.0,
        "p99_abs_logp_error": 0.0,
        "right_logp": -14.439992904663086
      },
      "seed": 1,
      "singleton": {
        "left_logp": -13.16543197631836,
        "max_abs_logp_error": 8.58306884765625e-06,
        "max_abs_probability_error": 2.17098238802782e-07,
        "max_bin": 95,
        "max_float32_ulp_error": 15,
        "max_row": 31,
        "max_total_variation": 5.504126464169025e-07,
        "mean_abs_logp_error": 1.1954704920450847e-06,
        "p99_abs_logp_error": 5.7220458984375e-06,
        "right_logp": -13.165440559387207
      },
      "step": 120000
    },
    {
      "batch_8": {
        "left_logp": -13.245438575744629,
        "max_abs_logp_error": 4.76837158203125e-06,
        "max_abs_probability_error": 1.596771466855218e-07,
        "max_bin": 15,
        "max_float32_ulp_error": 10,
        "max_row": 0,
        "max_total_variation": 4.3215781143096324e-07,
        "mean_abs_logp_error": 7.770458857218425e-07,
        "p99_abs_logp_error": 3.814697265625e-06,
        "right_logp": -13.245433807373047
      },
      "checkpoint_sha256": "f2e7b20a5a2f19023649938c2cca8e60f4c64fd5f7a50d5f15a0fba9c624900f",
      "context_roll": {
        "left_logp": -19.033964157104492,
        "max_abs_logp_error": 3.814697265625e-06,
        "max_abs_probability_error": 1.5035830347454038e-07,
        "max_bin": 5,
        "max_float32_ulp_error": 8,
        "max_row": 5,
        "max_total_variation": 3.284304190292338e-07,
        "mean_abs_logp_error": 7.228553295135498e-07,
        "p99_abs_logp_error": 2.86102294921875e-06,
        "right_logp": -19.033960342407227
      },
      "fixed_shape_companion_replacement": {
        "left_logp": -13.577412605285645,
        "max_abs_logp_error": 0.0,
        "max_abs_probability_error": 0.0,
        "max_bin": 0,
        "max_float32_ulp_error": 0,
        "max_row": 0,
        "max_total_variation": 0.0,
        "mean_abs_logp_error": 0.0,
        "p99_abs_logp_error": 0.0,
        "right_logp": -13.577412605285645
      },
      "fixed_shape_focal_relocation": {
        "left_logp": -13.577412605285645,
        "max_abs_logp_error": 0.0,
        "max_abs_probability_error": 0.0,
        "max_bin": 0,
        "max_float32_ulp_error": 0,
        "max_row": 0,
        "max_total_variation": 0.0,
        "mean_abs_logp_error": 0.0,
        "p99_abs_logp_error": 0.0,
        "right_logp": -13.577412605285645
      },
      "full_panel_rows": 3201,
      "full_panel_shards": [
        {
          "bank_index": 0,
          "batch_8": {
            "left_logp": -15.495344161987305,
            "max_abs_logp_error": 9.5367431640625e-06,
            "max_abs_probability_error": 2.6521175165716837e-07,
            "max_bin": 99,
            "max_float32_ulp_error": 14,
            "max_row": 216,
            "max_total_variation": 7.301188557160391e-07,
            "mean_abs_logp_error": 1.0111124328013217e-06,
            "p99_abs_logp_error": 3.814697265625e-06,
            "right_logp": -15.495353698730469
          },
          "context_roll_contiguous": {
            "left_logp": -17.122617721557617,
            "max_abs_logp_error": 7.62939453125e-06,
            "max_abs_probability_error": 2.342562253621061e-07,
            "max_bin": 7,
            "max_float32_ulp_error": 13,
            "max_row": 196,
            "max_total_variation": 5.620532452277356e-07,
            "mean_abs_logp_error": 7.363249746601234e-07,
            "p99_abs_logp_error": 3.814697265625e-06,
            "right_logp": -17.12262535095215
          },
          "context_roll_view": {
            "left_logp": -17.122617721557617,
            "max_abs_logp_error": 7.62939453125e-06,
            "max_abs_probability_error": 2.342562253621061e-07,
            "max_bin": 7,
            "max_float32_ulp_error": 13,
            "max_row": 196,
            "max_total_variation": 5.620532452277356e-07,
            "mean_abs_logp_error": 7.363249746601234e-07,
            "p99_abs_logp_error": 3.814697265625e-06,
            "right_logp": -17.12262535095215
          },
          "draw_index": 0,
          "random_permutation_1": {
            "left_logp": -13.577412605285645,
            "max_abs_logp_error": 0.0,
            "max_abs_probability_error": 0.0,
            "max_bin": 0,
            "max_float32_ulp_error": 0,
            "max_row": 0,
            "max_total_variation": 0.0,
            "mean_abs_logp_error": 0.0,
            "p99_abs_logp_error": 0.0,
            "right_logp": -13.577412605285645
          },
          "random_permutation_2": {
            "left_logp": -13.577412605285645,
            "max_abs_logp_error": 0.0,
            "max_abs_probability_error": 0.0,
            "max_bin": 0,
            "max_float32_ulp_error": 0,
            "max_row": 0,
            "max_total_variation": 0.0,
            "mean_abs_logp_error": 0.0,
            "p99_abs_logp_error": 0.0,
            "right_logp": -13.577412605285645
          },
          "repeat": {
            "left_logp": -13.577412605285645,
            "max_abs_logp_error": 0.0,
            "max_abs_probability_error": 0.0,
            "max_bin": 0,
            "max_float32_ulp_error": 0,
            "max_row": 0,
            "max_total_variation": 0.0,
            "mean_abs_logp_error": 0.0,
            "p99_abs_logp_error": 0.0,
            "right_logp": -13.577412605285645
          },
          "reverse": {
            "left_logp": -13.577412605285645,
            "max_abs_logp_error": 0.0,
            "max_abs_probability_error": 0.0,
            "max_bin": 0,
            "max_float32_ulp_error": 0,
            "max_row": 0,
            "max_total_variation": 0.0,
            "mean_abs_logp_error": 0.0,
            "p99_abs_logp_error": 0.0,
            "right_logp": -13.577412605285645
          },
          "rows": 356,
          "same_shape_block_permutation": {
            "left_logp": -13.577412605285645,
            "max_abs_logp_error": 0.0,
            "max_abs_probability_error": 0.0,
            "max_bin": 0,
            "max_float32_ulp_error": 0,
            "max_row": 0,
            "max_total_variation": 0.0,
            "mean_abs_logp_error": 0.0,
            "p99_abs_logp_error": 0.0,
            "right_logp": -13.577412605285645
          }
        },
        {
          "bank_index": 1,
          "batch_8": {
            "left_logp": -17.90057373046875,
            "max_abs_logp_error": 7.62939453125e-06,
            "max_abs_probability_error": 2.782853317506717e-07,
            "max_bin": 5,
            "max_float32_ulp_error": 14,
            "max_row": 94,
            "max_total_variation": 6.9615000060264e-07,
            "mean_abs_logp_error": 1.0380617688211161e-06,
            "p99_abs_logp_error": 4.291534423828125e-06,
            "right_logp": -17.90058135986328
          },
          "context_roll_contiguous": {
            "left_logp": -12.782415390014648,
            "max_abs_logp_error": 7.62939453125e-06,
            "max_abs_probability_error": 1.9801179346190523e-07,
            "max_bin": 99,
            "max_float32_ulp_error": 13,
            "max_row": 130,
            "max_total_variation": 6.760570054331794e-07,
            "mean_abs_logp_error": 6.979569960176275e-07,
            "p99_abs_logp_error": 2.86102294921875e-06,
            "right_logp": -12.782407760620117
          },
          "context_roll_view": {
            "left_logp": -12.782415390014648,
            "max_abs_logp_error": 7.62939453125e-06,
            "max_abs_probability_error": 1.9801179346190523e-07,
            "max_bin": 99,
            "max_float32_ulp_error": 13,
            "max_row": 130,
            "max_total_variation": 6.760570054331794e-07,
            "mean_abs_logp_error": 6.979569960176275e-07,
            "p99_abs_logp_error": 2.86102294921875e-06,
            "right_logp": -12.782407760620117
          },
          "draw_index": 0,
          "random_permutation_1": {
            "left_logp": -13.274487495422363,
            "max_abs_logp_error": 0.0,
            "max_abs_probability_error": 0.0,
            "max_bin": 0,
            "max_float32_ulp_error": 0,
            "max_row": 0,
            "max_total_variation": 0.0,
            "mean_abs_logp_error": 0.0,
            "p99_abs_logp_error": 0.0,
            "right_logp": -13.274487495422363
          },
          "random_permutation_2": {
            "left_logp": -13.274487495422363,
            "max_abs_logp_error": 0.0,
            "max_abs_probability_error": 0.0,
            "max_bin": 0,
            "max_float32_ulp_error": 0,
            "max_row": 0,
            "max_total_variation": 0.0,
            "mean_abs_logp_error": 0.0,
            "p99_abs_logp_error": 0.0,
            "right_logp": -13.274487495422363
          },
          "repeat": {
            "left_logp": -13.274487495422363,
            "max_abs_logp_error": 0.0,
            "max_abs_probability_error": 0.0,
            "max_bin": 0,
            "max_float32_ulp_error": 0,
            "max_row": 0,
            "max_total_variation": 0.0,
            "mean_abs_logp_error": 0.0,
            "p99_abs_logp_error": 0.0,
            "right_logp": -13.274487495422363
          },
          "reverse": {
            "left_logp": -13.274487495422363,
            "max_abs_logp_error": 0.0,
            "max_abs_probability_error": 0.0,
            "max_bin": 0,
            "max_float32_ulp_error": 0,
            "max_row": 0,
            "max_total_variation": 0.0,
            "mean_abs_logp_error": 0.0,
            "p99_abs_logp_error": 0.0,
            "right_logp": -13.274487495422363
          },
          "rows": 356,
          "same_shape_block_permutation": {
            "left_logp": -13.274487495422363,
            "max_abs_logp_error": 0.0,
            "max_abs_probability_error": 0.0,
            "max_bin": 0,
            "max_float32_ulp_error": 0,
            "max_row": 0,
            "max_total_variation": 0.0,
            "mean_abs_logp_error": 0.0,
            "p99_abs_logp_error": 0.0,
            "right_logp": -13.274487495422363
          }
        },
        {
          "bank_index": 2,
          "batch_8": {
            "left_logp": -15.35755729675293,
            "max_abs_logp_error": 7.62939453125e-06,
            "max_abs_probability_error": 2.16528541763239e-07,
            "max_bin": 32,
            "max_float32_ulp_error": 20,
            "max_row": 98,
            "max_total_variation": 7.584739274601763e-07,
            "mean_abs_logp_error": 9.976272851648466e-07,
            "p99_abs_logp_error": 3.814697265625e-06,
            "right_logp": -15.357564926147461
          },
          "context_roll_contiguous": {
            "left_logp": -17.84988021850586,
            "max_abs_logp_error": 5.7220458984375e-06,
            "max_abs_probability_error": 1.6104860117716058e-07,
            "max_bin": 4,
            "max_float32_ulp_error": 10,
            "max_row": 65,
            "max_total_variation": 5.456804122393243e-07,
            "mean_abs_logp_error": 6.875857500962808e-07,
            "p99_abs_logp_error": 2.86102294921875e-06,
            "right_logp": -17.84987449645996
          },
          "context_roll_view": {
            "left_logp": -17.84988021850586,
            "max_abs_logp_error": 5.7220458984375e-06,
            "max_abs_probability_error": 1.6104860117716058e-07,
            "max_bin": 4,
            "max_float32_ulp_error": 10,
            "max_row": 65,
            "max_total_variation": 5.456804122393243e-07,
            "mean_abs_logp_error": 6.875857500962808e-07,
            "p99_abs_logp_error": 2.86102294921875e-06,
            "right_logp": -17.84987449645996
          },
          "draw_index": 0,
          "random_permutation_1": {
            "left_logp": -14.204341888427734,
            "max_abs_logp_error": 0.0,
            "max_abs_probability_error": 0.0,
            "max_bin": 0,
            "max_float32_ulp_error": 0,
            "max_row": 0,
            "max_total_variation": 0.0,
            "mean_abs_logp_error": 0.0,
            "p99_abs_logp_error": 0.0,
            "right_logp": -14.204341888427734
          },
          "random_permutation_2": {
            "left_logp": -14.204341888427734,
            "max_abs_logp_error": 0.0,
            "max_abs_probability_error": 0.0,
            "max_bin": 0,
            "max_float32_ulp_error": 0,
            "max_row": 0,
            "max_total_variation": 0.0,
            "mean_abs_logp_error": 0.0,
            "p99_abs_logp_error": 0.0,
            "right_logp": -14.204341888427734
          },
          "repeat": {
            "left_logp": -14.204341888427734,
            "max_abs_logp_error": 0.0,
            "max_abs_probability_error": 0.0,
            "max_bin": 0,
            "max_float32_ulp_error": 0,
            "max_row": 0,
            "max_total_variation": 0.0,
            "mean_abs_logp_error": 0.0,
            "p99_abs_logp_error": 0.0,
            "right_logp": -14.204341888427734
          },
          "reverse": {
            "left_logp": -14.204341888427734,
            "max_abs_logp_error": 0.0,
            "max_abs_probability_error": 0.0,
            "max_bin": 0,
            "max_float32_ulp_error": 0,
            "max_row": 0,
            "max_total_variation": 0.0,
            "mean_abs_logp_error": 0.0,
            "p99_abs_logp_error": 0.0,
            "right_logp": -14.204341888427734
          },
          "rows": 355,
          "same_shape_block_permutation": {
            "left_logp": -14.204341888427734,
            "max_abs_logp_error": 0.0,
            "max_abs_probability_error": 0.0,
            "max_bin": 0,
            "max_float32_ulp_error": 0,
            "max_row": 0,
            "max_total_variation": 0.0,
            "mean_abs_logp_error": 0.0,
            "p99_abs_logp_error": 0.0,
            "right_logp": -14.204341888427734
          }
        },
        {
          "bank_index": 0,
          "batch_8": {
            "left_logp": -15.753339767456055,
            "max_abs_logp_error": 8.58306884765625e-06,
            "max_abs_probability_error": 2.2862333423634418e-07,
            "max_bin": 98,
            "max_float32_ulp_error": 16,
            "max_row": 76,
            "max_total_variation": 6.502957576459777e-07,
            "mean_abs_logp_error": 9.694896387250237e-07,
            "p99_abs_logp_error": 3.814697265625e-06,
            "right_logp": -15.753348350524902
          },
          "context_roll_contiguous": {
            "left_logp": -16.228778839111328,
            "max_abs_logp_error": 5.7220458984375e-06,
            "max_abs_probability_error": 2.0059335953392932e-07,
            "max_bin": 1,
            "max_float32_ulp_error": 10,
            "max_row": 64,
            "max_total_variation": 4.829838165611754e-07,
            "mean_abs_logp_error": 7.090407810854108e-07,
            "p99_abs_logp_error": 2.86102294921875e-06,
            "right_logp": -16.22877311706543
          },
          "context_roll_view": {
            "left_logp": -16.228778839111328,
            "max_abs_logp_error": 5.7220458984375e-06,
            "max_abs_probability_error": 2.0059335953392932e-07,
            "max_bin": 1,
            "max_float32_ulp_error": 10,
            "max_row": 64,
            "max_total_variation": 4.829838165611754e-07,
            "mean_abs_logp_error": 7.090407810854108e-07,
            "p99_abs_logp_error": 2.86102294921875e-06,
            "right_logp": -16.22877311706543
          },
          "draw_index": 1,
          "random_permutation_1": {
            "left_logp": -17.413867950439453,
            "max_abs_logp_error": 0.0,
            "max_abs_probability_error": 0.0,
            "max_bin": 0,
            "max_float32_ulp_error": 0,
            "max_row": 0,
            "max_total_variation": 0.0,
            "mean_abs_logp_error": 0.0,
            "p99_abs_logp_error": 0.0,
            "right_logp": -17.413867950439453
          },
          "random_permutation_2": {
            "left_logp": -17.413867950439453,
            "max_abs_logp_error": 0.0,
            "max_abs_probability_error": 0.0,
            "max_bin": 0,
            "max_float32_ulp_error": 0,
            "max_row": 0,
            "max_total_variation": 0.0,
            "mean_abs_logp_error": 0.0,
            "p99_abs_logp_error": 0.0,
            "right_logp": -17.413867950439453
          },
          "repeat": {
            "left_logp": -17.413867950439453,
            "max_abs_logp_error": 0.0,
            "max_abs_probability_error": 0.0,
            "max_bin": 0,
            "max_float32_ulp_error": 0,
            "max_row": 0,
            "max_total_variation": 0.0,
            "mean_abs_logp_error": 0.0,
            "p99_abs_logp_error": 0.0,
            "right_logp": -17.413867950439453
          },
          "reverse": {
            "left_logp": -17.413867950439453,
            "max_abs_logp_error": 0.0,
            "max_abs_probability_error": 0.0,
            "max_bin": 0,
            "max_float32_ulp_error": 0,
            "max_row": 0,
            "max_total_variation": 0.0,
            "mean_abs_logp_error": 0.0,
            "p99_abs_logp_error": 0.0,
            "right_logp": -17.413867950439453
          },
          "rows": 356,
          "same_shape_block_permutation": {
            "left_logp": -17.413867950439453,
            "max_abs_logp_error": 0.0,
            "max_abs_probability_error": 0.0,
            "max_bin": 0,
            "max_float32_ulp_error": 0,
            "max_row": 0,
            "max_total_variation": 0.0,
            "mean_abs_logp_error": 0.0,
            "p99_abs_logp_error": 0.0,
            "right_logp": -17.413867950439453
          }
        },
        {
          "bank_index": 1,
          "batch_8": {
            "left_logp": -8.968170166015625,
            "max_abs_logp_error": 8.58306884765625e-06,
            "max_abs_probability_error": 2.742299819585847e-07,
            "max_bin": 22,
            "max_float32_ulp_error": 20,
            "max_row": 30,
            "max_total_variation": 9.215820711192664e-07,
            "mean_abs_logp_error": 1.029727164279209e-06,
            "p99_abs_logp_error": 3.814697265625e-06,
            "right_logp": -8.968161582946777
          },
          "context_roll_contiguous": {
            "left_logp": -15.69128131866455,
            "max_abs_logp_error": 5.7220458984375e-06,
            "max_abs_probability_error": 1.6923396055357198e-07,
            "max_bin": 8,
            "max_float32_ulp_error": 11,
            "max_row": 211,
            "max_total_variation": 6.868503600594397e-07,
            "mean_abs_logp_error": 6.90138072110294e-07,
            "p99_abs_logp_error": 2.86102294921875e-06,
            "right_logp": -15.69128704071045
          },
          "context_roll_view": {
            "left_logp": -15.69128131866455,
            "max_abs_logp_error": 5.7220458984375e-06,
            "max_abs_probability_error": 1.6923396055357198e-07,
            "max_bin": 8,
            "max_float32_ulp_error": 11,
            "max_row": 211,
            "max_total_variation": 6.868503600594397e-07,
            "mean_abs_logp_error": 6.90138072110294e-07,
            "p99_abs_logp_error": 2.86102294921875e-06,
            "right_logp": -15.69128704071045
          },
          "draw_index": 1,
          "random_permutation_1": {
            "left_logp": -14.654367446899414,
            "max_abs_logp_error": 0.0,
            "max_abs_probability_error": 0.0,
            "max_bin": 0,
            "max_float32_ulp_error": 0,
            "max_row": 0,
            "max_total_variation": 0.0,
            "mean_abs_logp_error": 0.0,
            "p99_abs_logp_error": 0.0,
            "right_logp": -14.654367446899414
          },
          "random_permutation_2": {
            "left_logp": -14.654367446899414,
            "max_abs_logp_error": 0.0,
            "max_abs_probability_error": 0.0,
            "max_bin": 0,
            "max_float32_ulp_error": 0,
            "max_row": 0,
            "max_total_variation": 0.0,
            "mean_abs_logp_error": 0.0,
            "p99_abs_logp_error": 0.0,
            "right_logp": -14.654367446899414
          },
          "repeat": {
            "left_logp": -14.654367446899414,
            "max_abs_logp_error": 0.0,
            "max_abs_probability_error": 0.0,
            "max_bin": 0,
            "max_float32_ulp_error": 0,
            "max_row": 0,
            "max_total_variation": 0.0,
            "mean_abs_logp_error": 0.0,
            "p99_abs_logp_error": 0.0,
            "right_logp": -14.654367446899414
          },
          "reverse": {
            "left_logp": -14.654367446899414,
            "max_abs_logp_error": 0.0,
            "max_abs_probability_error": 0.0,
            "max_bin": 0,
            "max_float32_ulp_error": 0,
            "max_row": 0,
            "max_total_variation": 0.0,
            "mean_abs_logp_error": 0.0,
            "p99_abs_logp_error": 0.0,
            "right_logp": -14.654367446899414
          },
          "rows": 356,
          "same_shape_block_permutation": {
            "left_logp": -14.654367446899414,
            "max_abs_logp_error": 0.0,
            "max_abs_probability_error": 0.0,
            "max_bin": 0,
            "max_float32_ulp_error": 0,
            "max_row": 0,
            "max_total_variation": 0.0,
            "mean_abs_logp_error": 0.0,
            "p99_abs_logp_error": 0.0,
            "right_logp": -14.654367446899414
          }
        },
        {
          "bank_index": 2,
          "batch_8": {
            "left_logp": -15.114770889282227,
            "max_abs_logp_error": 7.62939453125e-06,
            "max_abs_probability_error": 3.6511600240429765e-07,
            "max_bin": 0,
            "max_float32_ulp_error": 18,
            "max_row": 132,
            "max_total_variation": 1.1910173151060912e-06,
            "mean_abs_logp_error": 1.018188369106239e-06,
            "p99_abs_logp_error": 4.291534423828125e-06,
            "right_logp": -15.114763259887695
          },
          "context_roll_contiguous": {
            "left_logp": -15.342267990112305,
            "max_abs_logp_error": 5.7220458984375e-06,
            "max_abs_probability_error": 1.5035830347454038e-07,
            "max_bin": 0,
            "max_float32_ulp_error": 9,
            "max_row": 27,
            "max_total_variation": 3.939546828958128e-07,
            "mean_abs_logp_error": 7.246480861180265e-07,
            "p99_abs_logp_error": 3.814697265625e-06,
            "right_logp": -15.342273712158203
          },
          "context_roll_view": {
            "left_logp": -15.342267990112305,
            "max_abs_logp_error": 5.7220458984375e-06,
            "max_abs_probability_error": 1.5035830347454038e-07,
            "max_bin": 0,
            "max_float32_ulp_error": 9,
            "max_row": 27,
            "max_total_variation": 3.939546828958128e-07,
            "mean_abs_logp_error": 7.246480861180265e-07,
            "p99_abs_logp_error": 3.814697265625e-06,
            "right_logp": -15.342273712158203
          },
          "draw_index": 1,
          "random_permutation_1": {
            "left_logp": -16.036584854125977,
            "max_abs_logp_error": 0.0,
            "max_abs_probability_error": 0.0,
            "max_bin": 0,
            "max_float32_ulp_error": 0,
            "max_row": 0,
            "max_total_variation": 0.0,
            "mean_abs_logp_error": 0.0,
            "p99_abs_logp_error": 0.0,
            "right_logp": -16.036584854125977
          },
          "random_permutation_2": {
            "left_logp": -16.036584854125977,
            "max_abs_logp_error": 0.0,
            "max_abs_probability_error": 0.0,
            "max_bin": 0,
            "max_float32_ulp_error": 0,
            "max_row": 0,
            "max_total_variation": 0.0,
            "mean_abs_logp_error": 0.0,
            "p99_abs_logp_error": 0.0,
            "right_logp": -16.036584854125977
          },
          "repeat": {
            "left_logp": -16.036584854125977,
            "max_abs_logp_error": 0.0,
            "max_abs_probability_error": 0.0,
            "max_bin": 0,
            "max_float32_ulp_error": 0,
            "max_row": 0,
            "max_total_variation": 0.0,
            "mean_abs_logp_error": 0.0,
            "p99_abs_logp_error": 0.0,
            "right_logp": -16.036584854125977
          },
          "reverse": {
            "left_logp": -16.036584854125977,
            "max_abs_logp_error": 0.0,
            "max_abs_probability_error": 0.0,
            "max_bin": 0,
            "max_float32_ulp_error": 0,
            "max_row": 0,
            "max_total_variation": 0.0,
            "mean_abs_logp_error": 0.0,
            "p99_abs_logp_error": 0.0,
            "right_logp": -16.036584854125977
          },
          "rows": 355,
          "same_shape_block_permutation": {
            "left_logp": -16.036584854125977,
            "max_abs_logp_error": 0.0,
            "max_abs_probability_error": 0.0,
            "max_bin": 0,
            "max_float32_ulp_error": 0,
            "max_row": 0,
            "max_total_variation": 0.0,
            "mean_abs_logp_error": 0.0,
            "p99_abs_logp_error": 0.0,
            "right_logp": -16.036584854125977
          }
        },
        {
          "bank_index": 0,
          "batch_8": {
            "left_logp": -12.057411193847656,
            "max_abs_logp_error": 1.239776611328125e-05,
            "max_abs_probability_error": 2.3066735824195383e-07,
            "max_bin": 5,
            "max_float32_ulp_error": 14,
            "max_row": 91,
            "max_total_variation": 6.274837522261431e-07,
            "mean_abs_logp_error": 9.731663746780224e-07,
            "p99_abs_logp_error": 3.814697265625e-06,
            "right_logp": -12.057398796081543
          },
          "context_roll_contiguous": {
            "left_logp": -12.057411193847656,
            "max_abs_logp_error": 5.7220458984375e-06,
            "max_abs_probability_error": 1.7578085537151011e-07,
            "max_bin": 5,
            "max_float32_ulp_error": 14,
            "max_row": 91,
            "max_total_variation": 4.5768873224650477e-07,
            "mean_abs_logp_error": 7.035826029402486e-07,
            "p99_abs_logp_error": 2.86102294921875e-06,
            "right_logp": -12.057405471801758
          },
          "context_roll_view": {
            "left_logp": -12.057411193847656,
            "max_abs_logp_error": 5.7220458984375e-06,
            "max_abs_probability_error": 1.7578085537151011e-07,
            "max_bin": 5,
            "max_float32_ulp_error": 14,
            "max_row": 91,
            "max_total_variation": 4.5768873224650477e-07,
            "mean_abs_logp_error": 7.035826029402486e-07,
            "p99_abs_logp_error": 2.86102294921875e-06,
            "right_logp": -12.057405471801758
          },
          "draw_index": 2,
          "random_permutation_1": {
            "left_logp": -14.253623008728027,
            "max_abs_logp_error": 0.0,
            "max_abs_probability_error": 0.0,
            "max_bin": 0,
            "max_float32_ulp_error": 0,
            "max_row": 0,
            "max_total_variation": 0.0,
            "mean_abs_logp_error": 0.0,
            "p99_abs_logp_error": 0.0,
            "right_logp": -14.253623008728027
          },
          "random_permutation_2": {
            "left_logp": -14.253623008728027,
            "max_abs_logp_error": 0.0,
            "max_abs_probability_error": 0.0,
            "max_bin": 0,
            "max_float32_ulp_error": 0,
            "max_row": 0,
            "max_total_variation": 0.0,
            "mean_abs_logp_error": 0.0,
            "p99_abs_logp_error": 0.0,
            "right_logp": -14.253623008728027
          },
          "repeat": {
            "left_logp": -14.253623008728027,
            "max_abs_logp_error": 0.0,
            "max_abs_probability_error": 0.0,
            "max_bin": 0,
            "max_float32_ulp_error": 0,
            "max_row": 0,
            "max_total_variation": 0.0,
            "mean_abs_logp_error": 0.0,
            "p99_abs_logp_error": 0.0,
            "right_logp": -14.253623008728027
          },
          "reverse": {
            "left_logp": -14.253623008728027,
            "max_abs_logp_error": 0.0,
            "max_abs_probability_error": 0.0,
            "max_bin": 0,
            "max_float32_ulp_error": 0,
            "max_row": 0,
            "max_total_variation": 0.0,
            "mean_abs_logp_error": 0.0,
            "p99_abs_logp_error": 0.0,
            "right_logp": -14.253623008728027
          },
          "rows": 356,
          "same_shape_block_permutation": {
            "left_logp": -14.253623008728027,
            "max_abs_logp_error": 0.0,
            "max_abs_probability_error": 0.0,
            "max_bin": 0,
            "max_float32_ulp_error": 0,
            "max_row": 0,
            "max_total_variation": 0.0,
            "mean_abs_logp_error": 0.0,
            "p99_abs_logp_error": 0.0,
            "right_logp": -14.253623008728027
          }
        },
        {
          "bank_index": 1,
          "batch_8": {
            "left_logp": -10.36525821685791,
            "max_abs_logp_error": 7.62939453125e-06,
            "max_abs_probability_error": 2.0763690120051415e-07,
            "max_bin": 12,
            "max_float32_ulp_error": 18,
            "max_row": 327,
            "max_total_variation": 8.894986341215088e-07,
            "mean_abs_logp_error": 9.96341866053892e-07,
            "p99_abs_logp_error": 3.814697265625e-06,
            "right_logp": -10.365250587463379
          },
          "context_roll_contiguous": {
            "left_logp": -12.119559288024902,
            "max_abs_logp_error": 6.67572021484375e-06,
            "max_abs_probability_error": 1.6443195713367054e-07,
            "max_bin": 14,
            "max_float32_ulp_error": 12,
            "max_row": 196,
            "max_total_variation": 3.752470384817098e-07,
            "mean_abs_logp_error": 6.563777334234688e-07,
            "p99_abs_logp_error": 2.86102294921875e-06,
            "right_logp": -12.119565963745117
          },
          "context_roll_view": {
            "left_logp": -12.119559288024902,
            "max_abs_logp_error": 6.67572021484375e-06,
            "max_abs_probability_error": 1.6443195713367054e-07,
            "max_bin": 14,
            "max_float32_ulp_error": 12,
            "max_row": 196,
            "max_total_variation": 3.752470384817098e-07,
            "mean_abs_logp_error": 6.563777334234688e-07,
            "p99_abs_logp_error": 2.86102294921875e-06,
            "right_logp": -12.119565963745117
          },
          "draw_index": 2,
          "random_permutation_1": {
            "left_logp": -14.950090408325195,
            "max_abs_logp_error": 0.0,
            "max_abs_probability_error": 0.0,
            "max_bin": 0,
            "max_float32_ulp_error": 0,
            "max_row": 0,
            "max_total_variation": 0.0,
            "mean_abs_logp_error": 0.0,
            "p99_abs_logp_error": 0.0,
            "right_logp": -14.950090408325195
          },
          "random_permutation_2": {
            "left_logp": -14.950090408325195,
            "max_abs_logp_error": 0.0,
            "max_abs_probability_error": 0.0,
            "max_bin": 0,
            "max_float32_ulp_error": 0,
            "max_row": 0,
            "max_total_variation": 0.0,
            "mean_abs_logp_error": 0.0,
            "p99_abs_logp_error": 0.0,
            "right_logp": -14.950090408325195
          },
          "repeat": {
            "left_logp": -14.950090408325195,
            "max_abs_logp_error": 0.0,
            "max_abs_probability_error": 0.0,
            "max_bin": 0,
            "max_float32_ulp_error": 0,
            "max_row": 0,
            "max_total_variation": 0.0,
            "mean_abs_logp_error": 0.0,
            "p99_abs_logp_error": 0.0,
            "right_logp": -14.950090408325195
          },
          "reverse": {
            "left_logp": -14.950090408325195,
            "max_abs_logp_error": 0.0,
            "max_abs_probability_error": 0.0,
            "max_bin": 0,
            "max_float32_ulp_error": 0,
            "max_row": 0,
            "max_total_variation": 0.0,
            "mean_abs_logp_error": 0.0,
            "p99_abs_logp_error": 0.0,
            "right_logp": -14.950090408325195
          },
          "rows": 356,
          "same_shape_block_permutation": {
            "left_logp": -14.950090408325195,
            "max_abs_logp_error": 0.0,
            "max_abs_probability_error": 0.0,
            "max_bin": 0,
            "max_float32_ulp_error": 0,
            "max_row": 0,
            "max_total_variation": 0.0,
            "mean_abs_logp_error": 0.0,
            "p99_abs_logp_error": 0.0,
            "right_logp": -14.950090408325195
          }
        },
        {
          "bank_index": 2,
          "batch_8": {
            "left_logp": -16.840341567993164,
            "max_abs_logp_error": 7.62939453125e-06,
            "max_abs_probability_error": 3.262237704970694e-07,
            "max_bin": 8,
            "max_float32_ulp_error": 16,
            "max_row": 95,
            "max_total_variation": 8.571379546240837e-07,
            "mean_abs_logp_error": 9.935708113119635e-07,
            "p99_abs_logp_error": 3.814697265625e-06,
            "right_logp": -16.840333938598633
          },
          "context_roll_contiguous": {
            "left_logp": -16.887731552124023,
            "max_abs_logp_error": 5.7220458984375e-06,
            "max_abs_probability_error": 1.6268207198022466e-07,
            "max_bin": 4,
            "max_float32_ulp_error": 10,
            "max_row": 160,
            "max_total_variation": 4.670611544369656e-07,
            "mean_abs_logp_error": 7.144968274613502e-07,
            "p99_abs_logp_error": 2.86102294921875e-06,
            "right_logp": -16.887725830078125
          },
          "context_roll_view": {
            "left_logp": -16.887731552124023,
            "max_abs_logp_error": 5.7220458984375e-06,
            "max_abs_probability_error": 1.6268207198022466e-07,
            "max_bin": 4,
            "max_float32_ulp_error": 10,
            "max_row": 160,
            "max_total_variation": 4.670611544369656e-07,
            "mean_abs_logp_error": 7.144968274613502e-07,
            "p99_abs_logp_error": 2.86102294921875e-06,
            "right_logp": -16.887725830078125
          },
          "draw_index": 2,
          "random_permutation_1": {
            "left_logp": -13.766216278076172,
            "max_abs_logp_error": 0.0,
            "max_abs_probability_error": 0.0,
            "max_bin": 0,
            "max_float32_ulp_error": 0,
            "max_row": 0,
            "max_total_variation": 0.0,
            "mean_abs_logp_error": 0.0,
            "p99_abs_logp_error": 0.0,
            "right_logp": -13.766216278076172
          },
          "random_permutation_2": {
            "left_logp": -13.766216278076172,
            "max_abs_logp_error": 0.0,
            "max_abs_probability_error": 0.0,
            "max_bin": 0,
            "max_float32_ulp_error": 0,
            "max_row": 0,
            "max_total_variation": 0.0,
            "mean_abs_logp_error": 0.0,
            "p99_abs_logp_error": 0.0,
            "right_logp": -13.766216278076172
          },
          "repeat": {
            "left_logp": -13.766216278076172,
            "max_abs_logp_error": 0.0,
            "max_abs_probability_error": 0.0,
            "max_bin": 0,
            "max_float32_ulp_error": 0,
            "max_row": 0,
            "max_total_variation": 0.0,
            "mean_abs_logp_error": 0.0,
            "p99_abs_logp_error": 0.0,
            "right_logp": -13.766216278076172
          },
          "reverse": {
            "left_logp": -13.766216278076172,
            "max_abs_logp_error": 0.0,
            "max_abs_probability_error": 0.0,
            "max_bin": 0,
            "max_float32_ulp_error": 0,
            "max_row": 0,
            "max_total_variation": 0.0,
            "mean_abs_logp_error": 0.0,
            "p99_abs_logp_error": 0.0,
            "right_logp": -13.766216278076172
          },
          "rows": 355,
          "same_shape_block_permutation": {
            "left_logp": -13.766216278076172,
            "max_abs_logp_error": 0.0,
            "max_abs_probability_error": 0.0,
            "max_bin": 0,
            "max_float32_ulp_error": 0,
            "max_row": 0,
            "max_total_variation": 0.0,
            "mean_abs_logp_error": 0.0,
            "p99_abs_logp_error": 0.0,
            "right_logp": -13.766216278076172
          }
        }
      ],
      "prior": "C",
      "remainder_35": {
        "left_logp": -13.577412605285645,
        "max_abs_logp_error": 0.0,
        "max_abs_probability_error": 0.0,
        "max_bin": 0,
        "max_float32_ulp_error": 0,
        "max_row": 0,
        "max_total_variation": 0.0,
        "mean_abs_logp_error": 0.0,
        "p99_abs_logp_error": 0.0,
        "right_logp": -13.577412605285645
      },
      "remainder_36": {
        "left_logp": -13.577412605285645,
        "max_abs_logp_error": 0.0,
        "max_abs_probability_error": 0.0,
        "max_bin": 0,
        "max_float32_ulp_error": 0,
        "max_row": 0,
        "max_total_variation": 0.0,
        "mean_abs_logp_error": 0.0,
        "p99_abs_logp_error": 0.0,
        "right_logp": -13.577412605285645
      },
      "remainder_43": {
        "left_logp": -13.577412605285645,
        "max_abs_logp_error": 0.0,
        "max_abs_probability_error": 0.0,
        "max_bin": 0,
        "max_float32_ulp_error": 0,
        "max_row": 0,
        "max_total_variation": 0.0,
        "mean_abs_logp_error": 0.0,
        "p99_abs_logp_error": 0.0,
        "right_logp": -13.577412605285645
      },
      "repeat": {
        "left_logp": -13.577412605285645,
        "max_abs_logp_error": 0.0,
        "max_abs_probability_error": 0.0,
        "max_bin": 0,
        "max_float32_ulp_error": 0,
        "max_row": 0,
        "max_total_variation": 0.0,
        "mean_abs_logp_error": 0.0,
        "p99_abs_logp_error": 0.0,
        "right_logp": -13.577412605285645
      },
      "reverse_batch": {
        "left_logp": -13.245438575744629,
        "max_abs_logp_error": 4.76837158203125e-06,
        "max_abs_probability_error": 1.596771466855218e-07,
        "max_bin": 15,
        "max_float32_ulp_error": 7,
        "max_row": 0,
        "max_total_variation": 4.1028134636230723e-07,
        "mean_abs_logp_error": 1.9538733694288465e-07,
        "p99_abs_logp_error": 1.9073486328125e-06,
        "right_logp": -13.245433807373047
      },
      "rows": 72,
      "same_shape_block_permutation": {
        "left_logp": -13.577412605285645,
        "max_abs_logp_error": 0.0,
        "max_abs_probability_error": 0.0,
        "max_bin": 0,
        "max_float32_ulp_error": 0,
        "max_row": 0,
        "max_total_variation": 0.0,
        "mean_abs_logp_error": 0.0,
        "p99_abs_logp_error": 0.0,
        "right_logp": -13.577412605285645
      },
      "seed": 2,
      "singleton": {
        "left_logp": -18.50388526916504,
        "max_abs_logp_error": 7.62939453125e-06,
        "max_abs_probability_error": 1.5311166548515054e-07,
        "max_bin": 8,
        "max_float32_ulp_error": 10,
        "max_row": 45,
        "max_total_variation": 4.4685185893384845e-07,
        "mean_abs_logp_error": 9.138551023271348e-07,
        "p99_abs_logp_error": 3.814697265625e-06,
        "right_logp": -18.50389289855957
      },
      "step": 20000
    },
    {
      "batch_8": {
        "left_logp": -19.233247756958008,
        "max_abs_logp_error": 9.5367431640625e-06,
        "max_abs_probability_error": 1.5152759755276968e-07,
        "max_bin": 14,
        "max_float32_ulp_error": 8,
        "max_row": 1,
        "max_total_variation": 2.8312381665581535e-07,
        "mean_abs_logp_error": 1.0910464657677544e-06,
        "p99_abs_logp_error": 5.7220458984375e-06,
        "right_logp": -19.233238220214844
      },
      "checkpoint_sha256": "214f4f4f8110855236e58c303a04f39ec9ed873b1b3a39740d976fc0baa43da9",
      "context_roll": {
        "left_logp": -22.1148681640625,
        "max_abs_logp_error": 7.62939453125e-06,
        "max_abs_probability_error": 1.5879638254334694e-07,
        "max_bin": 2,
        "max_float32_ulp_error": 7,
        "max_row": 62,
        "max_total_variation": 2.988996875181692e-07,
        "mean_abs_logp_error": 9.160406059688992e-07,
        "p99_abs_logp_error": 3.814697265625e-06,
        "right_logp": -22.11486053466797
      },
      "fixed_shape_companion_replacement": {
        "left_logp": -12.23268985748291,
        "max_abs_logp_error": 0.0,
        "max_abs_probability_error": 0.0,
        "max_bin": 0,
        "max_float32_ulp_error": 0,
        "max_row": 0,
        "max_total_variation": 0.0,
        "mean_abs_logp_error": 0.0,
        "p99_abs_logp_error": 0.0,
        "right_logp": -12.23268985748291
      },
      "fixed_shape_focal_relocation": {
        "left_logp": -12.23268985748291,
        "max_abs_logp_error": 0.0,
        "max_abs_probability_error": 0.0,
        "max_bin": 0,
        "max_float32_ulp_error": 0,
        "max_row": 0,
        "max_total_variation": 0.0,
        "mean_abs_logp_error": 0.0,
        "p99_abs_logp_error": 0.0,
        "right_logp": -12.23268985748291
      },
      "full_panel_rows": 3201,
      "full_panel_shards": [
        {
          "bank_index": 0,
          "batch_8": {
            "left_logp": -17.933563232421875,
            "max_abs_logp_error": 1.1444091796875e-05,
            "max_abs_probability_error": 2.1881392942013633e-07,
            "max_bin": 94,
            "max_float32_ulp_error": 11,
            "max_row": 323,
            "max_total_variation": 5.911897266598359e-07,
            "mean_abs_logp_error": 1.1118040995651417e-06,
            "p99_abs_logp_error": 5.7220458984375e-06,
            "right_logp": -17.933551788330078
          },
          "context_roll_contiguous": {
            "left_logp": -24.368022918701172,
            "max_abs_logp_error": 7.62939453125e-06,
            "max_abs_probability_error": 2.3821831771075885e-07,
            "max_bin": 2,
            "max_float32_ulp_error": 12,
            "max_row": 92,
            "max_total_variation": 4.951997148022254e-07,
            "mean_abs_logp_error": 8.367688468333041e-07,
            "p99_abs_logp_error": 3.814697265625e-06,
            "right_logp": -24.36801528930664
          },
          "context_roll_view": {
            "left_logp": -24.368022918701172,
            "max_abs_logp_error": 7.62939453125e-06,
            "max_abs_probability_error": 2.3821831771075885e-07,
            "max_bin": 2,
            "max_float32_ulp_error": 12,
            "max_row": 92,
            "max_total_variation": 4.951997148022254e-07,
            "mean_abs_logp_error": 8.367688468333041e-07,
            "p99_abs_logp_error": 3.814697265625e-06,
            "right_logp": -24.36801528930664
          },
          "draw_index": 0,
          "random_permutation_1": {
            "left_logp": -12.23268985748291,
            "max_abs_logp_error": 0.0,
            "max_abs_probability_error": 0.0,
            "max_bin": 0,
            "max_float32_ulp_error": 0,
            "max_row": 0,
            "max_total_variation": 0.0,
            "mean_abs_logp_error": 0.0,
            "p99_abs_logp_error": 0.0,
            "right_logp": -12.23268985748291
          },
          "random_permutation_2": {
            "left_logp": -12.23268985748291,
            "max_abs_logp_error": 0.0,
            "max_abs_probability_error": 0.0,
            "max_bin": 0,
            "max_float32_ulp_error": 0,
            "max_row": 0,
            "max_total_variation": 0.0,
            "mean_abs_logp_error": 0.0,
            "p99_abs_logp_error": 0.0,
            "right_logp": -12.23268985748291
          },
          "repeat": {
            "left_logp": -12.23268985748291,
            "max_abs_logp_error": 0.0,
            "max_abs_probability_error": 0.0,
            "max_bin": 0,
            "max_float32_ulp_error": 0,
            "max_row": 0,
            "max_total_variation": 0.0,
            "mean_abs_logp_error": 0.0,
            "p99_abs_logp_error": 0.0,
            "right_logp": -12.23268985748291
          },
          "reverse": {
            "left_logp": -12.23268985748291,
            "max_abs_logp_error": 0.0,
            "max_abs_probability_error": 0.0,
            "max_bin": 0,
            "max_float32_ulp_error": 0,
            "max_row": 0,
            "max_total_variation": 0.0,
            "mean_abs_logp_error": 0.0,
            "p99_abs_logp_error": 0.0,
            "right_logp": -12.23268985748291
          },
          "rows": 356,
          "same_shape_block_permutation": {
            "left_logp": -12.23268985748291,
            "max_abs_logp_error": 0.0,
            "max_abs_probability_error": 0.0,
            "max_bin": 0,
            "max_float32_ulp_error": 0,
            "max_row": 0,
            "max_total_variation": 0.0,
            "mean_abs_logp_error": 0.0,
            "p99_abs_logp_error": 0.0,
            "right_logp": -12.23268985748291
          }
        },
        {
          "bank_index": 1,
          "batch_8": {
            "left_logp": -23.507946014404297,
            "max_abs_logp_error": 9.5367431640625e-06,
            "max_abs_probability_error": 3.851329377080326e-07,
            "max_bin": 19,
            "max_float32_ulp_error": 11,
            "max_row": 81,
            "max_total_variation": 5.333269381035774e-07,
            "mean_abs_logp_error": 1.139684339587608e-06,
            "p99_abs_logp_error": 5.7220458984375e-06,
            "right_logp": -23.50795555114746
          },
          "context_roll_contiguous": {
            "left_logp": -20.368186950683594,
            "max_abs_logp_error": 7.62939453125e-06,
            "max_abs_probability_error": 1.5729751162707473e-07,
            "max_bin": 17,
            "max_float32_ulp_error": 9,
            "max_row": 132,
            "max_total_variation": 3.5081385693949587e-07,
            "mean_abs_logp_error": 7.856662353772796e-07,
            "p99_abs_logp_error": 3.814697265625e-06,
            "right_logp": -20.368179321289062
          },
          "context_roll_view": {
            "left_logp": -20.368186950683594,
            "max_abs_logp_error": 7.62939453125e-06,
            "max_abs_probability_error": 1.5729751162707473e-07,
            "max_bin": 17,
            "max_float32_ulp_error": 9,
            "max_row": 132,
            "max_total_variation": 3.5081385693949587e-07,
            "mean_abs_logp_error": 7.856662353772796e-07,
            "p99_abs_logp_error": 3.814697265625e-06,
            "right_logp": -20.368179321289062
          },
          "draw_index": 0,
          "random_permutation_1": {
            "left_logp": -15.24780559539795,
            "max_abs_logp_error": 0.0,
            "max_abs_probability_error": 0.0,
            "max_bin": 0,
            "max_float32_ulp_error": 0,
            "max_row": 0,
            "max_total_variation": 0.0,
            "mean_abs_logp_error": 0.0,
            "p99_abs_logp_error": 0.0,
            "right_logp": -15.24780559539795
          },
          "random_permutation_2": {
            "left_logp": -15.24780559539795,
            "max_abs_logp_error": 0.0,
            "max_abs_probability_error": 0.0,
            "max_bin": 0,
            "max_float32_ulp_error": 0,
            "max_row": 0,
            "max_total_variation": 0.0,
            "mean_abs_logp_error": 0.0,
            "p99_abs_logp_error": 0.0,
            "right_logp": -15.24780559539795
          },
          "repeat": {
            "left_logp": -15.24780559539795,
            "max_abs_logp_error": 0.0,
            "max_abs_probability_error": 0.0,
            "max_bin": 0,
            "max_float32_ulp_error": 0,
            "max_row": 0,
            "max_total_variation": 0.0,
            "mean_abs_logp_error": 0.0,
            "p99_abs_logp_error": 0.0,
            "right_logp": -15.24780559539795
          },
          "reverse": {
            "left_logp": -15.24780559539795,
            "max_abs_logp_error": 0.0,
            "max_abs_probability_error": 0.0,
            "max_bin": 0,
            "max_float32_ulp_error": 0,
            "max_row": 0,
            "max_total_variation": 0.0,
            "mean_abs_logp_error": 0.0,
            "p99_abs_logp_error": 0.0,
            "right_logp": -15.24780559539795
          },
          "rows": 356,
          "same_shape_block_permutation": {
            "left_logp": -15.24780559539795,
            "max_abs_logp_error": 0.0,
            "max_abs_probability_error": 0.0,
            "max_bin": 0,
            "max_float32_ulp_error": 0,
            "max_row": 0,
            "max_total_variation": 0.0,
            "mean_abs_logp_error": 0.0,
            "p99_abs_logp_error": 0.0,
            "right_logp": -15.24780559539795
          }
        },
        {
          "bank_index": 2,
          "batch_8": {
            "left_logp": -20.072391510009766,
            "max_abs_logp_error": 1.1444091796875e-05,
            "max_abs_probability_error": 2.678975229986058e-07,
            "max_bin": 10,
            "max_float32_ulp_error": 16,
            "max_row": 208,
            "max_total_variation": 6.82389930643521e-07,
            "mean_abs_logp_error": 1.1378946438641615e-06,
            "p99_abs_logp_error": 5.7220458984375e-06,
            "right_logp": -20.072402954101562
          },
          "context_roll_contiguous": {
            "left_logp": -18.30489730834961,
            "max_abs_logp_error": 7.62939453125e-06,
            "max_abs_probability_error": 2.4987937524700854e-07,
            "max_bin": 3,
            "max_float32_ulp_error": 12,
            "max_row": 334,
            "max_total_variation": 4.67092932987602e-07,
            "mean_abs_logp_error": 8.673197786572953e-07,
            "p99_abs_logp_error": 3.814697265625e-06,
            "right_logp": -18.304889678955078
          },
          "context_roll_view": {
            "left_logp": -18.30489730834961,
            "max_abs_logp_error": 7.62939453125e-06,
            "max_abs_probability_error": 2.4987937524700854e-07,
            "max_bin": 3,
            "max_float32_ulp_error": 12,
            "max_row": 334,
            "max_total_variation": 4.67092932987602e-07,
            "mean_abs_logp_error": 8.673197786572953e-07,
            "p99_abs_logp_error": 3.814697265625e-06,
            "right_logp": -18.304889678955078
          },
          "draw_index": 0,
          "random_permutation_1": {
            "left_logp": -15.446244239807129,
            "max_abs_logp_error": 0.0,
            "max_abs_probability_error": 0.0,
            "max_bin": 0,
            "max_float32_ulp_error": 0,
            "max_row": 0,
            "max_total_variation": 0.0,
            "mean_abs_logp_error": 0.0,
            "p99_abs_logp_error": 0.0,
            "right_logp": -15.446244239807129
          },
          "random_permutation_2": {
            "left_logp": -15.446244239807129,
            "max_abs_logp_error": 0.0,
            "max_abs_probability_error": 0.0,
            "max_bin": 0,
            "max_float32_ulp_error": 0,
            "max_row": 0,
            "max_total_variation": 0.0,
            "mean_abs_logp_error": 0.0,
            "p99_abs_logp_error": 0.0,
            "right_logp": -15.446244239807129
          },
          "repeat": {
            "left_logp": -15.446244239807129,
            "max_abs_logp_error": 0.0,
            "max_abs_probability_error": 0.0,
            "max_bin": 0,
            "max_float32_ulp_error": 0,
            "max_row": 0,
            "max_total_variation": 0.0,
            "mean_abs_logp_error": 0.0,
            "p99_abs_logp_error": 0.0,
            "right_logp": -15.446244239807129
          },
          "reverse": {
            "left_logp": -15.446244239807129,
            "max_abs_logp_error": 0.0,
            "max_abs_probability_error": 0.0,
            "max_bin": 0,
            "max_float32_ulp_error": 0,
            "max_row": 0,
            "max_total_variation": 0.0,
            "mean_abs_logp_error": 0.0,
            "p99_abs_logp_error": 0.0,
            "right_logp": -15.446244239807129
          },
          "rows": 355,
          "same_shape_block_permutation": {
            "left_logp": -15.446244239807129,
            "max_abs_logp_error": 0.0,
            "max_abs_probability_error": 0.0,
            "max_bin": 0,
            "max_float32_ulp_error": 0,
            "max_row": 0,
            "max_total_variation": 0.0,
            "mean_abs_logp_error": 0.0,
            "p99_abs_logp_error": 0.0,
            "right_logp": -15.446244239807129
          }
        },
        {
          "bank_index": 0,
          "batch_8": {
            "left_logp": -21.552074432373047,
            "max_abs_logp_error": 9.5367431640625e-06,
            "max_abs_probability_error": 2.4103541126918593e-07,
            "max_bin": 2,
            "max_float32_ulp_error": 11,
            "max_row": 36,
            "max_total_variation": 4.0929652766155147e-07,
            "mean_abs_logp_error": 1.1480222927050643e-06,
            "p99_abs_logp_error": 5.7220458984375e-06,
            "right_logp": -21.552064895629883
          },
          "context_roll_contiguous": {
            "left_logp": -20.0412540435791,
            "max_abs_logp_error": 7.62939453125e-06,
            "max_abs_probability_error": 1.683376454064689e-07,
            "max_bin": 6,
            "max_float32_ulp_error": 10,
            "max_row": 64,
            "max_total_variation": 3.4569225534881886e-07,
            "mean_abs_logp_error": 8.061159862561172e-07,
            "p99_abs_logp_error": 3.814697265625e-06,
            "right_logp": -20.04124641418457
          },
          "context_roll_view": {
            "left_logp": -20.0412540435791,
            "max_abs_logp_error": 7.62939453125e-06,
            "max_abs_probability_error": 1.683376454064689e-07,
            "max_bin": 6,
            "max_float32_ulp_error": 10,
            "max_row": 64,
            "max_total_variation": 3.4569225534881886e-07,
            "mean_abs_logp_error": 8.061159862561172e-07,
            "p99_abs_logp_error": 3.814697265625e-06,
            "right_logp": -20.04124641418457
          },
          "draw_index": 1,
          "random_permutation_1": {
            "left_logp": -22.75469970703125,
            "max_abs_logp_error": 0.0,
            "max_abs_probability_error": 0.0,
            "max_bin": 0,
            "max_float32_ulp_error": 0,
            "max_row": 0,
            "max_total_variation": 0.0,
            "mean_abs_logp_error": 0.0,
            "p99_abs_logp_error": 0.0,
            "right_logp": -22.75469970703125
          },
          "random_permutation_2": {
            "left_logp": -22.75469970703125,
            "max_abs_logp_error": 0.0,
            "max_abs_probability_error": 0.0,
            "max_bin": 0,
            "max_float32_ulp_error": 0,
            "max_row": 0,
            "max_total_variation": 0.0,
            "mean_abs_logp_error": 0.0,
            "p99_abs_logp_error": 0.0,
            "right_logp": -22.75469970703125
          },
          "repeat": {
            "left_logp": -22.75469970703125,
            "max_abs_logp_error": 0.0,
            "max_abs_probability_error": 0.0,
            "max_bin": 0,
            "max_float32_ulp_error": 0,
            "max_row": 0,
            "max_total_variation": 0.0,
            "mean_abs_logp_error": 0.0,
            "p99_abs_logp_error": 0.0,
            "right_logp": -22.75469970703125
          },
          "reverse": {
            "left_logp": -22.75469970703125,
            "max_abs_logp_error": 0.0,
            "max_abs_probability_error": 0.0,
            "max_bin": 0,
            "max_float32_ulp_error": 0,
            "max_row": 0,
            "max_total_variation": 0.0,
            "mean_abs_logp_error": 0.0,
            "p99_abs_logp_error": 0.0,
            "right_logp": -22.75469970703125
          },
          "rows": 356,
          "same_shape_block_permutation": {
            "left_logp": -22.75469970703125,
            "max_abs_logp_error": 0.0,
            "max_abs_probability_error": 0.0,
            "max_bin": 0,
            "max_float32_ulp_error": 0,
            "max_row": 0,
            "max_total_variation": 0.0,
            "mean_abs_logp_error": 0.0,
            "p99_abs_logp_error": 0.0,
            "right_logp": -22.75469970703125
          }
        },
        {
          "bank_index": 1,
          "batch_8": {
            "left_logp": -16.8171329498291,
            "max_abs_logp_error": 9.5367431640625e-06,
            "max_abs_probability_error": 3.114548673688322e-07,
            "max_bin": 21,
            "max_float32_ulp_error": 14,
            "max_row": 64,
            "max_total_variation": 6.322096772064824e-07,
            "mean_abs_logp_error": 1.0832440987061918e-06,
            "p99_abs_logp_error": 4.76837158203125e-06,
            "right_logp": -16.817123413085938
          },
          "context_roll_contiguous": {
            "left_logp": -21.36327362060547,
            "max_abs_logp_error": 7.62939453125e-06,
            "max_abs_probability_error": 1.652196413570728e-07,
            "max_bin": 2,
            "max_float32_ulp_error": 11,
            "max_row": 50,
            "max_total_variation": 5.845597600992602e-07,
            "mean_abs_logp_error": 8.055969570459945e-07,
            "p99_abs_logp_error": 3.814697265625e-06,
            "right_logp": -21.363265991210938
          },
          "context_roll_view": {
            "left_logp": -21.36327362060547,
            "max_abs_logp_error": 7.62939453125e-06,
            "max_abs_probability_error": 1.652196413570728e-07,
            "max_bin": 2,
            "max_float32_ulp_error": 11,
            "max_row": 50,
            "max_total_variation": 5.845597600992602e-07,
            "mean_abs_logp_error": 8.055969570459945e-07,
            "p99_abs_logp_error": 3.814697265625e-06,
            "right_logp": -21.363265991210938
          },
          "draw_index": 1,
          "random_permutation_1": {
            "left_logp": -16.153717041015625,
            "max_abs_logp_error": 0.0,
            "max_abs_probability_error": 0.0,
            "max_bin": 0,
            "max_float32_ulp_error": 0,
            "max_row": 0,
            "max_total_variation": 0.0,
            "mean_abs_logp_error": 0.0,
            "p99_abs_logp_error": 0.0,
            "right_logp": -16.153717041015625
          },
          "random_permutation_2": {
            "left_logp": -16.153717041015625,
            "max_abs_logp_error": 0.0,
            "max_abs_probability_error": 0.0,
            "max_bin": 0,
            "max_float32_ulp_error": 0,
            "max_row": 0,
            "max_total_variation": 0.0,
            "mean_abs_logp_error": 0.0,
            "p99_abs_logp_error": 0.0,
            "right_logp": -16.153717041015625
          },
          "repeat": {
            "left_logp": -16.153717041015625,
            "max_abs_logp_error": 0.0,
            "max_abs_probability_error": 0.0,
            "max_bin": 0,
            "max_float32_ulp_error": 0,
            "max_row": 0,
            "max_total_variation": 0.0,
            "mean_abs_logp_error": 0.0,
            "p99_abs_logp_error": 0.0,
            "right_logp": -16.153717041015625
          },
          "reverse": {
            "left_logp": -16.153717041015625,
            "max_abs_logp_error": 0.0,
            "max_abs_probability_error": 0.0,
            "max_bin": 0,
            "max_float32_ulp_error": 0,
            "max_row": 0,
            "max_total_variation": 0.0,
            "mean_abs_logp_error": 0.0,
            "p99_abs_logp_error": 0.0,
            "right_logp": -16.153717041015625
          },
          "rows": 356,
          "same_shape_block_permutation": {
            "left_logp": -16.153717041015625,
            "max_abs_logp_error": 0.0,
            "max_abs_probability_error": 0.0,
            "max_bin": 0,
            "max_float32_ulp_error": 0,
            "max_row": 0,
            "max_total_variation": 0.0,
            "mean_abs_logp_error": 0.0,
            "p99_abs_logp_error": 0.0,
            "right_logp": -16.153717041015625
          }
        },
        {
          "bank_index": 2,
          "batch_8": {
            "left_logp": -6.028769493103027,
            "max_abs_logp_error": 7.62939453125e-06,
            "max_abs_probability_error": 2.6586647086657145e-07,
            "max_bin": 43,
            "max_float32_ulp_error": 20,
            "max_row": 20,
            "max_total_variation": 7.354616750960745e-07,
            "mean_abs_logp_error": 1.1264774161325373e-06,
            "p99_abs_logp_error": 4.76837158203125e-06,
            "right_logp": -6.028761863708496
          },
          "context_roll_contiguous": {
            "left_logp": -17.450504302978516,
            "max_abs_logp_error": 7.62939453125e-06,
            "max_abs_probability_error": 1.8453934894080426e-07,
            "max_bin": 0,
            "max_float32_ulp_error": 8,
            "max_row": 49,
            "max_total_variation": 4.020780922193631e-07,
            "mean_abs_logp_error": 8.283937481087698e-07,
            "p99_abs_logp_error": 3.814697265625e-06,
            "right_logp": -17.450496673583984
          },
          "context_roll_view": {
            "left_logp": -17.450504302978516,
            "max_abs_logp_error": 7.62939453125e-06,
            "max_abs_probability_error": 1.8453934894080426e-07,
            "max_bin": 0,
            "max_float32_ulp_error": 8,
            "max_row": 49,
            "max_total_variation": 4.020780922193631e-07,
            "mean_abs_logp_error": 8.283937481087698e-07,
            "p99_abs_logp_error": 3.814697265625e-06,
            "right_logp": -17.450496673583984
          },
          "draw_index": 1,
          "random_permutation_1": {
            "left_logp": -16.85924530029297,
            "max_abs_logp_error": 0.0,
            "max_abs_probability_error": 0.0,
            "max_bin": 0,
            "max_float32_ulp_error": 0,
            "max_row": 0,
            "max_total_variation": 0.0,
            "mean_abs_logp_error": 0.0,
            "p99_abs_logp_error": 0.0,
            "right_logp": -16.85924530029297
          },
          "random_permutation_2": {
            "left_logp": -16.85924530029297,
            "max_abs_logp_error": 0.0,
            "max_abs_probability_error": 0.0,
            "max_bin": 0,
            "max_float32_ulp_error": 0,
            "max_row": 0,
            "max_total_variation": 0.0,
            "mean_abs_logp_error": 0.0,
            "p99_abs_logp_error": 0.0,
            "right_logp": -16.85924530029297
          },
          "repeat": {
            "left_logp": -16.85924530029297,
            "max_abs_logp_error": 0.0,
            "max_abs_probability_error": 0.0,
            "max_bin": 0,
            "max_float32_ulp_error": 0,
            "max_row": 0,
            "max_total_variation": 0.0,
            "mean_abs_logp_error": 0.0,
            "p99_abs_logp_error": 0.0,
            "right_logp": -16.85924530029297
          },
          "reverse": {
            "left_logp": -16.85924530029297,
            "max_abs_logp_error": 0.0,
            "max_abs_probability_error": 0.0,
            "max_bin": 0,
            "max_float32_ulp_error": 0,
            "max_row": 0,
            "max_total_variation": 0.0,
            "mean_abs_logp_error": 0.0,
            "p99_abs_logp_error": 0.0,
            "right_logp": -16.85924530029297
          },
          "rows": 355,
          "same_shape_block_permutation": {
            "left_logp": -16.85924530029297,
            "max_abs_logp_error": 0.0,
            "max_abs_probability_error": 0.0,
            "max_bin": 0,
            "max_float32_ulp_error": 0,
            "max_row": 0,
            "max_total_variation": 0.0,
            "mean_abs_logp_error": 0.0,
            "p99_abs_logp_error": 0.0,
            "right_logp": -16.85924530029297
          }
        },
        {
          "bank_index": 0,
          "batch_8": {
            "left_logp": -21.355905532836914,
            "max_abs_logp_error": 9.5367431640625e-06,
            "max_abs_probability_error": 2.2174653713236125e-07,
            "max_bin": 0,
            "max_float32_ulp_error": 13,
            "max_row": 278,
            "max_total_variation": 7.818468341878244e-07,
            "mean_abs_logp_error": 1.1278035935391202e-06,
            "p99_abs_logp_error": 4.76837158203125e-06,
            "right_logp": -21.355915069580078
          },
          "context_roll_contiguous": {
            "left_logp": -16.830799102783203,
            "max_abs_logp_error": 7.62939453125e-06,
            "max_abs_probability_error": 1.682817773462908e-07,
            "max_bin": 8,
            "max_float32_ulp_error": 10,
            "max_row": 255,
            "max_total_variation": 4.6060674526964764e-07,
            "mean_abs_logp_error": 8.23411378967628e-07,
            "p99_abs_logp_error": 3.814697265625e-06,
            "right_logp": -16.830791473388672
          },
          "context_roll_view": {
            "left_logp": -16.830799102783203,
            "max_abs_logp_error": 7.62939453125e-06,
            "max_abs_probability_error": 1.682817773462908e-07,
            "max_bin": 8,
            "max_float32_ulp_error": 10,
            "max_row": 255,
            "max_total_variation": 4.6060674526964764e-07,
            "mean_abs_logp_error": 8.23411378967628e-07,
            "p99_abs_logp_error": 3.814697265625e-06,
            "right_logp": -16.830791473388672
          },
          "draw_index": 2,
          "random_permutation_1": {
            "left_logp": -15.679285049438477,
            "max_abs_logp_error": 0.0,
            "max_abs_probability_error": 0.0,
            "max_bin": 0,
            "max_float32_ulp_error": 0,
            "max_row": 0,
            "max_total_variation": 0.0,
            "mean_abs_logp_error": 0.0,
            "p99_abs_logp_error": 0.0,
            "right_logp": -15.679285049438477
          },
          "random_permutation_2": {
            "left_logp": -15.679285049438477,
            "max_abs_logp_error": 0.0,
            "max_abs_probability_error": 0.0,
            "max_bin": 0,
            "max_float32_ulp_error": 0,
            "max_row": 0,
            "max_total_variation": 0.0,
            "mean_abs_logp_error": 0.0,
            "p99_abs_logp_error": 0.0,
            "right_logp": -15.679285049438477
          },
          "repeat": {
            "left_logp": -15.679285049438477,
            "max_abs_logp_error": 0.0,
            "max_abs_probability_error": 0.0,
            "max_bin": 0,
            "max_float32_ulp_error": 0,
            "max_row": 0,
            "max_total_variation": 0.0,
            "mean_abs_logp_error": 0.0,
            "p99_abs_logp_error": 0.0,
            "right_logp": -15.679285049438477
          },
          "reverse": {
            "left_logp": -15.679285049438477,
            "max_abs_logp_error": 0.0,
            "max_abs_probability_error": 0.0,
            "max_bin": 0,
            "max_float32_ulp_error": 0,
            "max_row": 0,
            "max_total_variation": 0.0,
            "mean_abs_logp_error": 0.0,
            "p99_abs_logp_error": 0.0,
            "right_logp": -15.679285049438477
          },
          "rows": 356,
          "same_shape_block_permutation": {
            "left_logp": -15.679285049438477,
            "max_abs_logp_error": 0.0,
            "max_abs_probability_error": 0.0,
            "max_bin": 0,
            "max_float32_ulp_error": 0,
            "max_row": 0,
            "max_total_variation": 0.0,
            "mean_abs_logp_error": 0.0,
            "p99_abs_logp_error": 0.0,
            "right_logp": -15.679285049438477
          }
        },
        {
          "bank_index": 1,
          "batch_8": {
            "left_logp": -20.839876174926758,
            "max_abs_logp_error": 9.5367431640625e-06,
            "max_abs_probability_error": 2.5565069122768236e-07,
            "max_bin": 1,
            "max_float32_ulp_error": 19,
            "max_row": 11,
            "max_total_variation": 8.155889319711595e-07,
            "mean_abs_logp_error": 1.105736480670029e-06,
            "p99_abs_logp_error": 4.76837158203125e-06,
            "right_logp": -20.839885711669922
          },
          "context_roll_contiguous": {
            "left_logp": -22.1148681640625,
            "max_abs_logp_error": 7.62939453125e-06,
            "max_abs_probability_error": 3.0763227687469197e-07,
            "max_bin": 2,
            "max_float32_ulp_error": 10,
            "max_row": 6,
            "max_total_variation": 4.1790147195252486e-07,
            "mean_abs_logp_error": 7.933813534425886e-07,
            "p99_abs_logp_error": 3.814697265625e-06,
            "right_logp": -22.11486053466797
          },
          "context_roll_view": {
            "left_logp": -22.1148681640625,
            "max_abs_logp_error": 7.62939453125e-06,
            "max_abs_probability_error": 3.0763227687469197e-07,
            "max_bin": 2,
            "max_float32_ulp_error": 10,
            "max_row": 6,
            "max_total_variation": 4.1790147195252486e-07,
            "mean_abs_logp_error": 7.933813534425886e-07,
            "p99_abs_logp_error": 3.814697265625e-06,
            "right_logp": -22.11486053466797
          },
          "draw_index": 2,
          "random_permutation_1": {
            "left_logp": -20.341609954833984,
            "max_abs_logp_error": 0.0,
            "max_abs_probability_error": 0.0,
            "max_bin": 0,
            "max_float32_ulp_error": 0,
            "max_row": 0,
            "max_total_variation": 0.0,
            "mean_abs_logp_error": 0.0,
            "p99_abs_logp_error": 0.0,
            "right_logp": -20.341609954833984
          },
          "random_permutation_2": {
            "left_logp": -20.341609954833984,
            "max_abs_logp_error": 0.0,
            "max_abs_probability_error": 0.0,
            "max_bin": 0,
            "max_float32_ulp_error": 0,
            "max_row": 0,
            "max_total_variation": 0.0,
            "mean_abs_logp_error": 0.0,
            "p99_abs_logp_error": 0.0,
            "right_logp": -20.341609954833984
          },
          "repeat": {
            "left_logp": -20.341609954833984,
            "max_abs_logp_error": 0.0,
            "max_abs_probability_error": 0.0,
            "max_bin": 0,
            "max_float32_ulp_error": 0,
            "max_row": 0,
            "max_total_variation": 0.0,
            "mean_abs_logp_error": 0.0,
            "p99_abs_logp_error": 0.0,
            "right_logp": -20.341609954833984
          },
          "reverse": {
            "left_logp": -20.341609954833984,
            "max_abs_logp_error": 0.0,
            "max_abs_probability_error": 0.0,
            "max_bin": 0,
            "max_float32_ulp_error": 0,
            "max_row": 0,
            "max_total_variation": 0.0,
            "mean_abs_logp_error": 0.0,
            "p99_abs_logp_error": 0.0,
            "right_logp": -20.341609954833984
          },
          "rows": 356,
          "same_shape_block_permutation": {
            "left_logp": -20.341609954833984,
            "max_abs_logp_error": 0.0,
            "max_abs_probability_error": 0.0,
            "max_bin": 0,
            "max_float32_ulp_error": 0,
            "max_row": 0,
            "max_total_variation": 0.0,
            "mean_abs_logp_error": 0.0,
            "p99_abs_logp_error": 0.0,
            "right_logp": -20.341609954833984
          }
        },
        {
          "bank_index": 2,
          "batch_8": {
            "left_logp": -18.58905792236328,
            "max_abs_logp_error": 7.62939453125e-06,
            "max_abs_probability_error": 3.8544128594386606e-07,
            "max_bin": 90,
            "max_float32_ulp_error": 14,
            "max_row": 8,
            "max_total_variation": 6.220797802876755e-07,
            "mean_abs_logp_error": 1.1208460364543216e-06,
            "p99_abs_logp_error": 4.76837158203125e-06,
            "right_logp": -18.589065551757812
          },
          "context_roll_contiguous": {
            "left_logp": -23.18547248840332,
            "max_abs_logp_error": 9.5367431640625e-06,
            "max_abs_probability_error": 1.8022898115588326e-07,
            "max_bin": 1,
            "max_float32_ulp_error": 10,
            "max_row": 276,
            "max_total_variation": 5.176775649132077e-07,
            "mean_abs_logp_error": 8.558555388114821e-07,
            "p99_abs_logp_error": 3.814697265625e-06,
            "right_logp": -23.185482025146484
          },
          "context_roll_view": {
            "left_logp": -23.18547248840332,
            "max_abs_logp_error": 9.5367431640625e-06,
            "max_abs_probability_error": 1.8022898115588326e-07,
            "max_bin": 1,
            "max_float32_ulp_error": 10,
            "max_row": 276,
            "max_total_variation": 5.176775649132077e-07,
            "mean_abs_logp_error": 8.558555388114821e-07,
            "p99_abs_logp_error": 3.814697265625e-06,
            "right_logp": -23.185482025146484
          },
          "draw_index": 2,
          "random_permutation_1": {
            "left_logp": -13.70474624633789,
            "max_abs_logp_error": 0.0,
            "max_abs_probability_error": 0.0,
            "max_bin": 0,
            "max_float32_ulp_error": 0,
            "max_row": 0,
            "max_total_variation": 0.0,
            "mean_abs_logp_error": 0.0,
            "p99_abs_logp_error": 0.0,
            "right_logp": -13.70474624633789
          },
          "random_permutation_2": {
            "left_logp": -13.70474624633789,
            "max_abs_logp_error": 0.0,
            "max_abs_probability_error": 0.0,
            "max_bin": 0,
            "max_float32_ulp_error": 0,
            "max_row": 0,
            "max_total_variation": 0.0,
            "mean_abs_logp_error": 0.0,
            "p99_abs_logp_error": 0.0,
            "right_logp": -13.70474624633789
          },
          "repeat": {
            "left_logp": -13.70474624633789,
            "max_abs_logp_error": 0.0,
            "max_abs_probability_error": 0.0,
            "max_bin": 0,
            "max_float32_ulp_error": 0,
            "max_row": 0,
            "max_total_variation": 0.0,
            "mean_abs_logp_error": 0.0,
            "p99_abs_logp_error": 0.0,
            "right_logp": -13.70474624633789
          },
          "reverse": {
            "left_logp": -13.70474624633789,
            "max_abs_logp_error": 0.0,
            "max_abs_probability_error": 0.0,
            "max_bin": 0,
            "max_float32_ulp_error": 0,
            "max_row": 0,
            "max_total_variation": 0.0,
            "mean_abs_logp_error": 0.0,
            "p99_abs_logp_error": 0.0,
            "right_logp": -13.70474624633789
          },
          "rows": 355,
          "same_shape_block_permutation": {
            "left_logp": -13.70474624633789,
            "max_abs_logp_error": 0.0,
            "max_abs_probability_error": 0.0,
            "max_bin": 0,
            "max_float32_ulp_error": 0,
            "max_row": 0,
            "max_total_variation": 0.0,
            "mean_abs_logp_error": 0.0,
            "p99_abs_logp_error": 0.0,
            "right_logp": -13.70474624633789
          }
        }
      ],
      "prior": "C",
      "remainder_35": {
        "left_logp": -12.23268985748291,
        "max_abs_logp_error": 0.0,
        "max_abs_probability_error": 0.0,
        "max_bin": 0,
        "max_float32_ulp_error": 0,
        "max_row": 0,
        "max_total_variation": 0.0,
        "mean_abs_logp_error": 0.0,
        "p99_abs_logp_error": 0.0,
        "right_logp": -12.23268985748291
      },
      "remainder_36": {
        "left_logp": -12.23268985748291,
        "max_abs_logp_error": 0.0,
        "max_abs_probability_error": 0.0,
        "max_bin": 0,
        "max_float32_ulp_error": 0,
        "max_row": 0,
        "max_total_variation": 0.0,
        "mean_abs_logp_error": 0.0,
        "p99_abs_logp_error": 0.0,
        "right_logp": -12.23268985748291
      },
      "remainder_43": {
        "left_logp": -12.23268985748291,
        "max_abs_logp_error": 0.0,
        "max_abs_probability_error": 0.0,
        "max_bin": 0,
        "max_float32_ulp_error": 0,
        "max_row": 0,
        "max_total_variation": 0.0,
        "mean_abs_logp_error": 0.0,
        "p99_abs_logp_error": 0.0,
        "right_logp": -12.23268985748291
      },
      "repeat": {
        "left_logp": -12.23268985748291,
        "max_abs_logp_error": 0.0,
        "max_abs_probability_error": 0.0,
        "max_bin": 0,
        "max_float32_ulp_error": 0,
        "max_row": 0,
        "max_total_variation": 0.0,
        "mean_abs_logp_error": 0.0,
        "p99_abs_logp_error": 0.0,
        "right_logp": -12.23268985748291
      },
      "reverse_batch": {
        "left_logp": -19.233247756958008,
        "max_abs_logp_error": 9.5367431640625e-06,
        "max_abs_probability_error": 1.0228656999178298e-07,
        "max_bin": 14,
        "max_float32_ulp_error": 8,
        "max_row": 1,
        "max_total_variation": 3.1915836467836264e-07,
        "mean_abs_logp_error": 2.929568290710449e-07,
        "p99_abs_logp_error": 4.76837158203125e-06,
        "right_logp": -19.233238220214844
      },
      "rows": 72,
      "same_shape_block_permutation": {
        "left_logp": -12.23268985748291,
        "max_abs_logp_error": 0.0,
        "max_abs_probability_error": 0.0,
        "max_bin": 0,
        "max_float32_ulp_error": 0,
        "max_row": 0,
        "max_total_variation": 0.0,
        "mean_abs_logp_error": 0.0,
        "p99_abs_logp_error": 0.0,
        "right_logp": -12.23268985748291
      },
      "seed": 2,
      "singleton": {
        "left_logp": -19.513721466064453,
        "max_abs_logp_error": 7.62939453125e-06,
        "max_abs_probability_error": 1.2656701139923676e-07,
        "max_bin": 6,
        "max_float32_ulp_error": 9,
        "max_row": 6,
        "max_total_variation": 3.4281981773059807e-07,
        "mean_abs_logp_error": 1.1117756366729736e-06,
        "p99_abs_logp_error": 5.7220458984375e-06,
        "right_logp": -19.513713836669922
      },
      "step": 60000
    },
    {
      "batch_8": {
        "left_logp": -22.291933059692383,
        "max_abs_logp_error": 7.62939453125e-06,
        "max_abs_probability_error": 2.133084599786894e-07,
        "max_bin": 10,
        "max_float32_ulp_error": 10,
        "max_row": 18,
        "max_total_variation": 4.827224491535902e-07,
        "mean_abs_logp_error": 1.0889934168921577e-06,
        "p99_abs_logp_error": 5.7220458984375e-06,
        "right_logp": -22.291940689086914
      },
      "checkpoint_sha256": "bc6cbc8f83c297577997bc879604df91ecb647b35cf7b953f19b1870f97cc157",
      "context_roll": {
        "left_logp": -22.967363357543945,
        "max_abs_logp_error": 7.62939453125e-06,
        "max_abs_probability_error": 1.4813755377929283e-07,
        "max_bin": 6,
        "max_float32_ulp_error": 8,
        "max_row": 18,
        "max_total_variation": 3.680551838733099e-07,
        "mean_abs_logp_error": 9.57101583480835e-07,
        "p99_abs_logp_error": 3.814697265625e-06,
        "right_logp": -22.967370986938477
      },
      "fixed_shape_companion_replacement": {
        "left_logp": -12.567170143127441,
        "max_abs_logp_error": 0.0,
        "max_abs_probability_error": 0.0,
        "max_bin": 0,
        "max_float32_ulp_error": 0,
        "max_row": 0,
        "max_total_variation": 0.0,
        "mean_abs_logp_error": 0.0,
        "p99_abs_logp_error": 0.0,
        "right_logp": -12.567170143127441
      },
      "fixed_shape_focal_relocation": {
        "left_logp": -12.567170143127441,
        "max_abs_logp_error": 0.0,
        "max_abs_probability_error": 0.0,
        "max_bin": 0,
        "max_float32_ulp_error": 0,
        "max_row": 0,
        "max_total_variation": 0.0,
        "mean_abs_logp_error": 0.0,
        "p99_abs_logp_error": 0.0,
        "right_logp": -12.567170143127441
      },
      "full_panel_rows": 3201,
      "full_panel_shards": [
        {
          "bank_index": 0,
          "batch_8": {
            "left_logp": -20.863515853881836,
            "max_abs_logp_error": 1.1444091796875e-05,
            "max_abs_probability_error": 2.651705621470324e-07,
            "max_bin": 2,
            "max_float32_ulp_error": 14,
            "max_row": 31,
            "max_total_variation": 6.537996637487927e-07,
            "mean_abs_logp_error": 1.2150540780485347e-06,
            "p99_abs_logp_error": 5.7220458984375e-06,
            "right_logp": -20.86350440979004
          },
          "context_roll_contiguous": {
            "left_logp": -20.79106903076172,
            "max_abs_logp_error": 7.62939453125e-06,
            "max_abs_probability_error": 2.3068695165218145e-07,
            "max_bin": 1,
            "max_float32_ulp_error": 13,
            "max_row": 15,
            "max_total_variation": 5.59046605615942e-07,
            "mean_abs_logp_error": 9.495354770274644e-07,
            "p99_abs_logp_error": 3.814697265625e-06,
            "right_logp": -20.791061401367188
          },
          "context_roll_view": {
            "left_logp": -20.79106903076172,
            "max_abs_logp_error": 7.62939453125e-06,
            "max_abs_probability_error": 2.3068695165218145e-07,
            "max_bin": 1,
            "max_float32_ulp_error": 13,
            "max_row": 15,
            "max_total_variation": 5.59046605615942e-07,
            "mean_abs_logp_error": 9.495354770274644e-07,
            "p99_abs_logp_error": 3.814697265625e-06,
            "right_logp": -20.791061401367188
          },
          "draw_index": 0,
          "random_permutation_1": {
            "left_logp": -12.567170143127441,
            "max_abs_logp_error": 0.0,
            "max_abs_probability_error": 0.0,
            "max_bin": 0,
            "max_float32_ulp_error": 0,
            "max_row": 0,
            "max_total_variation": 0.0,
            "mean_abs_logp_error": 0.0,
            "p99_abs_logp_error": 0.0,
            "right_logp": -12.567170143127441
          },
          "random_permutation_2": {
            "left_logp": -12.567170143127441,
            "max_abs_logp_error": 0.0,
            "max_abs_probability_error": 0.0,
            "max_bin": 0,
            "max_float32_ulp_error": 0,
            "max_row": 0,
            "max_total_variation": 0.0,
            "mean_abs_logp_error": 0.0,
            "p99_abs_logp_error": 0.0,
            "right_logp": -12.567170143127441
          },
          "repeat": {
            "left_logp": -12.567170143127441,
            "max_abs_logp_error": 0.0,
            "max_abs_probability_error": 0.0,
            "max_bin": 0,
            "max_float32_ulp_error": 0,
            "max_row": 0,
            "max_total_variation": 0.0,
            "mean_abs_logp_error": 0.0,
            "p99_abs_logp_error": 0.0,
            "right_logp": -12.567170143127441
          },
          "reverse": {
            "left_logp": -12.567170143127441,
            "max_abs_logp_error": 0.0,
            "max_abs_probability_error": 0.0,
            "max_bin": 0,
            "max_float32_ulp_error": 0,
            "max_row": 0,
            "max_total_variation": 0.0,
            "mean_abs_logp_error": 0.0,
            "p99_abs_logp_error": 0.0,
            "right_logp": -12.567170143127441
          },
          "rows": 356,
          "same_shape_block_permutation": {
            "left_logp": -12.567170143127441,
            "max_abs_logp_error": 0.0,
            "max_abs_probability_error": 0.0,
            "max_bin": 0,
            "max_float32_ulp_error": 0,
            "max_row": 0,
            "max_total_variation": 0.0,
            "mean_abs_logp_error": 0.0,
            "p99_abs_logp_error": 0.0,
            "right_logp": -12.567170143127441
          }
        },
        {
          "bank_index": 1,
          "batch_8": {
            "left_logp": -27.574462890625,
            "max_abs_logp_error": 1.33514404296875e-05,
            "max_abs_probability_error": 2.846986370819149e-07,
            "max_bin": 1,
            "max_float32_ulp_error": 16,
            "max_row": 26,
            "max_total_variation": 6.974392095066702e-07,
            "mean_abs_logp_error": 1.30185250485881e-06,
            "p99_abs_logp_error": 5.7220458984375e-06,
            "right_logp": -27.57444953918457
          },
          "context_roll_contiguous": {
            "left_logp": -20.888717651367188,
            "max_abs_logp_error": 1.1444091796875e-05,
            "max_abs_probability_error": 1.6181993142683204e-07,
            "max_bin": 99,
            "max_float32_ulp_error": 13,
            "max_row": 282,
            "max_total_variation": 5.666191852835086e-07,
            "mean_abs_logp_error": 9.483333384053091e-07,
            "p99_abs_logp_error": 4.76837158203125e-06,
            "right_logp": -20.888729095458984
          },
          "context_roll_view": {
            "left_logp": -20.888717651367188,
            "max_abs_logp_error": 1.1444091796875e-05,
            "max_abs_probability_error": 1.6181993142683204e-07,
            "max_bin": 99,
            "max_float32_ulp_error": 13,
            "max_row": 282,
            "max_total_variation": 5.666191852835086e-07,
            "mean_abs_logp_error": 9.483333384053091e-07,
            "p99_abs_logp_error": 4.76837158203125e-06,
            "right_logp": -20.888729095458984
          },
          "draw_index": 0,
          "random_permutation_1": {
            "left_logp": -16.853452682495117,
            "max_abs_logp_error": 0.0,
            "max_abs_probability_error": 0.0,
            "max_bin": 0,
            "max_float32_ulp_error": 0,
            "max_row": 0,
            "max_total_variation": 0.0,
            "mean_abs_logp_error": 0.0,
            "p99_abs_logp_error": 0.0,
            "right_logp": -16.853452682495117
          },
          "random_permutation_2": {
            "left_logp": -16.853452682495117,
            "max_abs_logp_error": 0.0,
            "max_abs_probability_error": 0.0,
            "max_bin": 0,
            "max_float32_ulp_error": 0,
            "max_row": 0,
            "max_total_variation": 0.0,
            "mean_abs_logp_error": 0.0,
            "p99_abs_logp_error": 0.0,
            "right_logp": -16.853452682495117
          },
          "repeat": {
            "left_logp": -16.853452682495117,
            "max_abs_logp_error": 0.0,
            "max_abs_probability_error": 0.0,
            "max_bin": 0,
            "max_float32_ulp_error": 0,
            "max_row": 0,
            "max_total_variation": 0.0,
            "mean_abs_logp_error": 0.0,
            "p99_abs_logp_error": 0.0,
            "right_logp": -16.853452682495117
          },
          "reverse": {
            "left_logp": -16.853452682495117,
            "max_abs_logp_error": 0.0,
            "max_abs_probability_error": 0.0,
            "max_bin": 0,
            "max_float32_ulp_error": 0,
            "max_row": 0,
            "max_total_variation": 0.0,
            "mean_abs_logp_error": 0.0,
            "p99_abs_logp_error": 0.0,
            "right_logp": -16.853452682495117
          },
          "rows": 356,
          "same_shape_block_permutation": {
            "left_logp": -16.853452682495117,
            "max_abs_logp_error": 0.0,
            "max_abs_probability_error": 0.0,
            "max_bin": 0,
            "max_float32_ulp_error": 0,
            "max_row": 0,
            "max_total_variation": 0.0,
            "mean_abs_logp_error": 0.0,
            "p99_abs_logp_error": 0.0,
            "right_logp": -16.853452682495117
          }
        },
        {
          "bank_index": 2,
          "batch_8": {
            "left_logp": -27.840940475463867,
            "max_abs_logp_error": 1.33514404296875e-05,
            "max_abs_probability_error": 3.964246920729053e-07,
            "max_bin": 1,
            "max_float32_ulp_error": 15,
            "max_row": 196,
            "max_total_variation": 7.926430639353176e-07,
            "mean_abs_logp_error": 1.2644814773344657e-06,
            "p99_abs_logp_error": 5.7220458984375e-06,
            "right_logp": -27.840953826904297
          },
          "context_roll_contiguous": {
            "left_logp": -17.246021270751953,
            "max_abs_logp_error": 9.5367431640625e-06,
            "max_abs_probability_error": 2.0074693354854567e-07,
            "max_bin": 91,
            "max_float32_ulp_error": 12,
            "max_row": 67,
            "max_total_variation": 3.907853660540195e-07,
            "mean_abs_logp_error": 9.635938725001376e-07,
            "p99_abs_logp_error": 4.76837158203125e-06,
            "right_logp": -17.24601173400879
          },
          "context_roll_view": {
            "left_logp": -17.246021270751953,
            "max_abs_logp_error": 9.5367431640625e-06,
            "max_abs_probability_error": 2.0074693354854567e-07,
            "max_bin": 91,
            "max_float32_ulp_error": 12,
            "max_row": 67,
            "max_total_variation": 3.907853660540195e-07,
            "mean_abs_logp_error": 9.635938725001376e-07,
            "p99_abs_logp_error": 4.76837158203125e-06,
            "right_logp": -17.24601173400879
          },
          "draw_index": 0,
          "random_permutation_1": {
            "left_logp": -15.573186874389648,
            "max_abs_logp_error": 0.0,
            "max_abs_probability_error": 0.0,
            "max_bin": 0,
            "max_float32_ulp_error": 0,
            "max_row": 0,
            "max_total_variation": 0.0,
            "mean_abs_logp_error": 0.0,
            "p99_abs_logp_error": 0.0,
            "right_logp": -15.573186874389648
          },
          "random_permutation_2": {
            "left_logp": -15.573186874389648,
            "max_abs_logp_error": 0.0,
            "max_abs_probability_error": 0.0,
            "max_bin": 0,
            "max_float32_ulp_error": 0,
            "max_row": 0,
            "max_total_variation": 0.0,
            "mean_abs_logp_error": 0.0,
            "p99_abs_logp_error": 0.0,
            "right_logp": -15.573186874389648
          },
          "repeat": {
            "left_logp": -15.573186874389648,
            "max_abs_logp_error": 0.0,
            "max_abs_probability_error": 0.0,
            "max_bin": 0,
            "max_float32_ulp_error": 0,
            "max_row": 0,
            "max_total_variation": 0.0,
            "mean_abs_logp_error": 0.0,
            "p99_abs_logp_error": 0.0,
            "right_logp": -15.573186874389648
          },
          "reverse": {
            "left_logp": -15.573186874389648,
            "max_abs_logp_error": 0.0,
            "max_abs_probability_error": 0.0,
            "max_bin": 0,
            "max_float32_ulp_error": 0,
            "max_row": 0,
            "max_total_variation": 0.0,
            "mean_abs_logp_error": 0.0,
            "p99_abs_logp_error": 0.0,
            "right_logp": -15.573186874389648
          },
          "rows": 355,
          "same_shape_block_permutation": {
            "left_logp": -15.573186874389648,
            "max_abs_logp_error": 0.0,
            "max_abs_probability_error": 0.0,
            "max_bin": 0,
            "max_float32_ulp_error": 0,
            "max_row": 0,
            "max_total_variation": 0.0,
            "mean_abs_logp_error": 0.0,
            "p99_abs_logp_error": 0.0,
            "right_logp": -15.573186874389648
          }
        },
        {
          "bank_index": 0,
          "batch_8": {
            "left_logp": -21.888652801513672,
            "max_abs_logp_error": 1.33514404296875e-05,
            "max_abs_probability_error": 2.863470677794133e-07,
            "max_bin": 3,
            "max_float32_ulp_error": 13,
            "max_row": 124,
            "max_total_variation": 6.227028890416884e-07,
            "mean_abs_logp_error": 1.2933069400573045e-06,
            "p99_abs_logp_error": 5.7220458984375e-06,
            "right_logp": -21.8886661529541
          },
          "context_roll_contiguous": {
            "left_logp": -23.969091415405273,
            "max_abs_logp_error": 9.5367431640625e-06,
            "max_abs_probability_error": 1.5627900740167178e-07,
            "max_bin": 2,
            "max_float32_ulp_error": 14,
            "max_row": 84,
            "max_total_variation": 6.486917195142531e-07,
            "mean_abs_logp_error": 9.381637144624517e-07,
            "p99_abs_logp_error": 3.814697265625e-06,
            "right_logp": -23.969100952148438
          },
          "context_roll_view": {
            "left_logp": -23.969091415405273,
            "max_abs_logp_error": 9.5367431640625e-06,
            "max_abs_probability_error": 1.5627900740167178e-07,
            "max_bin": 2,
            "max_float32_ulp_error": 14,
            "max_row": 84,
            "max_total_variation": 6.486917195142531e-07,
            "mean_abs_logp_error": 9.381637144624517e-07,
            "p99_abs_logp_error": 3.814697265625e-06,
            "right_logp": -23.969100952148438
          },
          "draw_index": 1,
          "random_permutation_1": {
            "left_logp": -27.6533260345459,
            "max_abs_logp_error": 0.0,
            "max_abs_probability_error": 0.0,
            "max_bin": 0,
            "max_float32_ulp_error": 0,
            "max_row": 0,
            "max_total_variation": 0.0,
            "mean_abs_logp_error": 0.0,
            "p99_abs_logp_error": 0.0,
            "right_logp": -27.6533260345459
          },
          "random_permutation_2": {
            "left_logp": -27.6533260345459,
            "max_abs_logp_error": 0.0,
            "max_abs_probability_error": 0.0,
            "max_bin": 0,
            "max_float32_ulp_error": 0,
            "max_row": 0,
            "max_total_variation": 0.0,
            "mean_abs_logp_error": 0.0,
            "p99_abs_logp_error": 0.0,
            "right_logp": -27.6533260345459
          },
          "repeat": {
            "left_logp": -27.6533260345459,
            "max_abs_logp_error": 0.0,
            "max_abs_probability_error": 0.0,
            "max_bin": 0,
            "max_float32_ulp_error": 0,
            "max_row": 0,
            "max_total_variation": 0.0,
            "mean_abs_logp_error": 0.0,
            "p99_abs_logp_error": 0.0,
            "right_logp": -27.6533260345459
          },
          "reverse": {
            "left_logp": -27.6533260345459,
            "max_abs_logp_error": 0.0,
            "max_abs_probability_error": 0.0,
            "max_bin": 0,
            "max_float32_ulp_error": 0,
            "max_row": 0,
            "max_total_variation": 0.0,
            "mean_abs_logp_error": 0.0,
            "p99_abs_logp_error": 0.0,
            "right_logp": -27.6533260345459
          },
          "rows": 356,
          "same_shape_block_permutation": {
            "left_logp": -27.6533260345459,
            "max_abs_logp_error": 0.0,
            "max_abs_probability_error": 0.0,
            "max_bin": 0,
            "max_float32_ulp_error": 0,
            "max_row": 0,
            "max_total_variation": 0.0,
            "mean_abs_logp_error": 0.0,
            "p99_abs_logp_error": 0.0,
            "right_logp": -27.6533260345459
          }
        },
        {
          "bank_index": 1,
          "batch_8": {
            "left_logp": -17.837976455688477,
            "max_abs_logp_error": 1.33514404296875e-05,
            "max_abs_probability_error": 2.8133741886149366e-07,
            "max_bin": 97,
            "max_float32_ulp_error": 16,
            "max_row": 221,
            "max_total_variation": 6.846785223352317e-07,
            "mean_abs_logp_error": 1.307943563782767e-06,
            "p99_abs_logp_error": 5.7220458984375e-06,
            "right_logp": -17.837989807128906
          },
          "context_roll_contiguous": {
            "left_logp": -25.069997787475586,
            "max_abs_logp_error": 9.5367431640625e-06,
            "max_abs_probability_error": 1.4627885236428995e-07,
            "max_bin": 14,
            "max_float32_ulp_error": 9,
            "max_row": 75,
            "max_total_variation": 6.399382163855136e-07,
            "mean_abs_logp_error": 9.956587566418595e-07,
            "p99_abs_logp_error": 4.76837158203125e-06,
            "right_logp": -25.069988250732422
          },
          "context_roll_view": {
            "left_logp": -25.069997787475586,
            "max_abs_logp_error": 9.5367431640625e-06,
            "max_abs_probability_error": 1.4627885236428995e-07,
            "max_bin": 14,
            "max_float32_ulp_error": 9,
            "max_row": 75,
            "max_total_variation": 6.399382163855136e-07,
            "mean_abs_logp_error": 9.956587566418595e-07,
            "p99_abs_logp_error": 4.76837158203125e-06,
            "right_logp": -25.069988250732422
          },
          "draw_index": 1,
          "random_permutation_1": {
            "left_logp": -16.314327239990234,
            "max_abs_logp_error": 0.0,
            "max_abs_probability_error": 0.0,
            "max_bin": 0,
            "max_float32_ulp_error": 0,
            "max_row": 0,
            "max_total_variation": 0.0,
            "mean_abs_logp_error": 0.0,
            "p99_abs_logp_error": 0.0,
            "right_logp": -16.314327239990234
          },
          "random_permutation_2": {
            "left_logp": -16.314327239990234,
            "max_abs_logp_error": 0.0,
            "max_abs_probability_error": 0.0,
            "max_bin": 0,
            "max_float32_ulp_error": 0,
            "max_row": 0,
            "max_total_variation": 0.0,
            "mean_abs_logp_error": 0.0,
            "p99_abs_logp_error": 0.0,
            "right_logp": -16.314327239990234
          },
          "repeat": {
            "left_logp": -16.314327239990234,
            "max_abs_logp_error": 0.0,
            "max_abs_probability_error": 0.0,
            "max_bin": 0,
            "max_float32_ulp_error": 0,
            "max_row": 0,
            "max_total_variation": 0.0,
            "mean_abs_logp_error": 0.0,
            "p99_abs_logp_error": 0.0,
            "right_logp": -16.314327239990234
          },
          "reverse": {
            "left_logp": -16.314327239990234,
            "max_abs_logp_error": 0.0,
            "max_abs_probability_error": 0.0,
            "max_bin": 0,
            "max_float32_ulp_error": 0,
            "max_row": 0,
            "max_total_variation": 0.0,
            "mean_abs_logp_error": 0.0,
            "p99_abs_logp_error": 0.0,
            "right_logp": -16.314327239990234
          },
          "rows": 356,
          "same_shape_block_permutation": {
            "left_logp": -16.314327239990234,
            "max_abs_logp_error": 0.0,
            "max_abs_probability_error": 0.0,
            "max_bin": 0,
            "max_float32_ulp_error": 0,
            "max_row": 0,
            "max_total_variation": 0.0,
            "mean_abs_logp_error": 0.0,
            "p99_abs_logp_error": 0.0,
            "right_logp": -16.314327239990234
          }
        },
        {
          "bank_index": 2,
          "batch_8": {
            "left_logp": -19.782560348510742,
            "max_abs_logp_error": 1.33514404296875e-05,
            "max_abs_probability_error": 2.0474878092979765e-07,
            "max_bin": 94,
            "max_float32_ulp_error": 16,
            "max_row": 75,
            "max_total_variation": 1.036111090632473e-06,
            "mean_abs_logp_error": 1.306819244169853e-06,
            "p99_abs_logp_error": 5.7220458984375e-06,
            "right_logp": -19.782573699951172
          },
          "context_roll_contiguous": {
            "left_logp": -23.047405242919922,
            "max_abs_logp_error": 7.62939453125e-06,
            "max_abs_probability_error": 1.6457046059237257e-07,
            "max_bin": 2,
            "max_float32_ulp_error": 9,
            "max_row": 13,
            "max_total_variation": 3.9444843860925025e-07,
            "mean_abs_logp_error": 9.654709990595429e-07,
            "p99_abs_logp_error": 3.814697265625e-06,
            "right_logp": -23.047412872314453
          },
          "context_roll_view": {
            "left_logp": -23.047405242919922,
            "max_abs_logp_error": 7.62939453125e-06,
            "max_abs_probability_error": 1.6457046059237257e-07,
            "max_bin": 2,
            "max_float32_ulp_error": 9,
            "max_row": 13,
            "max_total_variation": 3.9444843860925025e-07,
            "mean_abs_logp_error": 9.654709990595429e-07,
            "p99_abs_logp_error": 3.814697265625e-06,
            "right_logp": -23.047412872314453
          },
          "draw_index": 1,
          "random_permutation_1": {
            "left_logp": -18.829866409301758,
            "max_abs_logp_error": 0.0,
            "max_abs_probability_error": 0.0,
            "max_bin": 0,
            "max_float32_ulp_error": 0,
            "max_row": 0,
            "max_total_variation": 0.0,
            "mean_abs_logp_error": 0.0,
            "p99_abs_logp_error": 0.0,
            "right_logp": -18.829866409301758
          },
          "random_permutation_2": {
            "left_logp": -18.829866409301758,
            "max_abs_logp_error": 0.0,
            "max_abs_probability_error": 0.0,
            "max_bin": 0,
            "max_float32_ulp_error": 0,
            "max_row": 0,
            "max_total_variation": 0.0,
            "mean_abs_logp_error": 0.0,
            "p99_abs_logp_error": 0.0,
            "right_logp": -18.829866409301758
          },
          "repeat": {
            "left_logp": -18.829866409301758,
            "max_abs_logp_error": 0.0,
            "max_abs_probability_error": 0.0,
            "max_bin": 0,
            "max_float32_ulp_error": 0,
            "max_row": 0,
            "max_total_variation": 0.0,
            "mean_abs_logp_error": 0.0,
            "p99_abs_logp_error": 0.0,
            "right_logp": -18.829866409301758
          },
          "reverse": {
            "left_logp": -18.829866409301758,
            "max_abs_logp_error": 0.0,
            "max_abs_probability_error": 0.0,
            "max_bin": 0,
            "max_float32_ulp_error": 0,
            "max_row": 0,
            "max_total_variation": 0.0,
            "mean_abs_logp_error": 0.0,
            "p99_abs_logp_error": 0.0,
            "right_logp": -18.829866409301758
          },
          "rows": 355,
          "same_shape_block_permutation": {
            "left_logp": -18.829866409301758,
            "max_abs_logp_error": 0.0,
            "max_abs_probability_error": 0.0,
            "max_bin": 0,
            "max_float32_ulp_error": 0,
            "max_row": 0,
            "max_total_variation": 0.0,
            "mean_abs_logp_error": 0.0,
            "p99_abs_logp_error": 0.0,
            "right_logp": -18.829866409301758
          }
        },
        {
          "bank_index": 0,
          "batch_8": {
            "left_logp": -21.43053436279297,
            "max_abs_logp_error": 1.33514404296875e-05,
            "max_abs_probability_error": 2.785475234912127e-07,
            "max_bin": 15,
            "max_float32_ulp_error": 26,
            "max_row": 281,
            "max_total_variation": 1.0762212937770778e-06,
            "mean_abs_logp_error": 1.329538527499424e-06,
            "p99_abs_logp_error": 5.7220458984375e-06,
            "right_logp": -21.4305477142334
          },
          "context_roll_contiguous": {
            "left_logp": -17.107421875,
            "max_abs_logp_error": 7.62939453125e-06,
            "max_abs_probability_error": 1.573531566156916e-07,
            "max_bin": 2,
            "max_float32_ulp_error": 9,
            "max_row": 91,
            "max_total_variation": 5.383808183687186e-07,
            "mean_abs_logp_error": 9.136287014136154e-07,
            "p99_abs_logp_error": 3.814697265625e-06,
            "right_logp": -17.10741424560547
          },
          "context_roll_view": {
            "left_logp": -17.107421875,
            "max_abs_logp_error": 7.62939453125e-06,
            "max_abs_probability_error": 1.573531566156916e-07,
            "max_bin": 2,
            "max_float32_ulp_error": 9,
            "max_row": 91,
            "max_total_variation": 5.383808183687186e-07,
            "mean_abs_logp_error": 9.136287014136154e-07,
            "p99_abs_logp_error": 3.814697265625e-06,
            "right_logp": -17.10741424560547
          },
          "draw_index": 2,
          "random_permutation_1": {
            "left_logp": -16.903627395629883,
            "max_abs_logp_error": 0.0,
            "max_abs_probability_error": 0.0,
            "max_bin": 0,
            "max_float32_ulp_error": 0,
            "max_row": 0,
            "max_total_variation": 0.0,
            "mean_abs_logp_error": 0.0,
            "p99_abs_logp_error": 0.0,
            "right_logp": -16.903627395629883
          },
          "random_permutation_2": {
            "left_logp": -16.903627395629883,
            "max_abs_logp_error": 0.0,
            "max_abs_probability_error": 0.0,
            "max_bin": 0,
            "max_float32_ulp_error": 0,
            "max_row": 0,
            "max_total_variation": 0.0,
            "mean_abs_logp_error": 0.0,
            "p99_abs_logp_error": 0.0,
            "right_logp": -16.903627395629883
          },
          "repeat": {
            "left_logp": -16.903627395629883,
            "max_abs_logp_error": 0.0,
            "max_abs_probability_error": 0.0,
            "max_bin": 0,
            "max_float32_ulp_error": 0,
            "max_row": 0,
            "max_total_variation": 0.0,
            "mean_abs_logp_error": 0.0,
            "p99_abs_logp_error": 0.0,
            "right_logp": -16.903627395629883
          },
          "reverse": {
            "left_logp": -16.903627395629883,
            "max_abs_logp_error": 0.0,
            "max_abs_probability_error": 0.0,
            "max_bin": 0,
            "max_float32_ulp_error": 0,
            "max_row": 0,
            "max_total_variation": 0.0,
            "mean_abs_logp_error": 0.0,
            "p99_abs_logp_error": 0.0,
            "right_logp": -16.903627395629883
          },
          "rows": 356,
          "same_shape_block_permutation": {
            "left_logp": -16.903627395629883,
            "max_abs_logp_error": 0.0,
            "max_abs_probability_error": 0.0,
            "max_bin": 0,
            "max_float32_ulp_error": 0,
            "max_row": 0,
            "max_total_variation": 0.0,
            "mean_abs_logp_error": 0.0,
            "p99_abs_logp_error": 0.0,
            "right_logp": -16.903627395629883
          }
        },
        {
          "bank_index": 1,
          "batch_8": {
            "left_logp": -22.927562713623047,
            "max_abs_logp_error": 1.1444091796875e-05,
            "max_abs_probability_error": 3.197236404517412e-07,
            "max_bin": 6,
            "max_float32_ulp_error": 15,
            "max_row": 107,
            "max_total_variation": 6.839280646613404e-07,
            "mean_abs_logp_error": 1.234080684318971e-06,
            "p99_abs_logp_error": 5.7220458984375e-06,
            "right_logp": -22.927574157714844
          },
          "context_roll_contiguous": {
            "left_logp": -22.747957229614258,
            "max_abs_logp_error": 7.62939453125e-06,
            "max_abs_probability_error": 1.882733023372829e-07,
            "max_bin": 2,
            "max_float32_ulp_error": 12,
            "max_row": 132,
            "max_total_variation": 4.6722217111014246e-07,
            "mean_abs_logp_error": 9.180086382319418e-07,
            "p99_abs_logp_error": 3.814697265625e-06,
            "right_logp": -22.747949600219727
          },
          "context_roll_view": {
            "left_logp": -22.747957229614258,
            "max_abs_logp_error": 7.62939453125e-06,
            "max_abs_probability_error": 1.882733023372829e-07,
            "max_bin": 2,
            "max_float32_ulp_error": 12,
            "max_row": 132,
            "max_total_variation": 4.6722217111014246e-07,
            "mean_abs_logp_error": 9.180086382319418e-07,
            "p99_abs_logp_error": 3.814697265625e-06,
            "right_logp": -22.747949600219727
          },
          "draw_index": 2,
          "random_permutation_1": {
            "left_logp": -22.173669815063477,
            "max_abs_logp_error": 0.0,
            "max_abs_probability_error": 0.0,
            "max_bin": 0,
            "max_float32_ulp_error": 0,
            "max_row": 0,
            "max_total_variation": 0.0,
            "mean_abs_logp_error": 0.0,
            "p99_abs_logp_error": 0.0,
            "right_logp": -22.173669815063477
          },
          "random_permutation_2": {
            "left_logp": -22.173669815063477,
            "max_abs_logp_error": 0.0,
            "max_abs_probability_error": 0.0,
            "max_bin": 0,
            "max_float32_ulp_error": 0,
            "max_row": 0,
            "max_total_variation": 0.0,
            "mean_abs_logp_error": 0.0,
            "p99_abs_logp_error": 0.0,
            "right_logp": -22.173669815063477
          },
          "repeat": {
            "left_logp": -22.173669815063477,
            "max_abs_logp_error": 0.0,
            "max_abs_probability_error": 0.0,
            "max_bin": 0,
            "max_float32_ulp_error": 0,
            "max_row": 0,
            "max_total_variation": 0.0,
            "mean_abs_logp_error": 0.0,
            "p99_abs_logp_error": 0.0,
            "right_logp": -22.173669815063477
          },
          "reverse": {
            "left_logp": -22.173669815063477,
            "max_abs_logp_error": 0.0,
            "max_abs_probability_error": 0.0,
            "max_bin": 0,
            "max_float32_ulp_error": 0,
            "max_row": 0,
            "max_total_variation": 0.0,
            "mean_abs_logp_error": 0.0,
            "p99_abs_logp_error": 0.0,
            "right_logp": -22.173669815063477
          },
          "rows": 356,
          "same_shape_block_permutation": {
            "left_logp": -22.173669815063477,
            "max_abs_logp_error": 0.0,
            "max_abs_probability_error": 0.0,
            "max_bin": 0,
            "max_float32_ulp_error": 0,
            "max_row": 0,
            "max_total_variation": 0.0,
            "mean_abs_logp_error": 0.0,
            "p99_abs_logp_error": 0.0,
            "right_logp": -22.173669815063477
          }
        },
        {
          "bank_index": 2,
          "batch_8": {
            "left_logp": -28.556047439575195,
            "max_abs_logp_error": 1.1444091796875e-05,
            "max_abs_probability_error": 2.5761859179240787e-07,
            "max_bin": 1,
            "max_float32_ulp_error": 14,
            "max_row": 344,
            "max_total_variation": 5.990548301538418e-07,
            "mean_abs_logp_error": 1.2438834553033533e-06,
            "p99_abs_logp_error": 5.7220458984375e-06,
            "right_logp": -28.556058883666992
          },
          "context_roll_contiguous": {
            "left_logp": -16.284475326538086,
            "max_abs_logp_error": 7.62939453125e-06,
            "max_abs_probability_error": 1.5616571472087948e-07,
            "max_bin": 92,
            "max_float32_ulp_error": 10,
            "max_row": 2,
            "max_total_variation": 4.6889952137899365e-07,
            "mean_abs_logp_error": 8.981227874755859e-07,
            "p99_abs_logp_error": 3.814697265625e-06,
            "right_logp": -16.284467697143555
          },
          "context_roll_view": {
            "left_logp": -16.284475326538086,
            "max_abs_logp_error": 7.62939453125e-06,
            "max_abs_probability_error": 1.5616571472087948e-07,
            "max_bin": 92,
            "max_float32_ulp_error": 10,
            "max_row": 2,
            "max_total_variation": 4.6889952137899365e-07,
            "mean_abs_logp_error": 8.981227874755859e-07,
            "p99_abs_logp_error": 3.814697265625e-06,
            "right_logp": -16.284467697143555
          },
          "draw_index": 2,
          "random_permutation_1": {
            "left_logp": -13.072836875915527,
            "max_abs_logp_error": 0.0,
            "max_abs_probability_error": 0.0,
            "max_bin": 0,
            "max_float32_ulp_error": 0,
            "max_row": 0,
            "max_total_variation": 0.0,
            "mean_abs_logp_error": 0.0,
            "p99_abs_logp_error": 0.0,
            "right_logp": -13.072836875915527
          },
          "random_permutation_2": {
            "left_logp": -13.072836875915527,
            "max_abs_logp_error": 0.0,
            "max_abs_probability_error": 0.0,
            "max_bin": 0,
            "max_float32_ulp_error": 0,
            "max_row": 0,
            "max_total_variation": 0.0,
            "mean_abs_logp_error": 0.0,
            "p99_abs_logp_error": 0.0,
            "right_logp": -13.072836875915527
          },
          "repeat": {
            "left_logp": -13.072836875915527,
            "max_abs_logp_error": 0.0,
            "max_abs_probability_error": 0.0,
            "max_bin": 0,
            "max_float32_ulp_error": 0,
            "max_row": 0,
            "max_total_variation": 0.0,
            "mean_abs_logp_error": 0.0,
            "p99_abs_logp_error": 0.0,
            "right_logp": -13.072836875915527
          },
          "reverse": {
            "left_logp": -13.072836875915527,
            "max_abs_logp_error": 0.0,
            "max_abs_probability_error": 0.0,
            "max_bin": 0,
            "max_float32_ulp_error": 0,
            "max_row": 0,
            "max_total_variation": 0.0,
            "mean_abs_logp_error": 0.0,
            "p99_abs_logp_error": 0.0,
            "right_logp": -13.072836875915527
          },
          "rows": 355,
          "same_shape_block_permutation": {
            "left_logp": -13.072836875915527,
            "max_abs_logp_error": 0.0,
            "max_abs_probability_error": 0.0,
            "max_bin": 0,
            "max_float32_ulp_error": 0,
            "max_row": 0,
            "max_total_variation": 0.0,
            "mean_abs_logp_error": 0.0,
            "p99_abs_logp_error": 0.0,
            "right_logp": -13.072836875915527
          }
        }
      ],
      "prior": "C",
      "remainder_35": {
        "left_logp": -12.567170143127441,
        "max_abs_logp_error": 0.0,
        "max_abs_probability_error": 0.0,
        "max_bin": 0,
        "max_float32_ulp_error": 0,
        "max_row": 0,
        "max_total_variation": 0.0,
        "mean_abs_logp_error": 0.0,
        "p99_abs_logp_error": 0.0,
        "right_logp": -12.567170143127441
      },
      "remainder_36": {
        "left_logp": -12.567170143127441,
        "max_abs_logp_error": 0.0,
        "max_abs_probability_error": 0.0,
        "max_bin": 0,
        "max_float32_ulp_error": 0,
        "max_row": 0,
        "max_total_variation": 0.0,
        "mean_abs_logp_error": 0.0,
        "p99_abs_logp_error": 0.0,
        "right_logp": -12.567170143127441
      },
      "remainder_43": {
        "left_logp": -12.567170143127441,
        "max_abs_logp_error": 0.0,
        "max_abs_probability_error": 0.0,
        "max_bin": 0,
        "max_float32_ulp_error": 0,
        "max_row": 0,
        "max_total_variation": 0.0,
        "mean_abs_logp_error": 0.0,
        "p99_abs_logp_error": 0.0,
        "right_logp": -12.567170143127441
      },
      "repeat": {
        "left_logp": -12.567170143127441,
        "max_abs_logp_error": 0.0,
        "max_abs_probability_error": 0.0,
        "max_bin": 0,
        "max_float32_ulp_error": 0,
        "max_row": 0,
        "max_total_variation": 0.0,
        "mean_abs_logp_error": 0.0,
        "p99_abs_logp_error": 0.0,
        "right_logp": -12.567170143127441
      },
      "reverse_batch": {
        "left_logp": -15.213335037231445,
        "max_abs_logp_error": 6.67572021484375e-06,
        "max_abs_probability_error": 1.7998895612825194e-07,
        "max_bin": 26,
        "max_float32_ulp_error": 10,
        "max_row": 66,
        "max_total_variation": 3.5987281592715273e-07,
        "mean_abs_logp_error": 2.415809366438124e-07,
        "p99_abs_logp_error": 3.814697265625e-06,
        "right_logp": -15.21334171295166
      },
      "rows": 72,
      "same_shape_block_permutation": {
        "left_logp": -12.567170143127441,
        "max_abs_logp_error": 0.0,
        "max_abs_probability_error": 0.0,
        "max_bin": 0,
        "max_float32_ulp_error": 0,
        "max_row": 0,
        "max_total_variation": 0.0,
        "mean_abs_logp_error": 0.0,
        "p99_abs_logp_error": 0.0,
        "right_logp": -12.567170143127441
      },
      "seed": 2,
      "singleton": {
        "left_logp": -15.282228469848633,
        "max_abs_logp_error": 8.58306884765625e-06,
        "max_abs_probability_error": 2.0915567677803892e-07,
        "max_bin": 28,
        "max_float32_ulp_error": 14,
        "max_row": 62,
        "max_total_variation": 5.365614481246525e-07,
        "mean_abs_logp_error": 1.220719681845771e-06,
        "p99_abs_logp_error": 5.7220458984375e-06,
        "right_logp": -15.28223705291748
      },
      "step": 120000
    },
    {
      "batch_8": {
        "left_logp": -33.97383117675781,
        "max_abs_logp_error": 1.1444091796875e-05,
        "max_abs_probability_error": 8.738632845117777e-08,
        "max_bin": 3,
        "max_float32_ulp_error": 6,
        "max_row": 33,
        "max_total_variation": 3.2737109924072974e-07,
        "mean_abs_logp_error": 9.871025880177817e-07,
        "p99_abs_logp_error": 5.7220458984375e-06,
        "right_logp": -33.973819732666016
      },
      "checkpoint_sha256": "41f70f7db15c23145a3856aede07860072b4635e91f158b523ada81ef0529ebe",
      "context_roll": {
        "left_logp": -28.832637786865234,
        "max_abs_logp_error": 7.62939453125e-06,
        "max_abs_probability_error": 7.512973959622471e-08,
        "max_bin": 4,
        "max_float32_ulp_error": 6,
        "max_row": 11,
        "max_total_variation": 2.382920612783215e-07,
        "mean_abs_logp_error": 7.607373926374647e-07,
        "p99_abs_logp_error": 3.814697265625e-06,
        "right_logp": -28.832630157470703
      },
      "fixed_shape_companion_replacement": {
        "left_logp": -25.03727149963379,
        "max_abs_logp_error": 0.0,
        "max_abs_probability_error": 0.0,
        "max_bin": 0,
        "max_float32_ulp_error": 0,
        "max_row": 0,
        "max_total_variation": 0.0,
        "mean_abs_logp_error": 0.0,
        "p99_abs_logp_error": 0.0,
        "right_logp": -25.03727149963379
      },
      "fixed_shape_focal_relocation": {
        "left_logp": -25.03727149963379,
        "max_abs_logp_error": 0.0,
        "max_abs_probability_error": 0.0,
        "max_bin": 0,
        "max_float32_ulp_error": 0,
        "max_row": 0,
        "max_total_variation": 0.0,
        "mean_abs_logp_error": 0.0,
        "p99_abs_logp_error": 0.0,
        "right_logp": -25.03727149963379
      },
      "full_panel_rows": 3201,
      "full_panel_shards": [
        {
          "bank_index": 0,
          "batch_8": {
            "left_logp": -27.057035446166992,
            "max_abs_logp_error": 1.1444091796875e-05,
            "max_abs_probability_error": 1.2089375336921115e-07,
            "max_bin": 2,
            "max_float32_ulp_error": 7,
            "max_row": 12,
            "max_total_variation": 3.450140812761004e-07,
            "mean_abs_logp_error": 1.0937217915995737e-06,
            "p99_abs_logp_error": 5.7220458984375e-06,
            "right_logp": -27.05704689025879
          },
          "context_roll_contiguous": {
            "left_logp": -28.18701171875,
            "max_abs_logp_error": 1.1444091796875e-05,
            "max_abs_probability_error": 8.764270352512593e-08,
            "max_bin": 99,
            "max_float32_ulp_error": 7,
            "max_row": 231,
            "max_total_variation": 3.3307991049078244e-07,
            "mean_abs_logp_error": 7.949350924974077e-07,
            "p99_abs_logp_error": 3.814697265625e-06,
            "right_logp": -28.187023162841797
          },
          "context_roll_view": {
            "left_logp": -28.18701171875,
            "max_abs_logp_error": 1.1444091796875e-05,
            "max_abs_probability_error": 8.764270352512593e-08,
            "max_bin": 99,
            "max_float32_ulp_error": 7,
            "max_row": 231,
            "max_total_variation": 3.3307991049078244e-07,
            "mean_abs_logp_error": 7.949350924974077e-07,
            "p99_abs_logp_error": 3.814697265625e-06,
            "right_logp": -28.187023162841797
          },
          "draw_index": 0,
          "random_permutation_1": {
            "left_logp": -25.03727149963379,
            "max_abs_logp_error": 0.0,
            "max_abs_probability_error": 0.0,
            "max_bin": 0,
            "max_float32_ulp_error": 0,
            "max_row": 0,
            "max_total_variation": 0.0,
            "mean_abs_logp_error": 0.0,
            "p99_abs_logp_error": 0.0,
            "right_logp": -25.03727149963379
          },
          "random_permutation_2": {
            "left_logp": -25.03727149963379,
            "max_abs_logp_error": 0.0,
            "max_abs_probability_error": 0.0,
            "max_bin": 0,
            "max_float32_ulp_error": 0,
            "max_row": 0,
            "max_total_variation": 0.0,
            "mean_abs_logp_error": 0.0,
            "p99_abs_logp_error": 0.0,
            "right_logp": -25.03727149963379
          },
          "repeat": {
            "left_logp": -25.03727149963379,
            "max_abs_logp_error": 0.0,
            "max_abs_probability_error": 0.0,
            "max_bin": 0,
            "max_float32_ulp_error": 0,
            "max_row": 0,
            "max_total_variation": 0.0,
            "mean_abs_logp_error": 0.0,
            "p99_abs_logp_error": 0.0,
            "right_logp": -25.03727149963379
          },
          "reverse": {
            "left_logp": -25.03727149963379,
            "max_abs_logp_error": 0.0,
            "max_abs_probability_error": 0.0,
            "max_bin": 0,
            "max_float32_ulp_error": 0,
            "max_row": 0,
            "max_total_variation": 0.0,
            "mean_abs_logp_error": 0.0,
            "p99_abs_logp_error": 0.0,
            "right_logp": -25.03727149963379
          },
          "rows": 356,
          "same_shape_block_permutation": {
            "left_logp": -25.03727149963379,
            "max_abs_logp_error": 0.0,
            "max_abs_probability_error": 0.0,
            "max_bin": 0,
            "max_float32_ulp_error": 0,
            "max_row": 0,
            "max_total_variation": 0.0,
            "mean_abs_logp_error": 0.0,
            "p99_abs_logp_error": 0.0,
            "right_logp": -25.03727149963379
          }
        },
        {
          "bank_index": 1,
          "batch_8": {
            "left_logp": -28.483755111694336,
            "max_abs_logp_error": 1.33514404296875e-05,
            "max_abs_probability_error": 1.3004410426287194e-07,
            "max_bin": 99,
            "max_float32_ulp_error": 8,
            "max_row": 303,
            "max_total_variation": 3.95311869427975e-07,
            "mean_abs_logp_error": 1.1601106504376016e-06,
            "p99_abs_logp_error": 5.7220458984375e-06,
            "right_logp": -28.483768463134766
          },
          "context_roll_contiguous": {
            "left_logp": -28.832637786865234,
            "max_abs_logp_error": 7.62939453125e-06,
            "max_abs_probability_error": 6.62339578044735e-08,
            "max_bin": 4,
            "max_float32_ulp_error": 7,
            "max_row": 3,
            "max_total_variation": 2.3174971269083436e-07,
            "mean_abs_logp_error": 7.869252997837709e-07,
            "p99_abs_logp_error": 3.814697265625e-06,
            "right_logp": -28.832630157470703
          },
          "context_roll_view": {
            "left_logp": -28.832637786865234,
            "max_abs_logp_error": 7.62939453125e-06,
            "max_abs_probability_error": 6.62339578044735e-08,
            "max_bin": 4,
            "max_float32_ulp_error": 7,
            "max_row": 3,
            "max_total_variation": 2.3174971269083436e-07,
            "mean_abs_logp_error": 7.869252997837709e-07,
            "p99_abs_logp_error": 3.814697265625e-06,
            "right_logp": -28.832630157470703
          },
          "draw_index": 0,
          "random_permutation_1": {
            "left_logp": -27.46101951599121,
            "max_abs_logp_error": 0.0,
            "max_abs_probability_error": 0.0,
            "max_bin": 0,
            "max_float32_ulp_error": 0,
            "max_row": 0,
            "max_total_variation": 0.0,
            "mean_abs_logp_error": 0.0,
            "p99_abs_logp_error": 0.0,
            "right_logp": -27.46101951599121
          },
          "random_permutation_2": {
            "left_logp": -27.46101951599121,
            "max_abs_logp_error": 0.0,
            "max_abs_probability_error": 0.0,
            "max_bin": 0,
            "max_float32_ulp_error": 0,
            "max_row": 0,
            "max_total_variation": 0.0,
            "mean_abs_logp_error": 0.0,
            "p99_abs_logp_error": 0.0,
            "right_logp": -27.46101951599121
          },
          "repeat": {
            "left_logp": -27.46101951599121,
            "max_abs_logp_error": 0.0,
            "max_abs_probability_error": 0.0,
            "max_bin": 0,
            "max_float32_ulp_error": 0,
            "max_row": 0,
            "max_total_variation": 0.0,
            "mean_abs_logp_error": 0.0,
            "p99_abs_logp_error": 0.0,
            "right_logp": -27.46101951599121
          },
          "reverse": {
            "left_logp": -27.46101951599121,
            "max_abs_logp_error": 0.0,
            "max_abs_probability_error": 0.0,
            "max_bin": 0,
            "max_float32_ulp_error": 0,
            "max_row": 0,
            "max_total_variation": 0.0,
            "mean_abs_logp_error": 0.0,
            "p99_abs_logp_error": 0.0,
            "right_logp": -27.46101951599121
          },
          "rows": 356,
          "same_shape_block_permutation": {
            "left_logp": -27.46101951599121,
            "max_abs_logp_error": 0.0,
            "max_abs_probability_error": 0.0,
            "max_bin": 0,
            "max_float32_ulp_error": 0,
            "max_row": 0,
            "max_total_variation": 0.0,
            "mean_abs_logp_error": 0.0,
            "p99_abs_logp_error": 0.0,
            "right_logp": -27.46101951599121
          }
        },
        {
          "bank_index": 2,
          "batch_8": {
            "left_logp": -25.004188537597656,
            "max_abs_logp_error": 1.52587890625e-05,
            "max_abs_probability_error": 1.1854482905027108e-07,
            "max_bin": 4,
            "max_float32_ulp_error": 10,
            "max_row": 294,
            "max_total_variation": 4.3401013938745906e-07,
            "mean_abs_logp_error": 1.1421593142227388e-06,
            "p99_abs_logp_error": 5.7220458984375e-06,
            "right_logp": -25.00420379638672
          },
          "context_roll_contiguous": {
            "left_logp": -28.376834869384766,
            "max_abs_logp_error": 1.33514404296875e-05,
            "max_abs_probability_error": 7.600197894641614e-08,
            "max_bin": 8,
            "max_float32_ulp_error": 7,
            "max_row": 350,
            "max_total_variation": 3.6532798693938024e-07,
            "mean_abs_logp_error": 8.161873884604011e-07,
            "p99_abs_logp_error": 3.814697265625e-06,
            "right_logp": -28.376848220825195
          },
          "context_roll_view": {
            "left_logp": -28.376834869384766,
            "max_abs_logp_error": 1.33514404296875e-05,
            "max_abs_probability_error": 7.600197894641614e-08,
            "max_bin": 8,
            "max_float32_ulp_error": 7,
            "max_row": 350,
            "max_total_variation": 3.6532798693938024e-07,
            "mean_abs_logp_error": 8.161873884604011e-07,
            "p99_abs_logp_error": 3.814697265625e-06,
            "right_logp": -28.376848220825195
          },
          "draw_index": 0,
          "random_permutation_1": {
            "left_logp": -23.379335403442383,
            "max_abs_logp_error": 0.0,
            "max_abs_probability_error": 0.0,
            "max_bin": 0,
            "max_float32_ulp_error": 0,
            "max_row": 0,
            "max_total_variation": 0.0,
            "mean_abs_logp_error": 0.0,
            "p99_abs_logp_error": 0.0,
            "right_logp": -23.379335403442383
          },
          "random_permutation_2": {
            "left_logp": -23.379335403442383,
            "max_abs_logp_error": 0.0,
            "max_abs_probability_error": 0.0,
            "max_bin": 0,
            "max_float32_ulp_error": 0,
            "max_row": 0,
            "max_total_variation": 0.0,
            "mean_abs_logp_error": 0.0,
            "p99_abs_logp_error": 0.0,
            "right_logp": -23.379335403442383
          },
          "repeat": {
            "left_logp": -23.379335403442383,
            "max_abs_logp_error": 0.0,
            "max_abs_probability_error": 0.0,
            "max_bin": 0,
            "max_float32_ulp_error": 0,
            "max_row": 0,
            "max_total_variation": 0.0,
            "mean_abs_logp_error": 0.0,
            "p99_abs_logp_error": 0.0,
            "right_logp": -23.379335403442383
          },
          "reverse": {
            "left_logp": -23.379335403442383,
            "max_abs_logp_error": 0.0,
            "max_abs_probability_error": 0.0,
            "max_bin": 0,
            "max_float32_ulp_error": 0,
            "max_row": 0,
            "max_total_variation": 0.0,
            "mean_abs_logp_error": 0.0,
            "p99_abs_logp_error": 0.0,
            "right_logp": -23.379335403442383
          },
          "rows": 355,
          "same_shape_block_permutation": {
            "left_logp": -23.379335403442383,
            "max_abs_logp_error": 0.0,
            "max_abs_probability_error": 0.0,
            "max_bin": 0,
            "max_float32_ulp_error": 0,
            "max_row": 0,
            "max_total_variation": 0.0,
            "mean_abs_logp_error": 0.0,
            "p99_abs_logp_error": 0.0,
            "right_logp": -23.379335403442383
          }
        },
        {
          "bank_index": 0,
          "batch_8": {
            "left_logp": -21.975244522094727,
            "max_abs_logp_error": 1.33514404296875e-05,
            "max_abs_probability_error": 1.2900290172201956e-07,
            "max_bin": 0,
            "max_float32_ulp_error": 13,
            "max_row": 121,
            "max_total_variation": 6.160824973618254e-07,
            "mean_abs_logp_error": 1.1242105719748507e-06,
            "p99_abs_logp_error": 5.7220458984375e-06,
            "right_logp": -21.975231170654297
          },
          "context_roll_contiguous": {
            "left_logp": -25.345327377319336,
            "max_abs_logp_error": 9.5367431640625e-06,
            "max_abs_probability_error": 9.007119650128459e-08,
            "max_bin": 86,
            "max_float32_ulp_error": 7,
            "max_row": 181,
            "max_total_variation": 2.7621851985381926e-07,
            "mean_abs_logp_error": 7.64546769388606e-07,
            "p99_abs_logp_error": 3.814697265625e-06,
            "right_logp": -25.345317840576172
          },
          "context_roll_view": {
            "left_logp": -25.345327377319336,
            "max_abs_logp_error": 9.5367431640625e-06,
            "max_abs_probability_error": 9.007119650128459e-08,
            "max_bin": 86,
            "max_float32_ulp_error": 7,
            "max_row": 181,
            "max_total_variation": 2.7621851985381926e-07,
            "mean_abs_logp_error": 7.64546769388606e-07,
            "p99_abs_logp_error": 3.814697265625e-06,
            "right_logp": -25.345317840576172
          },
          "draw_index": 1,
          "random_permutation_1": {
            "left_logp": -26.37152862548828,
            "max_abs_logp_error": 0.0,
            "max_abs_probability_error": 0.0,
            "max_bin": 0,
            "max_float32_ulp_error": 0,
            "max_row": 0,
            "max_total_variation": 0.0,
            "mean_abs_logp_error": 0.0,
            "p99_abs_logp_error": 0.0,
            "right_logp": -26.37152862548828
          },
          "random_permutation_2": {
            "left_logp": -26.37152862548828,
            "max_abs_logp_error": 0.0,
            "max_abs_probability_error": 0.0,
            "max_bin": 0,
            "max_float32_ulp_error": 0,
            "max_row": 0,
            "max_total_variation": 0.0,
            "mean_abs_logp_error": 0.0,
            "p99_abs_logp_error": 0.0,
            "right_logp": -26.37152862548828
          },
          "repeat": {
            "left_logp": -26.37152862548828,
            "max_abs_logp_error": 0.0,
            "max_abs_probability_error": 0.0,
            "max_bin": 0,
            "max_float32_ulp_error": 0,
            "max_row": 0,
            "max_total_variation": 0.0,
            "mean_abs_logp_error": 0.0,
            "p99_abs_logp_error": 0.0,
            "right_logp": -26.37152862548828
          },
          "reverse": {
            "left_logp": -26.37152862548828,
            "max_abs_logp_error": 0.0,
            "max_abs_probability_error": 0.0,
            "max_bin": 0,
            "max_float32_ulp_error": 0,
            "max_row": 0,
            "max_total_variation": 0.0,
            "mean_abs_logp_error": 0.0,
            "p99_abs_logp_error": 0.0,
            "right_logp": -26.37152862548828
          },
          "rows": 356,
          "same_shape_block_permutation": {
            "left_logp": -26.37152862548828,
            "max_abs_logp_error": 0.0,
            "max_abs_probability_error": 0.0,
            "max_bin": 0,
            "max_float32_ulp_error": 0,
            "max_row": 0,
            "max_total_variation": 0.0,
            "mean_abs_logp_error": 0.0,
            "p99_abs_logp_error": 0.0,
            "right_logp": -26.37152862548828
          }
        },
        {
          "bank_index": 1,
          "batch_8": {
            "left_logp": -23.15911865234375,
            "max_abs_logp_error": 1.52587890625e-05,
            "max_abs_probability_error": 1.050506418659447e-07,
            "max_bin": 94,
            "max_float32_ulp_error": 13,
            "max_row": 263,
            "max_total_variation": 6.601934766632541e-07,
            "mean_abs_logp_error": 1.151431142614129e-06,
            "p99_abs_logp_error": 5.7220458984375e-06,
            "right_logp": -23.159133911132812
          },
          "context_roll_contiguous": {
            "left_logp": -23.79215431213379,
            "max_abs_logp_error": 1.52587890625e-05,
            "max_abs_probability_error": 9.464905505185417e-08,
            "max_bin": 0,
            "max_float32_ulp_error": 14,
            "max_row": 308,
            "max_total_variation": 4.507328389012688e-07,
            "mean_abs_logp_error": 8.359417486726568e-07,
            "p99_abs_logp_error": 5.7220458984375e-06,
            "right_logp": -23.79216957092285
          },
          "context_roll_view": {
            "left_logp": -23.79215431213379,
            "max_abs_logp_error": 1.52587890625e-05,
            "max_abs_probability_error": 9.464905505185417e-08,
            "max_bin": 0,
            "max_float32_ulp_error": 14,
            "max_row": 308,
            "max_total_variation": 4.507328389012688e-07,
            "mean_abs_logp_error": 8.359417486726568e-07,
            "p99_abs_logp_error": 5.7220458984375e-06,
            "right_logp": -23.79216957092285
          },
          "draw_index": 1,
          "random_permutation_1": {
            "left_logp": -21.06197166442871,
            "max_abs_logp_error": 0.0,
            "max_abs_probability_error": 0.0,
            "max_bin": 0,
            "max_float32_ulp_error": 0,
            "max_row": 0,
            "max_total_variation": 0.0,
            "mean_abs_logp_error": 0.0,
            "p99_abs_logp_error": 0.0,
            "right_logp": -21.06197166442871
          },
          "random_permutation_2": {
            "left_logp": -21.06197166442871,
            "max_abs_logp_error": 0.0,
            "max_abs_probability_error": 0.0,
            "max_bin": 0,
            "max_float32_ulp_error": 0,
            "max_row": 0,
            "max_total_variation": 0.0,
            "mean_abs_logp_error": 0.0,
            "p99_abs_logp_error": 0.0,
            "right_logp": -21.06197166442871
          },
          "repeat": {
            "left_logp": -21.06197166442871,
            "max_abs_logp_error": 0.0,
            "max_abs_probability_error": 0.0,
            "max_bin": 0,
            "max_float32_ulp_error": 0,
            "max_row": 0,
            "max_total_variation": 0.0,
            "mean_abs_logp_error": 0.0,
            "p99_abs_logp_error": 0.0,
            "right_logp": -21.06197166442871
          },
          "reverse": {
            "left_logp": -21.06197166442871,
            "max_abs_logp_error": 0.0,
            "max_abs_probability_error": 0.0,
            "max_bin": 0,
            "max_float32_ulp_error": 0,
            "max_row": 0,
            "max_total_variation": 0.0,
            "mean_abs_logp_error": 0.0,
            "p99_abs_logp_error": 0.0,
            "right_logp": -21.06197166442871
          },
          "rows": 356,
          "same_shape_block_permutation": {
            "left_logp": -21.06197166442871,
            "max_abs_logp_error": 0.0,
            "max_abs_probability_error": 0.0,
            "max_bin": 0,
            "max_float32_ulp_error": 0,
            "max_row": 0,
            "max_total_variation": 0.0,
            "mean_abs_logp_error": 0.0,
            "p99_abs_logp_error": 0.0,
            "right_logp": -21.06197166442871
          }
        },
        {
          "bank_index": 2,
          "batch_8": {
            "left_logp": -29.161376953125,
            "max_abs_logp_error": 1.52587890625e-05,
            "max_abs_probability_error": 1.051888113973165e-07,
            "max_bin": 94,
            "max_float32_ulp_error": 8,
            "max_row": 9,
            "max_total_variation": 3.9192851911855064e-07,
            "mean_abs_logp_error": 1.1661556405080876e-06,
            "p99_abs_logp_error": 5.7220458984375e-06,
            "right_logp": -29.161392211914062
          },
          "context_roll_contiguous": {
            "left_logp": -32.99699020385742,
            "max_abs_logp_error": 1.1444091796875e-05,
            "max_abs_probability_error": 7.357035607113982e-08,
            "max_bin": 96,
            "max_float32_ulp_error": 6,
            "max_row": 22,
            "max_total_variation": 3.4413558693373157e-07,
            "mean_abs_logp_error": 7.997969506492078e-07,
            "p99_abs_logp_error": 3.814697265625e-06,
            "right_logp": -32.996978759765625
          },
          "context_roll_view": {
            "left_logp": -32.99699020385742,
            "max_abs_logp_error": 1.1444091796875e-05,
            "max_abs_probability_error": 7.357035607113982e-08,
            "max_bin": 96,
            "max_float32_ulp_error": 6,
            "max_row": 22,
            "max_total_variation": 3.4413558693373157e-07,
            "mean_abs_logp_error": 7.997969506492078e-07,
            "p99_abs_logp_error": 3.814697265625e-06,
            "right_logp": -32.996978759765625
          },
          "draw_index": 1,
          "random_permutation_1": {
            "left_logp": -25.720186233520508,
            "max_abs_logp_error": 0.0,
            "max_abs_probability_error": 0.0,
            "max_bin": 0,
            "max_float32_ulp_error": 0,
            "max_row": 0,
            "max_total_variation": 0.0,
            "mean_abs_logp_error": 0.0,
            "p99_abs_logp_error": 0.0,
            "right_logp": -25.720186233520508
          },
          "random_permutation_2": {
            "left_logp": -25.720186233520508,
            "max_abs_logp_error": 0.0,
            "max_abs_probability_error": 0.0,
            "max_bin": 0,
            "max_float32_ulp_error": 0,
            "max_row": 0,
            "max_total_variation": 0.0,
            "mean_abs_logp_error": 0.0,
            "p99_abs_logp_error": 0.0,
            "right_logp": -25.720186233520508
          },
          "repeat": {
            "left_logp": -25.720186233520508,
            "max_abs_logp_error": 0.0,
            "max_abs_probability_error": 0.0,
            "max_bin": 0,
            "max_float32_ulp_error": 0,
            "max_row": 0,
            "max_total_variation": 0.0,
            "mean_abs_logp_error": 0.0,
            "p99_abs_logp_error": 0.0,
            "right_logp": -25.720186233520508
          },
          "reverse": {
            "left_logp": -25.720186233520508,
            "max_abs_logp_error": 0.0,
            "max_abs_probability_error": 0.0,
            "max_bin": 0,
            "max_float32_ulp_error": 0,
            "max_row": 0,
            "max_total_variation": 0.0,
            "mean_abs_logp_error": 0.0,
            "p99_abs_logp_error": 0.0,
            "right_logp": -25.720186233520508
          },
          "rows": 355,
          "same_shape_block_permutation": {
            "left_logp": -25.720186233520508,
            "max_abs_logp_error": 0.0,
            "max_abs_probability_error": 0.0,
            "max_bin": 0,
            "max_float32_ulp_error": 0,
            "max_row": 0,
            "max_total_variation": 0.0,
            "mean_abs_logp_error": 0.0,
            "p99_abs_logp_error": 0.0,
            "right_logp": -25.720186233520508
          }
        },
        {
          "bank_index": 0,
          "batch_8": {
            "left_logp": -28.737594604492188,
            "max_abs_logp_error": 1.1444091796875e-05,
            "max_abs_probability_error": 1.5231923307379436e-07,
            "max_bin": 6,
            "max_float32_ulp_error": 10,
            "max_row": 38,
            "max_total_variation": 4.5899424962808135e-07,
            "mean_abs_logp_error": 1.1724334084585811e-06,
            "p99_abs_logp_error": 5.7220458984375e-06,
            "right_logp": -28.73758316040039
          },
          "context_roll_contiguous": {
            "left_logp": -31.081626892089844,
            "max_abs_logp_error": 9.5367431640625e-06,
            "max_abs_probability_error": 1.0154617959001744e-07,
            "max_bin": 3,
            "max_float32_ulp_error": 9,
            "max_row": 317,
            "max_total_variation": 3.8452096884837594e-07,
            "mean_abs_logp_error": 8.002760704983487e-07,
            "p99_abs_logp_error": 3.814697265625e-06,
            "right_logp": -31.081636428833008
          },
          "context_roll_view": {
            "left_logp": -31.081626892089844,
            "max_abs_logp_error": 9.5367431640625e-06,
            "max_abs_probability_error": 1.0154617959001744e-07,
            "max_bin": 3,
            "max_float32_ulp_error": 9,
            "max_row": 317,
            "max_total_variation": 3.8452096884837594e-07,
            "mean_abs_logp_error": 8.002760704983487e-07,
            "p99_abs_logp_error": 3.814697265625e-06,
            "right_logp": -31.081636428833008
          },
          "draw_index": 2,
          "random_permutation_1": {
            "left_logp": -23.455402374267578,
            "max_abs_logp_error": 0.0,
            "max_abs_probability_error": 0.0,
            "max_bin": 0,
            "max_float32_ulp_error": 0,
            "max_row": 0,
            "max_total_variation": 0.0,
            "mean_abs_logp_error": 0.0,
            "p99_abs_logp_error": 0.0,
            "right_logp": -23.455402374267578
          },
          "random_permutation_2": {
            "left_logp": -23.455402374267578,
            "max_abs_logp_error": 0.0,
            "max_abs_probability_error": 0.0,
            "max_bin": 0,
            "max_float32_ulp_error": 0,
            "max_row": 0,
            "max_total_variation": 0.0,
            "mean_abs_logp_error": 0.0,
            "p99_abs_logp_error": 0.0,
            "right_logp": -23.455402374267578
          },
          "repeat": {
            "left_logp": -23.455402374267578,
            "max_abs_logp_error": 0.0,
            "max_abs_probability_error": 0.0,
            "max_bin": 0,
            "max_float32_ulp_error": 0,
            "max_row": 0,
            "max_total_variation": 0.0,
            "mean_abs_logp_error": 0.0,
            "p99_abs_logp_error": 0.0,
            "right_logp": -23.455402374267578
          },
          "reverse": {
            "left_logp": -23.455402374267578,
            "max_abs_logp_error": 0.0,
            "max_abs_probability_error": 0.0,
            "max_bin": 0,
            "max_float32_ulp_error": 0,
            "max_row": 0,
            "max_total_variation": 0.0,
            "mean_abs_logp_error": 0.0,
            "p99_abs_logp_error": 0.0,
            "right_logp": -23.455402374267578
          },
          "rows": 356,
          "same_shape_block_permutation": {
            "left_logp": -23.455402374267578,
            "max_abs_logp_error": 0.0,
            "max_abs_probability_error": 0.0,
            "max_bin": 0,
            "max_float32_ulp_error": 0,
            "max_row": 0,
            "max_total_variation": 0.0,
            "mean_abs_logp_error": 0.0,
            "p99_abs_logp_error": 0.0,
            "right_logp": -23.455402374267578
          }
        },
        {
          "bank_index": 1,
          "batch_8": {
            "left_logp": -27.207752227783203,
            "max_abs_logp_error": 1.33514404296875e-05,
            "max_abs_probability_error": 1.280254237900902e-07,
            "max_bin": 94,
            "max_float32_ulp_error": 7,
            "max_row": 69,
            "max_total_variation": 3.792364653855613e-07,
            "mean_abs_logp_error": 1.140297128913108e-06,
            "p99_abs_logp_error": 5.7220458984375e-06,
            "right_logp": -27.207738876342773
          },
          "context_roll_contiguous": {
            "left_logp": -29.41781997680664,
            "max_abs_logp_error": 9.5367431640625e-06,
            "max_abs_probability_error": 7.221263403911493e-08,
            "max_bin": 5,
            "max_float32_ulp_error": 6,
            "max_row": 239,
            "max_total_variation": 2.3639192108470496e-07,
            "mean_abs_logp_error": 7.746594675471274e-07,
            "p99_abs_logp_error": 3.814697265625e-06,
            "right_logp": -29.417829513549805
          },
          "context_roll_view": {
            "left_logp": -29.41781997680664,
            "max_abs_logp_error": 9.5367431640625e-06,
            "max_abs_probability_error": 7.221263403911493e-08,
            "max_bin": 5,
            "max_float32_ulp_error": 6,
            "max_row": 239,
            "max_total_variation": 2.3639192108470496e-07,
            "mean_abs_logp_error": 7.746594675471274e-07,
            "p99_abs_logp_error": 3.814697265625e-06,
            "right_logp": -29.417829513549805
          },
          "draw_index": 2,
          "random_permutation_1": {
            "left_logp": -26.934722900390625,
            "max_abs_logp_error": 0.0,
            "max_abs_probability_error": 0.0,
            "max_bin": 0,
            "max_float32_ulp_error": 0,
            "max_row": 0,
            "max_total_variation": 0.0,
            "mean_abs_logp_error": 0.0,
            "p99_abs_logp_error": 0.0,
            "right_logp": -26.934722900390625
          },
          "random_permutation_2": {
            "left_logp": -26.934722900390625,
            "max_abs_logp_error": 0.0,
            "max_abs_probability_error": 0.0,
            "max_bin": 0,
            "max_float32_ulp_error": 0,
            "max_row": 0,
            "max_total_variation": 0.0,
            "mean_abs_logp_error": 0.0,
            "p99_abs_logp_error": 0.0,
            "right_logp": -26.934722900390625
          },
          "repeat": {
            "left_logp": -26.934722900390625,
            "max_abs_logp_error": 0.0,
            "max_abs_probability_error": 0.0,
            "max_bin": 0,
            "max_float32_ulp_error": 0,
            "max_row": 0,
            "max_total_variation": 0.0,
            "mean_abs_logp_error": 0.0,
            "p99_abs_logp_error": 0.0,
            "right_logp": -26.934722900390625
          },
          "reverse": {
            "left_logp": -26.934722900390625,
            "max_abs_logp_error": 0.0,
            "max_abs_probability_error": 0.0,
            "max_bin": 0,
            "max_float32_ulp_error": 0,
            "max_row": 0,
            "max_total_variation": 0.0,
            "mean_abs_logp_error": 0.0,
            "p99_abs_logp_error": 0.0,
            "right_logp": -26.934722900390625
          },
          "rows": 356,
          "same_shape_block_permutation": {
            "left_logp": -26.934722900390625,
            "max_abs_logp_error": 0.0,
            "max_abs_probability_error": 0.0,
            "max_bin": 0,
            "max_float32_ulp_error": 0,
            "max_row": 0,
            "max_total_variation": 0.0,
            "mean_abs_logp_error": 0.0,
            "p99_abs_logp_error": 0.0,
            "right_logp": -26.934722900390625
          }
        },
        {
          "bank_index": 2,
          "batch_8": {
            "left_logp": -28.952974319458008,
            "max_abs_logp_error": 1.52587890625e-05,
            "max_abs_probability_error": 1.2252160366821307e-07,
            "max_bin": 1,
            "max_float32_ulp_error": 8,
            "max_row": 298,
            "max_total_variation": 3.4729347433307356e-07,
            "mean_abs_logp_error": 1.205753272687885e-06,
            "p99_abs_logp_error": 5.7220458984375e-06,
            "right_logp": -28.952959060668945
          },
          "context_roll_contiguous": {
            "left_logp": -26.2172794342041,
            "max_abs_logp_error": 9.5367431640625e-06,
            "max_abs_probability_error": 6.556829093562477e-08,
            "max_bin": 9,
            "max_float32_ulp_error": 10,
            "max_row": 29,
            "max_total_variation": 3.5564111793948247e-07,
            "mean_abs_logp_error": 7.919694336367325e-07,
            "p99_abs_logp_error": 3.814697265625e-06,
            "right_logp": -26.217269897460938
          },
          "context_roll_view": {
            "left_logp": -26.2172794342041,
            "max_abs_logp_error": 9.5367431640625e-06,
            "max_abs_probability_error": 6.556829093562477e-08,
            "max_bin": 9,
            "max_float32_ulp_error": 10,
            "max_row": 29,
            "max_total_variation": 3.5564111793948247e-07,
            "mean_abs_logp_error": 7.919694336367325e-07,
            "p99_abs_logp_error": 3.814697265625e-06,
            "right_logp": -26.217269897460938
          },
          "draw_index": 2,
          "random_permutation_1": {
            "left_logp": -20.147689819335938,
            "max_abs_logp_error": 0.0,
            "max_abs_probability_error": 0.0,
            "max_bin": 0,
            "max_float32_ulp_error": 0,
            "max_row": 0,
            "max_total_variation": 0.0,
            "mean_abs_logp_error": 0.0,
            "p99_abs_logp_error": 0.0,
            "right_logp": -20.147689819335938
          },
          "random_permutation_2": {
            "left_logp": -20.147689819335938,
            "max_abs_logp_error": 0.0,
            "max_abs_probability_error": 0.0,
            "max_bin": 0,
            "max_float32_ulp_error": 0,
            "max_row": 0,
            "max_total_variation": 0.0,
            "mean_abs_logp_error": 0.0,
            "p99_abs_logp_error": 0.0,
            "right_logp": -20.147689819335938
          },
          "repeat": {
            "left_logp": -20.147689819335938,
            "max_abs_logp_error": 0.0,
            "max_abs_probability_error": 0.0,
            "max_bin": 0,
            "max_float32_ulp_error": 0,
            "max_row": 0,
            "max_total_variation": 0.0,
            "mean_abs_logp_error": 0.0,
            "p99_abs_logp_error": 0.0,
            "right_logp": -20.147689819335938
          },
          "reverse": {
            "left_logp": -20.147689819335938,
            "max_abs_logp_error": 0.0,
            "max_abs_probability_error": 0.0,
            "max_bin": 0,
            "max_float32_ulp_error": 0,
            "max_row": 0,
            "max_total_variation": 0.0,
            "mean_abs_logp_error": 0.0,
            "p99_abs_logp_error": 0.0,
            "right_logp": -20.147689819335938
          },
          "rows": 355,
          "same_shape_block_permutation": {
            "left_logp": -20.147689819335938,
            "max_abs_logp_error": 0.0,
            "max_abs_probability_error": 0.0,
            "max_bin": 0,
            "max_float32_ulp_error": 0,
            "max_row": 0,
            "max_total_variation": 0.0,
            "mean_abs_logp_error": 0.0,
            "p99_abs_logp_error": 0.0,
            "right_logp": -20.147689819335938
          }
        }
      ],
      "prior": "N",
      "remainder_35": {
        "left_logp": -25.03727149963379,
        "max_abs_logp_error": 0.0,
        "max_abs_probability_error": 0.0,
        "max_bin": 0,
        "max_float32_ulp_error": 0,
        "max_row": 0,
        "max_total_variation": 0.0,
        "mean_abs_logp_error": 0.0,
        "p99_abs_logp_error": 0.0,
        "right_logp": -25.03727149963379
      },
      "remainder_36": {
        "left_logp": -25.03727149963379,
        "max_abs_logp_error": 0.0,
        "max_abs_probability_error": 0.0,
        "max_bin": 0,
        "max_float32_ulp_error": 0,
        "max_row": 0,
        "max_total_variation": 0.0,
        "mean_abs_logp_error": 0.0,
        "p99_abs_logp_error": 0.0,
        "right_logp": -25.03727149963379
      },
      "remainder_43": {
        "left_logp": -25.03727149963379,
        "max_abs_logp_error": 0.0,
        "max_abs_probability_error": 0.0,
        "max_bin": 0,
        "max_float32_ulp_error": 0,
        "max_row": 0,
        "max_total_variation": 0.0,
        "mean_abs_logp_error": 0.0,
        "p99_abs_logp_error": 0.0,
        "right_logp": -25.03727149963379
      },
      "repeat": {
        "left_logp": -25.03727149963379,
        "max_abs_logp_error": 0.0,
        "max_abs_probability_error": 0.0,
        "max_bin": 0,
        "max_float32_ulp_error": 0,
        "max_row": 0,
        "max_total_variation": 0.0,
        "mean_abs_logp_error": 0.0,
        "p99_abs_logp_error": 0.0,
        "right_logp": -25.03727149963379
      },
      "reverse_batch": {
        "left_logp": -20.707759857177734,
        "max_abs_logp_error": 7.62939453125e-06,
        "max_abs_probability_error": 7.741555307916315e-08,
        "max_bin": 0,
        "max_float32_ulp_error": 5,
        "max_row": 5,
        "max_total_variation": 2.9082121410646915e-07,
        "mean_abs_logp_error": 2.209676636589898e-07,
        "p99_abs_logp_error": 3.814697265625e-06,
        "right_logp": -20.707752227783203
      },
      "rows": 72,
      "same_shape_block_permutation": {
        "left_logp": -25.03727149963379,
        "max_abs_logp_error": 0.0,
        "max_abs_probability_error": 0.0,
        "max_bin": 0,
        "max_float32_ulp_error": 0,
        "max_row": 0,
        "max_total_variation": 0.0,
        "mean_abs_logp_error": 0.0,
        "p99_abs_logp_error": 0.0,
        "right_logp": -25.03727149963379
      },
      "seed": 0,
      "singleton": {
        "left_logp": -27.126792907714844,
        "max_abs_logp_error": 7.62939453125e-06,
        "max_abs_probability_error": 1.398181005141108e-07,
        "max_bin": 98,
        "max_float32_ulp_error": 8,
        "max_row": 8,
        "max_total_variation": 2.7191401614942007e-07,
        "mean_abs_logp_error": 9.976989693111844e-07,
        "p99_abs_logp_error": 5.7220458984375e-06,
        "right_logp": -27.126785278320312
      },
      "step": 20000
    },
    {
      "batch_8": {
        "left_logp": -33.613739013671875,
        "max_abs_logp_error": 1.52587890625e-05,
        "max_abs_probability_error": 8.236458526322821e-08,
        "max_bin": 94,
        "max_float32_ulp_error": 7,
        "max_row": 56,
        "max_total_variation": 2.77448423623653e-07,
        "mean_abs_logp_error": 1.144078042772081e-06,
        "p99_abs_logp_error": 7.62939453125e-06,
        "right_logp": -33.61372375488281
      },
      "checkpoint_sha256": "af5efdd24a91e3dd9dafa0020dae92fd6685fb0751576e8f63ffbf932027b00e",
      "context_roll": {
        "left_logp": -34.82350540161133,
        "max_abs_logp_error": 7.62939453125e-06,
        "max_abs_probability_error": 6.753234425838084e-08,
        "max_bin": 97,
        "max_float32_ulp_error": 5,
        "max_row": 8,
        "max_total_variation": 1.737191612971417e-07,
        "mean_abs_logp_error": 8.476773897806803e-07,
        "p99_abs_logp_error": 3.814697265625e-06,
        "right_logp": -34.82351303100586
      },
      "fixed_shape_companion_replacement": {
        "left_logp": -31.19725227355957,
        "max_abs_logp_error": 0.0,
        "max_abs_probability_error": 0.0,
        "max_bin": 0,
        "max_float32_ulp_error": 0,
        "max_row": 0,
        "max_total_variation": 0.0,
        "mean_abs_logp_error": 0.0,
        "p99_abs_logp_error": 0.0,
        "right_logp": -31.19725227355957
      },
      "fixed_shape_focal_relocation": {
        "left_logp": -31.19725227355957,
        "max_abs_logp_error": 0.0,
        "max_abs_probability_error": 0.0,
        "max_bin": 0,
        "max_float32_ulp_error": 0,
        "max_row": 0,
        "max_total_variation": 0.0,
        "mean_abs_logp_error": 0.0,
        "p99_abs_logp_error": 0.0,
        "right_logp": -31.19725227355957
      },
      "full_panel_rows": 3201,
      "full_panel_shards": [
        {
          "bank_index": 0,
          "batch_8": {
            "left_logp": -25.413665771484375,
            "max_abs_logp_error": 1.71661376953125e-05,
            "max_abs_probability_error": 1.1275873766647404e-07,
            "max_bin": 96,
            "max_float32_ulp_error": 12,
            "max_row": 86,
            "max_total_variation": 3.118972124792787e-07,
            "mean_abs_logp_error": 1.456345734971293e-06,
            "p99_abs_logp_error": 7.62939453125e-06,
            "right_logp": -25.41364860534668
          },
          "context_roll_contiguous": {
            "left_logp": -33.56313705444336,
            "max_abs_logp_error": 1.1444091796875e-05,
            "max_abs_probability_error": 8.546674573617352e-08,
            "max_bin": 2,
            "max_float32_ulp_error": 7,
            "max_row": 109,
            "max_total_variation": 3.0145517715039623e-07,
            "mean_abs_logp_error": 9.248698695322101e-07,
            "p99_abs_logp_error": 5.7220458984375e-06,
            "right_logp": -33.563148498535156
          },
          "context_roll_view": {
            "left_logp": -33.56313705444336,
            "max_abs_logp_error": 1.1444091796875e-05,
            "max_abs_probability_error": 8.546674573617352e-08,
            "max_bin": 2,
            "max_float32_ulp_error": 7,
            "max_row": 109,
            "max_total_variation": 3.0145517715039623e-07,
            "mean_abs_logp_error": 9.248698695322101e-07,
            "p99_abs_logp_error": 5.7220458984375e-06,
            "right_logp": -33.563148498535156
          },
          "draw_index": 0,
          "random_permutation_1": {
            "left_logp": -31.19725227355957,
            "max_abs_logp_error": 0.0,
            "max_abs_probability_error": 0.0,
            "max_bin": 0,
            "max_float32_ulp_error": 0,
            "max_row": 0,
            "max_total_variation": 0.0,
            "mean_abs_logp_error": 0.0,
            "p99_abs_logp_error": 0.0,
            "right_logp": -31.19725227355957
          },
          "random_permutation_2": {
            "left_logp": -31.19725227355957,
            "max_abs_logp_error": 0.0,
            "max_abs_probability_error": 0.0,
            "max_bin": 0,
            "max_float32_ulp_error": 0,
            "max_row": 0,
            "max_total_variation": 0.0,
            "mean_abs_logp_error": 0.0,
            "p99_abs_logp_error": 0.0,
            "right_logp": -31.19725227355957
          },
          "repeat": {
            "left_logp": -31.19725227355957,
            "max_abs_logp_error": 0.0,
            "max_abs_probability_error": 0.0,
            "max_bin": 0,
            "max_float32_ulp_error": 0,
            "max_row": 0,
            "max_total_variation": 0.0,
            "mean_abs_logp_error": 0.0,
            "p99_abs_logp_error": 0.0,
            "right_logp": -31.19725227355957
          },
          "reverse": {
            "left_logp": -31.19725227355957,
            "max_abs_logp_error": 0.0,
            "max_abs_probability_error": 0.0,
            "max_bin": 0,
            "max_float32_ulp_error": 0,
            "max_row": 0,
            "max_total_variation": 0.0,
            "mean_abs_logp_error": 0.0,
            "p99_abs_logp_error": 0.0,
            "right_logp": -31.19725227355957
          },
          "rows": 356,
          "same_shape_block_permutation": {
            "left_logp": -31.19725227355957,
            "max_abs_logp_error": 0.0,
            "max_abs_probability_error": 0.0,
            "max_bin": 0,
            "max_float32_ulp_error": 0,
            "max_row": 0,
            "max_total_variation": 0.0,
            "mean_abs_logp_error": 0.0,
            "p99_abs_logp_error": 0.0,
            "right_logp": -31.19725227355957
          }
        },
        {
          "bank_index": 1,
          "batch_8": {
            "left_logp": -35.64292526245117,
            "max_abs_logp_error": 1.52587890625e-05,
            "max_abs_probability_error": 1.263135279566674e-07,
            "max_bin": 2,
            "max_float32_ulp_error": 10,
            "max_row": 78,
            "max_total_variation": 3.1722600797587e-07,
            "mean_abs_logp_error": 1.4208675770277387e-06,
            "p99_abs_logp_error": 7.62939453125e-06,
            "right_logp": -35.64291000366211
          },
          "context_roll_contiguous": {
            "left_logp": -28.21302032470703,
            "max_abs_logp_error": 1.1444091796875e-05,
            "max_abs_probability_error": 7.584643074709518e-08,
            "max_bin": 6,
            "max_float32_ulp_error": 6,
            "max_row": 32,
            "max_total_variation": 2.3382911626604367e-07,
            "mean_abs_logp_error": 9.04132141156143e-07,
            "p99_abs_logp_error": 5.7220458984375e-06,
            "right_logp": -28.213008880615234
          },
          "context_roll_view": {
            "left_logp": -28.21302032470703,
            "max_abs_logp_error": 1.1444091796875e-05,
            "max_abs_probability_error": 7.584643074709518e-08,
            "max_bin": 6,
            "max_float32_ulp_error": 6,
            "max_row": 32,
            "max_total_variation": 2.3382911626604367e-07,
            "mean_abs_logp_error": 9.04132141156143e-07,
            "p99_abs_logp_error": 5.7220458984375e-06,
            "right_logp": -28.213008880615234
          },
          "draw_index": 0,
          "random_permutation_1": {
            "left_logp": -34.6106071472168,
            "max_abs_logp_error": 0.0,
            "max_abs_probability_error": 0.0,
            "max_bin": 0,
            "max_float32_ulp_error": 0,
            "max_row": 0,
            "max_total_variation": 0.0,
            "mean_abs_logp_error": 0.0,
            "p99_abs_logp_error": 0.0,
            "right_logp": -34.6106071472168
          },
          "random_permutation_2": {
            "left_logp": -34.6106071472168,
            "max_abs_logp_error": 0.0,
            "max_abs_probability_error": 0.0,
            "max_bin": 0,
            "max_float32_ulp_error": 0,
            "max_row": 0,
            "max_total_variation": 0.0,
            "mean_abs_logp_error": 0.0,
            "p99_abs_logp_error": 0.0,
            "right_logp": -34.6106071472168
          },
          "repeat": {
            "left_logp": -34.6106071472168,
            "max_abs_logp_error": 0.0,
            "max_abs_probability_error": 0.0,
            "max_bin": 0,
            "max_float32_ulp_error": 0,
            "max_row": 0,
            "max_total_variation": 0.0,
            "mean_abs_logp_error": 0.0,
            "p99_abs_logp_error": 0.0,
            "right_logp": -34.6106071472168
          },
          "reverse": {
            "left_logp": -34.6106071472168,
            "max_abs_logp_error": 0.0,
            "max_abs_probability_error": 0.0,
            "max_bin": 0,
            "max_float32_ulp_error": 0,
            "max_row": 0,
            "max_total_variation": 0.0,
            "mean_abs_logp_error": 0.0,
            "p99_abs_logp_error": 0.0,
            "right_logp": -34.6106071472168
          },
          "rows": 356,
          "same_shape_block_permutation": {
            "left_logp": -34.6106071472168,
            "max_abs_logp_error": 0.0,
            "max_abs_probability_error": 0.0,
            "max_bin": 0,
            "max_float32_ulp_error": 0,
            "max_row": 0,
            "max_total_variation": 0.0,
            "mean_abs_logp_error": 0.0,
            "p99_abs_logp_error": 0.0,
            "right_logp": -34.6106071472168
          }
        },
        {
          "bank_index": 2,
          "batch_8": {
            "left_logp": -37.2147216796875,
            "max_abs_logp_error": 1.52587890625e-05,
            "max_abs_probability_error": 9.955521163007575e-08,
            "max_bin": 92,
            "max_float32_ulp_error": 10,
            "max_row": 66,
            "max_total_variation": 5.898345911056623e-07,
            "mean_abs_logp_error": 1.4641352102790081e-06,
            "p99_abs_logp_error": 7.62939453125e-06,
            "right_logp": -37.21470642089844
          },
          "context_roll_contiguous": {
            "left_logp": -33.011348724365234,
            "max_abs_logp_error": 1.1444091796875e-05,
            "max_abs_probability_error": 8.226482110795796e-08,
            "max_bin": 3,
            "max_float32_ulp_error": 6,
            "max_row": 53,
            "max_total_variation": 2.7377620448223995e-07,
            "mean_abs_logp_error": 9.037273030885508e-07,
            "p99_abs_logp_error": 5.7220458984375e-06,
            "right_logp": -33.01133728027344
          },
          "context_roll_view": {
            "left_logp": -33.011348724365234,
            "max_abs_logp_error": 1.1444091796875e-05,
            "max_abs_probability_error": 8.226482110795796e-08,
            "max_bin": 3,
            "max_float32_ulp_error": 6,
            "max_row": 53,
            "max_total_variation": 2.7377620448223995e-07,
            "mean_abs_logp_error": 9.037273030885508e-07,
            "p99_abs_logp_error": 5.7220458984375e-06,
            "right_logp": -33.01133728027344
          },
          "draw_index": 0,
          "random_permutation_1": {
            "left_logp": -31.515981674194336,
            "max_abs_logp_error": 0.0,
            "max_abs_probability_error": 0.0,
            "max_bin": 0,
            "max_float32_ulp_error": 0,
            "max_row": 0,
            "max_total_variation": 0.0,
            "mean_abs_logp_error": 0.0,
            "p99_abs_logp_error": 0.0,
            "right_logp": -31.515981674194336
          },
          "random_permutation_2": {
            "left_logp": -31.515981674194336,
            "max_abs_logp_error": 0.0,
            "max_abs_probability_error": 0.0,
            "max_bin": 0,
            "max_float32_ulp_error": 0,
            "max_row": 0,
            "max_total_variation": 0.0,
            "mean_abs_logp_error": 0.0,
            "p99_abs_logp_error": 0.0,
            "right_logp": -31.515981674194336
          },
          "repeat": {
            "left_logp": -31.515981674194336,
            "max_abs_logp_error": 0.0,
            "max_abs_probability_error": 0.0,
            "max_bin": 0,
            "max_float32_ulp_error": 0,
            "max_row": 0,
            "max_total_variation": 0.0,
            "mean_abs_logp_error": 0.0,
            "p99_abs_logp_error": 0.0,
            "right_logp": -31.515981674194336
          },
          "reverse": {
            "left_logp": -31.515981674194336,
            "max_abs_logp_error": 0.0,
            "max_abs_probability_error": 0.0,
            "max_bin": 0,
            "max_float32_ulp_error": 0,
            "max_row": 0,
            "max_total_variation": 0.0,
            "mean_abs_logp_error": 0.0,
            "p99_abs_logp_error": 0.0,
            "right_logp": -31.515981674194336
          },
          "rows": 355,
          "same_shape_block_permutation": {
            "left_logp": -31.515981674194336,
            "max_abs_logp_error": 0.0,
            "max_abs_probability_error": 0.0,
            "max_bin": 0,
            "max_float32_ulp_error": 0,
            "max_row": 0,
            "max_total_variation": 0.0,
            "mean_abs_logp_error": 0.0,
            "p99_abs_logp_error": 0.0,
            "right_logp": -31.515981674194336
          }
        },
        {
          "bank_index": 0,
          "batch_8": {
            "left_logp": -34.92820358276367,
            "max_abs_logp_error": 1.52587890625e-05,
            "max_abs_probability_error": 1.1001154931467028e-07,
            "max_bin": 5,
            "max_float32_ulp_error": 10,
            "max_row": 57,
            "max_total_variation": 3.802727548007885e-07,
            "mean_abs_logp_error": 1.4586696464024234e-06,
            "p99_abs_logp_error": 7.62939453125e-06,
            "right_logp": -34.92818832397461
          },
          "context_roll_contiguous": {
            "left_logp": -41.66380310058594,
            "max_abs_logp_error": 1.1444091796875e-05,
            "max_abs_probability_error": 8.143863119980388e-08,
            "max_bin": 95,
            "max_float32_ulp_error": 6,
            "max_row": 22,
            "max_total_variation": 2.810598071548396e-07,
            "mean_abs_logp_error": 9.441844532998761e-07,
            "p99_abs_logp_error": 5.7220458984375e-06,
            "right_logp": -41.66379165649414
          },
          "context_roll_view": {
            "left_logp": -41.66380310058594,
            "max_abs_logp_error": 1.1444091796875e-05,
            "max_abs_probability_error": 8.143863119980388e-08,
            "max_bin": 95,
            "max_float32_ulp_error": 6,
            "max_row": 22,
            "max_total_variation": 2.810598071548396e-07,
            "mean_abs_logp_error": 9.441844532998761e-07,
            "p99_abs_logp_error": 5.7220458984375e-06,
            "right_logp": -41.66379165649414
          },
          "draw_index": 1,
          "random_permutation_1": {
            "left_logp": -33.237060546875,
            "max_abs_logp_error": 0.0,
            "max_abs_probability_error": 0.0,
            "max_bin": 0,
            "max_float32_ulp_error": 0,
            "max_row": 0,
            "max_total_variation": 0.0,
            "mean_abs_logp_error": 0.0,
            "p99_abs_logp_error": 0.0,
            "right_logp": -33.237060546875
          },
          "random_permutation_2": {
            "left_logp": -33.237060546875,
            "max_abs_logp_error": 0.0,
            "max_abs_probability_error": 0.0,
            "max_bin": 0,
            "max_float32_ulp_error": 0,
            "max_row": 0,
            "max_total_variation": 0.0,
            "mean_abs_logp_error": 0.0,
            "p99_abs_logp_error": 0.0,
            "right_logp": -33.237060546875
          },
          "repeat": {
            "left_logp": -33.237060546875,
            "max_abs_logp_error": 0.0,
            "max_abs_probability_error": 0.0,
            "max_bin": 0,
            "max_float32_ulp_error": 0,
            "max_row": 0,
            "max_total_variation": 0.0,
            "mean_abs_logp_error": 0.0,
            "p99_abs_logp_error": 0.0,
            "right_logp": -33.237060546875
          },
          "reverse": {
            "left_logp": -33.237060546875,
            "max_abs_logp_error": 0.0,
            "max_abs_probability_error": 0.0,
            "max_bin": 0,
            "max_float32_ulp_error": 0,
            "max_row": 0,
            "max_total_variation": 0.0,
            "mean_abs_logp_error": 0.0,
            "p99_abs_logp_error": 0.0,
            "right_logp": -33.237060546875
          },
          "rows": 356,
          "same_shape_block_permutation": {
            "left_logp": -33.237060546875,
            "max_abs_logp_error": 0.0,
            "max_abs_probability_error": 0.0,
            "max_bin": 0,
            "max_float32_ulp_error": 0,
            "max_row": 0,
            "max_total_variation": 0.0,
            "mean_abs_logp_error": 0.0,
            "p99_abs_logp_error": 0.0,
            "right_logp": -33.237060546875
          }
        },
        {
          "bank_index": 1,
          "batch_8": {
            "left_logp": -30.628028869628906,
            "max_abs_logp_error": 1.71661376953125e-05,
            "max_abs_probability_error": 1.2859111317431449e-07,
            "max_bin": 98,
            "max_float32_ulp_error": 9,
            "max_row": 45,
            "max_total_variation": 4.0991800242228066e-07,
            "mean_abs_logp_error": 1.513793897093012e-06,
            "p99_abs_logp_error": 7.62939453125e-06,
            "right_logp": -30.6280460357666
          },
          "context_roll_contiguous": {
            "left_logp": -32.415470123291016,
            "max_abs_logp_error": 1.1444091796875e-05,
            "max_abs_probability_error": 7.72932329667908e-08,
            "max_bin": 91,
            "max_float32_ulp_error": 6,
            "max_row": 12,
            "max_total_variation": 2.9948308887429805e-07,
            "mean_abs_logp_error": 8.884742018881808e-07,
            "p99_abs_logp_error": 5.7220458984375e-06,
            "right_logp": -32.41545867919922
          },
          "context_roll_view": {
            "left_logp": -32.415470123291016,
            "max_abs_logp_error": 1.1444091796875e-05,
            "max_abs_probability_error": 7.72932329667908e-08,
            "max_bin": 91,
            "max_float32_ulp_error": 6,
            "max_row": 12,
            "max_total_variation": 2.9948308887429805e-07,
            "mean_abs_logp_error": 8.884742018881808e-07,
            "p99_abs_logp_error": 5.7220458984375e-06,
            "right_logp": -32.41545867919922
          },
          "draw_index": 1,
          "random_permutation_1": {
            "left_logp": -25.39963722229004,
            "max_abs_logp_error": 0.0,
            "max_abs_probability_error": 0.0,
            "max_bin": 0,
            "max_float32_ulp_error": 0,
            "max_row": 0,
            "max_total_variation": 0.0,
            "mean_abs_logp_error": 0.0,
            "p99_abs_logp_error": 0.0,
            "right_logp": -25.39963722229004
          },
          "random_permutation_2": {
            "left_logp": -25.39963722229004,
            "max_abs_logp_error": 0.0,
            "max_abs_probability_error": 0.0,
            "max_bin": 0,
            "max_float32_ulp_error": 0,
            "max_row": 0,
            "max_total_variation": 0.0,
            "mean_abs_logp_error": 0.0,
            "p99_abs_logp_error": 0.0,
            "right_logp": -25.39963722229004
          },
          "repeat": {
            "left_logp": -25.39963722229004,
            "max_abs_logp_error": 0.0,
            "max_abs_probability_error": 0.0,
            "max_bin": 0,
            "max_float32_ulp_error": 0,
            "max_row": 0,
            "max_total_variation": 0.0,
            "mean_abs_logp_error": 0.0,
            "p99_abs_logp_error": 0.0,
            "right_logp": -25.39963722229004
          },
          "reverse": {
            "left_logp": -25.39963722229004,
            "max_abs_logp_error": 0.0,
            "max_abs_probability_error": 0.0,
            "max_bin": 0,
            "max_float32_ulp_error": 0,
            "max_row": 0,
            "max_total_variation": 0.0,
            "mean_abs_logp_error": 0.0,
            "p99_abs_logp_error": 0.0,
            "right_logp": -25.39963722229004
          },
          "rows": 356,
          "same_shape_block_permutation": {
            "left_logp": -25.39963722229004,
            "max_abs_logp_error": 0.0,
            "max_abs_probability_error": 0.0,
            "max_bin": 0,
            "max_float32_ulp_error": 0,
            "max_row": 0,
            "max_total_variation": 0.0,
            "mean_abs_logp_error": 0.0,
            "p99_abs_logp_error": 0.0,
            "right_logp": -25.39963722229004
          }
        },
        {
          "bank_index": 2,
          "batch_8": {
            "left_logp": -34.296085357666016,
            "max_abs_logp_error": 1.9073486328125e-05,
            "max_abs_probability_error": 1.2155740933272874e-07,
            "max_bin": 90,
            "max_float32_ulp_error": 10,
            "max_row": 226,
            "max_total_variation": 4.4203061148880354e-07,
            "mean_abs_logp_error": 1.4652332789461377e-06,
            "p99_abs_logp_error": 7.62939453125e-06,
            "right_logp": -34.29606628417969
          },
          "context_roll_contiguous": {
            "left_logp": -41.07426452636719,
            "max_abs_logp_error": 1.52587890625e-05,
            "max_abs_probability_error": 7.93619464312112e-08,
            "max_bin": 2,
            "max_float32_ulp_error": 6,
            "max_row": 207,
            "max_total_variation": 2.8252708499762824e-07,
            "mean_abs_logp_error": 9.236167853986713e-07,
            "p99_abs_logp_error": 5.7220458984375e-06,
            "right_logp": -41.074249267578125
          },
          "context_roll_view": {
            "left_logp": -41.07426452636719,
            "max_abs_logp_error": 1.52587890625e-05,
            "max_abs_probability_error": 7.93619464312112e-08,
            "max_bin": 2,
            "max_float32_ulp_error": 6,
            "max_row": 207,
            "max_total_variation": 2.8252708499762824e-07,
            "mean_abs_logp_error": 9.236167853986713e-07,
            "p99_abs_logp_error": 5.7220458984375e-06,
            "right_logp": -41.074249267578125
          },
          "draw_index": 1,
          "random_permutation_1": {
            "left_logp": -32.6721305847168,
            "max_abs_logp_error": 0.0,
            "max_abs_probability_error": 0.0,
            "max_bin": 0,
            "max_float32_ulp_error": 0,
            "max_row": 0,
            "max_total_variation": 0.0,
            "mean_abs_logp_error": 0.0,
            "p99_abs_logp_error": 0.0,
            "right_logp": -32.6721305847168
          },
          "random_permutation_2": {
            "left_logp": -32.6721305847168,
            "max_abs_logp_error": 0.0,
            "max_abs_probability_error": 0.0,
            "max_bin": 0,
            "max_float32_ulp_error": 0,
            "max_row": 0,
            "max_total_variation": 0.0,
            "mean_abs_logp_error": 0.0,
            "p99_abs_logp_error": 0.0,
            "right_logp": -32.6721305847168
          },
          "repeat": {
            "left_logp": -32.6721305847168,
            "max_abs_logp_error": 0.0,
            "max_abs_probability_error": 0.0,
            "max_bin": 0,
            "max_float32_ulp_error": 0,
            "max_row": 0,
            "max_total_variation": 0.0,
            "mean_abs_logp_error": 0.0,
            "p99_abs_logp_error": 0.0,
            "right_logp": -32.6721305847168
          },
          "reverse": {
            "left_logp": -32.6721305847168,
            "max_abs_logp_error": 0.0,
            "max_abs_probability_error": 0.0,
            "max_bin": 0,
            "max_float32_ulp_error": 0,
            "max_row": 0,
            "max_total_variation": 0.0,
            "mean_abs_logp_error": 0.0,
            "p99_abs_logp_error": 0.0,
            "right_logp": -32.6721305847168
          },
          "rows": 355,
          "same_shape_block_permutation": {
            "left_logp": -32.6721305847168,
            "max_abs_logp_error": 0.0,
            "max_abs_probability_error": 0.0,
            "max_bin": 0,
            "max_float32_ulp_error": 0,
            "max_row": 0,
            "max_total_variation": 0.0,
            "mean_abs_logp_error": 0.0,
            "p99_abs_logp_error": 0.0,
            "right_logp": -32.6721305847168
          }
        },
        {
          "bank_index": 0,
          "batch_8": {
            "left_logp": -34.959495544433594,
            "max_abs_logp_error": 1.52587890625e-05,
            "max_abs_probability_error": 1.2291556752974664e-07,
            "max_bin": 0,
            "max_float32_ulp_error": 8,
            "max_row": 17,
            "max_total_variation": 3.1765512447163583e-07,
            "mean_abs_logp_error": 1.452029421088401e-06,
            "p99_abs_logp_error": 7.62939453125e-06,
            "right_logp": -34.95948028564453
          },
          "context_roll_contiguous": {
            "left_logp": -38.59891128540039,
            "max_abs_logp_error": 1.52587890625e-05,
            "max_abs_probability_error": 8.452540189995972e-08,
            "max_bin": 2,
            "max_float32_ulp_error": 6,
            "max_row": 300,
            "max_total_variation": 2.60350709063547e-07,
            "mean_abs_logp_error": 9.01928778444783e-07,
            "p99_abs_logp_error": 5.7220458984375e-06,
            "right_logp": -38.59889602661133
          },
          "context_roll_view": {
            "left_logp": -38.59891128540039,
            "max_abs_logp_error": 1.52587890625e-05,
            "max_abs_probability_error": 8.452540189995972e-08,
            "max_bin": 2,
            "max_float32_ulp_error": 6,
            "max_row": 300,
            "max_total_variation": 2.60350709063547e-07,
            "mean_abs_logp_error": 9.01928778444783e-07,
            "p99_abs_logp_error": 5.7220458984375e-06,
            "right_logp": -38.59889602661133
          },
          "draw_index": 2,
          "random_permutation_1": {
            "left_logp": -28.739038467407227,
            "max_abs_logp_error": 0.0,
            "max_abs_probability_error": 0.0,
            "max_bin": 0,
            "max_float32_ulp_error": 0,
            "max_row": 0,
            "max_total_variation": 0.0,
            "mean_abs_logp_error": 0.0,
            "p99_abs_logp_error": 0.0,
            "right_logp": -28.739038467407227
          },
          "random_permutation_2": {
            "left_logp": -28.739038467407227,
            "max_abs_logp_error": 0.0,
            "max_abs_probability_error": 0.0,
            "max_bin": 0,
            "max_float32_ulp_error": 0,
            "max_row": 0,
            "max_total_variation": 0.0,
            "mean_abs_logp_error": 0.0,
            "p99_abs_logp_error": 0.0,
            "right_logp": -28.739038467407227
          },
          "repeat": {
            "left_logp": -28.739038467407227,
            "max_abs_logp_error": 0.0,
            "max_abs_probability_error": 0.0,
            "max_bin": 0,
            "max_float32_ulp_error": 0,
            "max_row": 0,
            "max_total_variation": 0.0,
            "mean_abs_logp_error": 0.0,
            "p99_abs_logp_error": 0.0,
            "right_logp": -28.739038467407227
          },
          "reverse": {
            "left_logp": -28.739038467407227,
            "max_abs_logp_error": 0.0,
            "max_abs_probability_error": 0.0,
            "max_bin": 0,
            "max_float32_ulp_error": 0,
            "max_row": 0,
            "max_total_variation": 0.0,
            "mean_abs_logp_error": 0.0,
            "p99_abs_logp_error": 0.0,
            "right_logp": -28.739038467407227
          },
          "rows": 356,
          "same_shape_block_permutation": {
            "left_logp": -28.739038467407227,
            "max_abs_logp_error": 0.0,
            "max_abs_probability_error": 0.0,
            "max_bin": 0,
            "max_float32_ulp_error": 0,
            "max_row": 0,
            "max_total_variation": 0.0,
            "mean_abs_logp_error": 0.0,
            "p99_abs_logp_error": 0.0,
            "right_logp": -28.739038467407227
          }
        },
        {
          "bank_index": 1,
          "batch_8": {
            "left_logp": -24.659086227416992,
            "max_abs_logp_error": 1.71661376953125e-05,
            "max_abs_probability_error": 1.6534644282917288e-07,
            "max_bin": 94,
            "max_float32_ulp_error": 9,
            "max_row": 56,
            "max_total_variation": 3.6927695085065855e-07,
            "mean_abs_logp_error": 1.4582611201854234e-06,
            "p99_abs_logp_error": 7.62939453125e-06,
            "right_logp": -24.659069061279297
          },
          "context_roll_contiguous": {
            "left_logp": -37.71007537841797,
            "max_abs_logp_error": 1.1444091796875e-05,
            "max_abs_probability_error": 8.563971630459744e-08,
            "max_bin": 98,
            "max_float32_ulp_error": 6,
            "max_row": 147,
            "max_total_variation": 2.137015286749281e-07,
            "mean_abs_logp_error": 9.420112277684587e-07,
            "p99_abs_logp_error": 5.7220458984375e-06,
            "right_logp": -37.71006393432617
          },
          "context_roll_view": {
            "left_logp": -37.71007537841797,
            "max_abs_logp_error": 1.1444091796875e-05,
            "max_abs_probability_error": 8.563971630459744e-08,
            "max_bin": 98,
            "max_float32_ulp_error": 6,
            "max_row": 147,
            "max_total_variation": 2.137015286749281e-07,
            "mean_abs_logp_error": 9.420112277684587e-07,
            "p99_abs_logp_error": 5.7220458984375e-06,
            "right_logp": -37.71006393432617
          },
          "draw_index": 2,
          "random_permutation_1": {
            "left_logp": -33.342769622802734,
            "max_abs_logp_error": 0.0,
            "max_abs_probability_error": 0.0,
            "max_bin": 0,
            "max_float32_ulp_error": 0,
            "max_row": 0,
            "max_total_variation": 0.0,
            "mean_abs_logp_error": 0.0,
            "p99_abs_logp_error": 0.0,
            "right_logp": -33.342769622802734
          },
          "random_permutation_2": {
            "left_logp": -33.342769622802734,
            "max_abs_logp_error": 0.0,
            "max_abs_probability_error": 0.0,
            "max_bin": 0,
            "max_float32_ulp_error": 0,
            "max_row": 0,
            "max_total_variation": 0.0,
            "mean_abs_logp_error": 0.0,
            "p99_abs_logp_error": 0.0,
            "right_logp": -33.342769622802734
          },
          "repeat": {
            "left_logp": -33.342769622802734,
            "max_abs_logp_error": 0.0,
            "max_abs_probability_error": 0.0,
            "max_bin": 0,
            "max_float32_ulp_error": 0,
            "max_row": 0,
            "max_total_variation": 0.0,
            "mean_abs_logp_error": 0.0,
            "p99_abs_logp_error": 0.0,
            "right_logp": -33.342769622802734
          },
          "reverse": {
            "left_logp": -33.342769622802734,
            "max_abs_logp_error": 0.0,
            "max_abs_probability_error": 0.0,
            "max_bin": 0,
            "max_float32_ulp_error": 0,
            "max_row": 0,
            "max_total_variation": 0.0,
            "mean_abs_logp_error": 0.0,
            "p99_abs_logp_error": 0.0,
            "right_logp": -33.342769622802734
          },
          "rows": 356,
          "same_shape_block_permutation": {
            "left_logp": -33.342769622802734,
            "max_abs_logp_error": 0.0,
            "max_abs_probability_error": 0.0,
            "max_bin": 0,
            "max_float32_ulp_error": 0,
            "max_row": 0,
            "max_total_variation": 0.0,
            "mean_abs_logp_error": 0.0,
            "p99_abs_logp_error": 0.0,
            "right_logp": -33.342769622802734
          }
        },
        {
          "bank_index": 2,
          "batch_8": {
            "left_logp": -16.624164581298828,
            "max_abs_logp_error": 1.9073486328125e-05,
            "max_abs_probability_error": 1.5915637455177212e-07,
            "max_bin": 95,
            "max_float32_ulp_error": 11,
            "max_row": 267,
            "max_total_variation": 4.344442561378862e-07,
            "mean_abs_logp_error": 1.4659418186671298e-06,
            "p99_abs_logp_error": 7.62939453125e-06,
            "right_logp": -16.624183654785156
          },
          "context_roll_contiguous": {
            "left_logp": -38.23723220825195,
            "max_abs_logp_error": 1.1444091796875e-05,
            "max_abs_probability_error": 7.814749343471039e-08,
            "max_bin": 95,
            "max_float32_ulp_error": 7,
            "max_row": 61,
            "max_total_variation": 3.018760529535517e-07,
            "mean_abs_logp_error": 9.517165976510921e-07,
            "p99_abs_logp_error": 5.7220458984375e-06,
            "right_logp": -38.237220764160156
          },
          "context_roll_view": {
            "left_logp": -38.23723220825195,
            "max_abs_logp_error": 1.1444091796875e-05,
            "max_abs_probability_error": 7.814749343471039e-08,
            "max_bin": 95,
            "max_float32_ulp_error": 7,
            "max_row": 61,
            "max_total_variation": 3.018760529535517e-07,
            "mean_abs_logp_error": 9.517165976510921e-07,
            "p99_abs_logp_error": 5.7220458984375e-06,
            "right_logp": -38.237220764160156
          },
          "draw_index": 2,
          "random_permutation_1": {
            "left_logp": -25.446983337402344,
            "max_abs_logp_error": 0.0,
            "max_abs_probability_error": 0.0,
            "max_bin": 0,
            "max_float32_ulp_error": 0,
            "max_row": 0,
            "max_total_variation": 0.0,
            "mean_abs_logp_error": 0.0,
            "p99_abs_logp_error": 0.0,
            "right_logp": -25.446983337402344
          },
          "random_permutation_2": {
            "left_logp": -25.446983337402344,
            "max_abs_logp_error": 0.0,
            "max_abs_probability_error": 0.0,
            "max_bin": 0,
            "max_float32_ulp_error": 0,
            "max_row": 0,
            "max_total_variation": 0.0,
            "mean_abs_logp_error": 0.0,
            "p99_abs_logp_error": 0.0,
            "right_logp": -25.446983337402344
          },
          "repeat": {
            "left_logp": -25.446983337402344,
            "max_abs_logp_error": 0.0,
            "max_abs_probability_error": 0.0,
            "max_bin": 0,
            "max_float32_ulp_error": 0,
            "max_row": 0,
            "max_total_variation": 0.0,
            "mean_abs_logp_error": 0.0,
            "p99_abs_logp_error": 0.0,
            "right_logp": -25.446983337402344
          },
          "reverse": {
            "left_logp": -25.446983337402344,
            "max_abs_logp_error": 0.0,
            "max_abs_probability_error": 0.0,
            "max_bin": 0,
            "max_float32_ulp_error": 0,
            "max_row": 0,
            "max_total_variation": 0.0,
            "mean_abs_logp_error": 0.0,
            "p99_abs_logp_error": 0.0,
            "right_logp": -25.446983337402344
          },
          "rows": 355,
          "same_shape_block_permutation": {
            "left_logp": -25.446983337402344,
            "max_abs_logp_error": 0.0,
            "max_abs_probability_error": 0.0,
            "max_bin": 0,
            "max_float32_ulp_error": 0,
            "max_row": 0,
            "max_total_variation": 0.0,
            "mean_abs_logp_error": 0.0,
            "p99_abs_logp_error": 0.0,
            "right_logp": -25.446983337402344
          }
        }
      ],
      "prior": "N",
      "remainder_35": {
        "left_logp": -31.19725227355957,
        "max_abs_logp_error": 0.0,
        "max_abs_probability_error": 0.0,
        "max_bin": 0,
        "max_float32_ulp_error": 0,
        "max_row": 0,
        "max_total_variation": 0.0,
        "mean_abs_logp_error": 0.0,
        "p99_abs_logp_error": 0.0,
        "right_logp": -31.19725227355957
      },
      "remainder_36": {
        "left_logp": -31.19725227355957,
        "max_abs_logp_error": 0.0,
        "max_abs_probability_error": 0.0,
        "max_bin": 0,
        "max_float32_ulp_error": 0,
        "max_row": 0,
        "max_total_variation": 0.0,
        "mean_abs_logp_error": 0.0,
        "p99_abs_logp_error": 0.0,
        "right_logp": -31.19725227355957
      },
      "remainder_43": {
        "left_logp": -31.19725227355957,
        "max_abs_logp_error": 0.0,
        "max_abs_probability_error": 0.0,
        "max_bin": 0,
        "max_float32_ulp_error": 0,
        "max_row": 0,
        "max_total_variation": 0.0,
        "mean_abs_logp_error": 0.0,
        "p99_abs_logp_error": 0.0,
        "right_logp": -31.19725227355957
      },
      "repeat": {
        "left_logp": -31.19725227355957,
        "max_abs_logp_error": 0.0,
        "max_abs_probability_error": 0.0,
        "max_bin": 0,
        "max_float32_ulp_error": 0,
        "max_row": 0,
        "max_total_variation": 0.0,
        "mean_abs_logp_error": 0.0,
        "p99_abs_logp_error": 0.0,
        "right_logp": -31.19725227355957
      },
      "reverse_batch": {
        "left_logp": -36.0008544921875,
        "max_abs_logp_error": 1.1444091796875e-05,
        "max_abs_probability_error": 1.2708201271860453e-07,
        "max_bin": 0,
        "max_float32_ulp_error": 5,
        "max_row": 71,
        "max_total_variation": 2.2649529473673854e-07,
        "mean_abs_logp_error": 3.3832258648342556e-07,
        "p99_abs_logp_error": 5.7220458984375e-06,
        "right_logp": -36.0008430480957
      },
      "rows": 72,
      "same_shape_block_permutation": {
        "left_logp": -31.19725227355957,
        "max_abs_logp_error": 0.0,
        "max_abs_probability_error": 0.0,
        "max_bin": 0,
        "max_float32_ulp_error": 0,
        "max_row": 0,
        "max_total_variation": 0.0,
        "mean_abs_logp_error": 0.0,
        "p99_abs_logp_error": 0.0,
        "right_logp": -31.19725227355957
      },
      "seed": 0,
      "singleton": {
        "left_logp": -31.325162887573242,
        "max_abs_logp_error": 1.1444091796875e-05,
        "max_abs_probability_error": 8.297426970504951e-08,
        "max_bin": 93,
        "max_float32_ulp_error": 8,
        "max_row": 0,
        "max_total_variation": 2.475306780255699e-07,
        "mean_abs_logp_error": 1.1914637353685167e-06,
        "p99_abs_logp_error": 7.62939453125e-06,
        "right_logp": -31.325151443481445
      },
      "step": 60000
    },
    {
      "batch_8": {
        "left_logp": -25.818082809448242,
        "max_abs_logp_error": 1.52587890625e-05,
        "max_abs_probability_error": 1.0297488133026445e-07,
        "max_bin": 14,
        "max_float32_ulp_error": 8,
        "max_row": 8,
        "max_total_variation": 3.6469259464447307e-07,
        "mean_abs_logp_error": 1.534124215443929e-06,
        "p99_abs_logp_error": 7.62939453125e-06,
        "right_logp": -25.81806755065918
      },
      "checkpoint_sha256": "e2631f8bc4a67e7fa756a29d7c15ad1c4163d0d7cd215f1dd1955689df1c5b9a",
      "context_roll": {
        "left_logp": -41.039432525634766,
        "max_abs_logp_error": 1.1444091796875e-05,
        "max_abs_probability_error": 5.569232672253399e-08,
        "max_bin": 4,
        "max_float32_ulp_error": 6,
        "max_row": 33,
        "max_total_variation": 1.8031604743181557e-07,
        "mean_abs_logp_error": 1.056492328643799e-06,
        "p99_abs_logp_error": 7.62939453125e-06,
        "right_logp": -41.03944396972656
      },
      "fixed_shape_companion_replacement": {
        "left_logp": -29.99724578857422,
        "max_abs_logp_error": 0.0,
        "max_abs_probability_error": 0.0,
        "max_bin": 0,
        "max_float32_ulp_error": 0,
        "max_row": 0,
        "max_total_variation": 0.0,
        "mean_abs_logp_error": 0.0,
        "p99_abs_logp_error": 0.0,
        "right_logp": -29.99724578857422
      },
      "fixed_shape_focal_relocation": {
        "left_logp": -29.99724578857422,
        "max_abs_logp_error": 0.0,
        "max_abs_probability_error": 0.0,
        "max_bin": 0,
        "max_float32_ulp_error": 0,
        "max_row": 0,
        "max_total_variation": 0.0,
        "mean_abs_logp_error": 0.0,
        "p99_abs_logp_error": 0.0,
        "right_logp": -29.99724578857422
      },
      "full_panel_rows": 3201,
      "full_panel_shards": [
        {
          "bank_index": 0,
          "batch_8": {
            "left_logp": -34.226783752441406,
            "max_abs_logp_error": 1.9073486328125e-05,
            "max_abs_probability_error": 1.773580672326247e-07,
            "max_bin": 2,
            "max_float32_ulp_error": 12,
            "max_row": 108,
            "max_total_variation": 4.6859425765948024e-07,
            "mean_abs_logp_error": 1.6342756453524814e-06,
            "p99_abs_logp_error": 9.5367431640625e-06,
            "right_logp": -34.22676467895508
          },
          "context_roll_contiguous": {
            "left_logp": -35.84149932861328,
            "max_abs_logp_error": 1.1444091796875e-05,
            "max_abs_probability_error": 7.948453503714425e-08,
            "max_bin": 96,
            "max_float32_ulp_error": 8,
            "max_row": 85,
            "max_total_variation": 3.555804539750367e-07,
            "mean_abs_logp_error": 9.463375873779982e-07,
            "p99_abs_logp_error": 5.7220458984375e-06,
            "right_logp": -35.841487884521484
          },
          "context_roll_view": {
            "left_logp": -35.84149932861328,
            "max_abs_logp_error": 1.1444091796875e-05,
            "max_abs_probability_error": 7.948453503714425e-08,
            "max_bin": 96,
            "max_float32_ulp_error": 8,
            "max_row": 85,
            "max_total_variation": 3.555804539750367e-07,
            "mean_abs_logp_error": 9.463375873779982e-07,
            "p99_abs_logp_error": 5.7220458984375e-06,
            "right_logp": -35.841487884521484
          },
          "draw_index": 0,
          "random_permutation_1": {
            "left_logp": -29.99724578857422,
            "max_abs_logp_error": 0.0,
            "max_abs_probability_error": 0.0,
            "max_bin": 0,
            "max_float32_ulp_error": 0,
            "max_row": 0,
            "max_total_variation": 0.0,
            "mean_abs_logp_error": 0.0,
            "p99_abs_logp_error": 0.0,
            "right_logp": -29.99724578857422
          },
          "random_permutation_2": {
            "left_logp": -29.99724578857422,
            "max_abs_logp_error": 0.0,
            "max_abs_probability_error": 0.0,
            "max_bin": 0,
            "max_float32_ulp_error": 0,
            "max_row": 0,
            "max_total_variation": 0.0,
            "mean_abs_logp_error": 0.0,
            "p99_abs_logp_error": 0.0,
            "right_logp": -29.99724578857422
          },
          "repeat": {
            "left_logp": -29.99724578857422,
            "max_abs_logp_error": 0.0,
            "max_abs_probability_error": 0.0,
            "max_bin": 0,
            "max_float32_ulp_error": 0,
            "max_row": 0,
            "max_total_variation": 0.0,
            "mean_abs_logp_error": 0.0,
            "p99_abs_logp_error": 0.0,
            "right_logp": -29.99724578857422
          },
          "reverse": {
            "left_logp": -29.99724578857422,
            "max_abs_logp_error": 0.0,
            "max_abs_probability_error": 0.0,
            "max_bin": 0,
            "max_float32_ulp_error": 0,
            "max_row": 0,
            "max_total_variation": 0.0,
            "mean_abs_logp_error": 0.0,
            "p99_abs_logp_error": 0.0,
            "right_logp": -29.99724578857422
          },
          "rows": 356,
          "same_shape_block_permutation": {
            "left_logp": -29.99724578857422,
            "max_abs_logp_error": 0.0,
            "max_abs_probability_error": 0.0,
            "max_bin": 0,
            "max_float32_ulp_error": 0,
            "max_row": 0,
            "max_total_variation": 0.0,
            "mean_abs_logp_error": 0.0,
            "p99_abs_logp_error": 0.0,
            "right_logp": -29.99724578857422
          }
        },
        {
          "bank_index": 1,
          "batch_8": {
            "left_logp": -25.331438064575195,
            "max_abs_logp_error": 1.9073486328125e-05,
            "max_abs_probability_error": 1.1505362966512944e-07,
            "max_bin": 1,
            "max_float32_ulp_error": 10,
            "max_row": 83,
            "max_total_variation": 3.3277260476231637e-07,
            "mean_abs_logp_error": 1.5989716133374847e-06,
            "p99_abs_logp_error": 9.5367431640625e-06,
            "right_logp": -25.331418991088867
          },
          "context_roll_contiguous": {
            "left_logp": -37.236820220947266,
            "max_abs_logp_error": 1.52587890625e-05,
            "max_abs_probability_error": 5.998332522350047e-08,
            "max_bin": 91,
            "max_float32_ulp_error": 7,
            "max_row": 174,
            "max_total_variation": 3.1151384595527173e-07,
            "mean_abs_logp_error": 9.858005502250757e-07,
            "p99_abs_logp_error": 5.7220458984375e-06,
            "right_logp": -37.23683547973633
          },
          "context_roll_view": {
            "left_logp": -37.236820220947266,
            "max_abs_logp_error": 1.52587890625e-05,
            "max_abs_probability_error": 5.998332522350047e-08,
            "max_bin": 91,
            "max_float32_ulp_error": 7,
            "max_row": 174,
            "max_total_variation": 3.1151384595527173e-07,
            "mean_abs_logp_error": 9.858005502250757e-07,
            "p99_abs_logp_error": 5.7220458984375e-06,
            "right_logp": -37.23683547973633
          },
          "draw_index": 0,
          "random_permutation_1": {
            "left_logp": -35.15968704223633,
            "max_abs_logp_error": 0.0,
            "max_abs_probability_error": 0.0,
            "max_bin": 0,
            "max_float32_ulp_error": 0,
            "max_row": 0,
            "max_total_variation": 0.0,
            "mean_abs_logp_error": 0.0,
            "p99_abs_logp_error": 0.0,
            "right_logp": -35.15968704223633
          },
          "random_permutation_2": {
            "left_logp": -35.15968704223633,
            "max_abs_logp_error": 0.0,
            "max_abs_probability_error": 0.0,
            "max_bin": 0,
            "max_float32_ulp_error": 0,
            "max_row": 0,
            "max_total_variation": 0.0,
            "mean_abs_logp_error": 0.0,
            "p99_abs_logp_error": 0.0,
            "right_logp": -35.15968704223633
          },
          "repeat": {
            "left_logp": -35.15968704223633,
            "max_abs_logp_error": 0.0,
            "max_abs_probability_error": 0.0,
            "max_bin": 0,
            "max_float32_ulp_error": 0,
            "max_row": 0,
            "max_total_variation": 0.0,
            "mean_abs_logp_error": 0.0,
            "p99_abs_logp_error": 0.0,
            "right_logp": -35.15968704223633
          },
          "reverse": {
            "left_logp": -35.15968704223633,
            "max_abs_logp_error": 0.0,
            "max_abs_probability_error": 0.0,
            "max_bin": 0,
            "max_float32_ulp_error": 0,
            "max_row": 0,
            "max_total_variation": 0.0,
            "mean_abs_logp_error": 0.0,
            "p99_abs_logp_error": 0.0,
            "right_logp": -35.15968704223633
          },
          "rows": 356,
          "same_shape_block_permutation": {
            "left_logp": -35.15968704223633,
            "max_abs_logp_error": 0.0,
            "max_abs_probability_error": 0.0,
            "max_bin": 0,
            "max_float32_ulp_error": 0,
            "max_row": 0,
            "max_total_variation": 0.0,
            "mean_abs_logp_error": 0.0,
            "p99_abs_logp_error": 0.0,
            "right_logp": -35.15968704223633
          }
        },
        {
          "bank_index": 2,
          "batch_8": {
            "left_logp": -34.18595504760742,
            "max_abs_logp_error": 1.9073486328125e-05,
            "max_abs_probability_error": 1.2587274549058503e-07,
            "max_bin": 94,
            "max_float32_ulp_error": 9,
            "max_row": 126,
            "max_total_variation": 4.786888165529345e-07,
            "mean_abs_logp_error": 1.5767460138025417e-06,
            "p99_abs_logp_error": 7.62939453125e-06,
            "right_logp": -34.18597412109375
          },
          "context_roll_contiguous": {
            "left_logp": -28.61612319946289,
            "max_abs_logp_error": 1.1444091796875e-05,
            "max_abs_probability_error": 6.12593182708343e-08,
            "max_bin": 98,
            "max_float32_ulp_error": 8,
            "max_row": 83,
            "max_total_variation": 2.221225609128387e-07,
            "mean_abs_logp_error": 1.0224194593832527e-06,
            "p99_abs_logp_error": 5.7220458984375e-06,
            "right_logp": -28.616134643554688
          },
          "context_roll_view": {
            "left_logp": -28.61612319946289,
            "max_abs_logp_error": 1.1444091796875e-05,
            "max_abs_probability_error": 6.12593182708343e-08,
            "max_bin": 98,
            "max_float32_ulp_error": 8,
            "max_row": 83,
            "max_total_variation": 2.221225609128387e-07,
            "mean_abs_logp_error": 1.0224194593832527e-06,
            "p99_abs_logp_error": 5.7220458984375e-06,
            "right_logp": -28.616134643554688
          },
          "draw_index": 0,
          "random_permutation_1": {
            "left_logp": -32.34197998046875,
            "max_abs_logp_error": 0.0,
            "max_abs_probability_error": 0.0,
            "max_bin": 0,
            "max_float32_ulp_error": 0,
            "max_row": 0,
            "max_total_variation": 0.0,
            "mean_abs_logp_error": 0.0,
            "p99_abs_logp_error": 0.0,
            "right_logp": -32.34197998046875
          },
          "random_permutation_2": {
            "left_logp": -32.34197998046875,
            "max_abs_logp_error": 0.0,
            "max_abs_probability_error": 0.0,
            "max_bin": 0,
            "max_float32_ulp_error": 0,
            "max_row": 0,
            "max_total_variation": 0.0,
            "mean_abs_logp_error": 0.0,
            "p99_abs_logp_error": 0.0,
            "right_logp": -32.34197998046875
          },
          "repeat": {
            "left_logp": -32.34197998046875,
            "max_abs_logp_error": 0.0,
            "max_abs_probability_error": 0.0,
            "max_bin": 0,
            "max_float32_ulp_error": 0,
            "max_row": 0,
            "max_total_variation": 0.0,
            "mean_abs_logp_error": 0.0,
            "p99_abs_logp_error": 0.0,
            "right_logp": -32.34197998046875
          },
          "reverse": {
            "left_logp": -32.34197998046875,
            "max_abs_logp_error": 0.0,
            "max_abs_probability_error": 0.0,
            "max_bin": 0,
            "max_float32_ulp_error": 0,
            "max_row": 0,
            "max_total_variation": 0.0,
            "mean_abs_logp_error": 0.0,
            "p99_abs_logp_error": 0.0,
            "right_logp": -32.34197998046875
          },
          "rows": 355,
          "same_shape_block_permutation": {
            "left_logp": -32.34197998046875,
            "max_abs_logp_error": 0.0,
            "max_abs_probability_error": 0.0,
            "max_bin": 0,
            "max_float32_ulp_error": 0,
            "max_row": 0,
            "max_total_variation": 0.0,
            "mean_abs_logp_error": 0.0,
            "p99_abs_logp_error": 0.0,
            "right_logp": -32.34197998046875
          }
        },
        {
          "bank_index": 0,
          "batch_8": {
            "left_logp": -30.699132919311523,
            "max_abs_logp_error": 1.71661376953125e-05,
            "max_abs_probability_error": 1.8435488990942162e-07,
            "max_bin": 2,
            "max_float32_ulp_error": 10,
            "max_row": 334,
            "max_total_variation": 4.936470947027744e-07,
            "mean_abs_logp_error": 1.5656633323497986e-06,
            "p99_abs_logp_error": 7.62939453125e-06,
            "right_logp": -30.69915008544922
          },
          "context_roll_contiguous": {
            "left_logp": -39.01618576049805,
            "max_abs_logp_error": 1.52587890625e-05,
            "max_abs_probability_error": 9.839800921285224e-08,
            "max_bin": 4,
            "max_float32_ulp_error": 6,
            "max_row": 183,
            "max_total_variation": 2.491818850821767e-07,
            "mean_abs_logp_error": 1.0033136003472833e-06,
            "p99_abs_logp_error": 5.7220458984375e-06,
            "right_logp": -39.01620101928711
          },
          "context_roll_view": {
            "left_logp": -39.01618576049805,
            "max_abs_logp_error": 1.52587890625e-05,
            "max_abs_probability_error": 9.839800921285224e-08,
            "max_bin": 4,
            "max_float32_ulp_error": 6,
            "max_row": 183,
            "max_total_variation": 2.491818850821767e-07,
            "mean_abs_logp_error": 1.0033136003472833e-06,
            "p99_abs_logp_error": 5.7220458984375e-06,
            "right_logp": -39.01620101928711
          },
          "draw_index": 1,
          "random_permutation_1": {
            "left_logp": -33.65057373046875,
            "max_abs_logp_error": 0.0,
            "max_abs_probability_error": 0.0,
            "max_bin": 0,
            "max_float32_ulp_error": 0,
            "max_row": 0,
            "max_total_variation": 0.0,
            "mean_abs_logp_error": 0.0,
            "p99_abs_logp_error": 0.0,
            "right_logp": -33.65057373046875
          },
          "random_permutation_2": {
            "left_logp": -33.65057373046875,
            "max_abs_logp_error": 0.0,
            "max_abs_probability_error": 0.0,
            "max_bin": 0,
            "max_float32_ulp_error": 0,
            "max_row": 0,
            "max_total_variation": 0.0,
            "mean_abs_logp_error": 0.0,
            "p99_abs_logp_error": 0.0,
            "right_logp": -33.65057373046875
          },
          "repeat": {
            "left_logp": -33.65057373046875,
            "max_abs_logp_error": 0.0,
            "max_abs_probability_error": 0.0,
            "max_bin": 0,
            "max_float32_ulp_error": 0,
            "max_row": 0,
            "max_total_variation": 0.0,
            "mean_abs_logp_error": 0.0,
            "p99_abs_logp_error": 0.0,
            "right_logp": -33.65057373046875
          },
          "reverse": {
            "left_logp": -33.65057373046875,
            "max_abs_logp_error": 0.0,
            "max_abs_probability_error": 0.0,
            "max_bin": 0,
            "max_float32_ulp_error": 0,
            "max_row": 0,
            "max_total_variation": 0.0,
            "mean_abs_logp_error": 0.0,
            "p99_abs_logp_error": 0.0,
            "right_logp": -33.65057373046875
          },
          "rows": 356,
          "same_shape_block_permutation": {
            "left_logp": -33.65057373046875,
            "max_abs_logp_error": 0.0,
            "max_abs_probability_error": 0.0,
            "max_bin": 0,
            "max_float32_ulp_error": 0,
            "max_row": 0,
            "max_total_variation": 0.0,
            "mean_abs_logp_error": 0.0,
            "p99_abs_logp_error": 0.0,
            "right_logp": -33.65057373046875
          }
        },
        {
          "bank_index": 1,
          "batch_8": {
            "left_logp": -30.057350158691406,
            "max_abs_logp_error": 1.9073486328125e-05,
            "max_abs_probability_error": 1.3498975601211605e-07,
            "max_bin": 90,
            "max_float32_ulp_error": 10,
            "max_row": 239,
            "max_total_variation": 5.016324165612329e-07,
            "mean_abs_logp_error": 1.621246337890625e-06,
            "p99_abs_logp_error": 9.5367431640625e-06,
            "right_logp": -30.057369232177734
          },
          "context_roll_contiguous": {
            "left_logp": -29.078432083129883,
            "max_abs_logp_error": 1.71661376953125e-05,
            "max_abs_probability_error": 6.816068222337268e-08,
            "max_bin": 93,
            "max_float32_ulp_error": 9,
            "max_row": 103,
            "max_total_variation": 2.4948835714219075e-07,
            "mean_abs_logp_error": 9.809786014342577e-07,
            "p99_abs_logp_error": 5.7220458984375e-06,
            "right_logp": -29.078414916992188
          },
          "context_roll_view": {
            "left_logp": -29.078432083129883,
            "max_abs_logp_error": 1.71661376953125e-05,
            "max_abs_probability_error": 6.816068222337268e-08,
            "max_bin": 93,
            "max_float32_ulp_error": 9,
            "max_row": 103,
            "max_total_variation": 2.4948835714219075e-07,
            "mean_abs_logp_error": 9.809786014342577e-07,
            "p99_abs_logp_error": 5.7220458984375e-06,
            "right_logp": -29.078414916992188
          },
          "draw_index": 1,
          "random_permutation_1": {
            "left_logp": -27.601953506469727,
            "max_abs_logp_error": 0.0,
            "max_abs_probability_error": 0.0,
            "max_bin": 0,
            "max_float32_ulp_error": 0,
            "max_row": 0,
            "max_total_variation": 0.0,
            "mean_abs_logp_error": 0.0,
            "p99_abs_logp_error": 0.0,
            "right_logp": -27.601953506469727
          },
          "random_permutation_2": {
            "left_logp": -27.601953506469727,
            "max_abs_logp_error": 0.0,
            "max_abs_probability_error": 0.0,
            "max_bin": 0,
            "max_float32_ulp_error": 0,
            "max_row": 0,
            "max_total_variation": 0.0,
            "mean_abs_logp_error": 0.0,
            "p99_abs_logp_error": 0.0,
            "right_logp": -27.601953506469727
          },
          "repeat": {
            "left_logp": -27.601953506469727,
            "max_abs_logp_error": 0.0,
            "max_abs_probability_error": 0.0,
            "max_bin": 0,
            "max_float32_ulp_error": 0,
            "max_row": 0,
            "max_total_variation": 0.0,
            "mean_abs_logp_error": 0.0,
            "p99_abs_logp_error": 0.0,
            "right_logp": -27.601953506469727
          },
          "reverse": {
            "left_logp": -27.601953506469727,
            "max_abs_logp_error": 0.0,
            "max_abs_probability_error": 0.0,
            "max_bin": 0,
            "max_float32_ulp_error": 0,
            "max_row": 0,
            "max_total_variation": 0.0,
            "mean_abs_logp_error": 0.0,
            "p99_abs_logp_error": 0.0,
            "right_logp": -27.601953506469727
          },
          "rows": 356,
          "same_shape_block_permutation": {
            "left_logp": -27.601953506469727,
            "max_abs_logp_error": 0.0,
            "max_abs_probability_error": 0.0,
            "max_bin": 0,
            "max_float32_ulp_error": 0,
            "max_row": 0,
            "max_total_variation": 0.0,
            "mean_abs_logp_error": 0.0,
            "p99_abs_logp_error": 0.0,
            "right_logp": -27.601953506469727
          }
        },
        {
          "bank_index": 2,
          "batch_8": {
            "left_logp": -29.879980087280273,
            "max_abs_logp_error": 1.71661376953125e-05,
            "max_abs_probability_error": 1.3868131167049658e-07,
            "max_bin": 98,
            "max_float32_ulp_error": 9,
            "max_row": 196,
            "max_total_variation": 3.607330724322968e-07,
            "mean_abs_logp_error": 1.5831900314545967e-06,
            "p99_abs_logp_error": 7.62939453125e-06,
            "right_logp": -29.87999725341797
          },
          "context_roll_contiguous": {
            "left_logp": -38.2374267578125,
            "max_abs_logp_error": 1.1444091796875e-05,
            "max_abs_probability_error": 6.811361999425891e-08,
            "max_bin": 3,
            "max_float32_ulp_error": 7,
            "max_row": 8,
            "max_total_variation": 2.5385086918036946e-07,
            "mean_abs_logp_error": 1.045421815254319e-06,
            "p99_abs_logp_error": 5.7220458984375e-06,
            "right_logp": -38.2374382019043
          },
          "context_roll_view": {
            "left_logp": -38.2374267578125,
            "max_abs_logp_error": 1.1444091796875e-05,
            "max_abs_probability_error": 6.811361999425891e-08,
            "max_bin": 3,
            "max_float32_ulp_error": 7,
            "max_row": 8,
            "max_total_variation": 2.5385086918036946e-07,
            "mean_abs_logp_error": 1.045421815254319e-06,
            "p99_abs_logp_error": 5.7220458984375e-06,
            "right_logp": -38.2374382019043
          },
          "draw_index": 1,
          "random_permutation_1": {
            "left_logp": -33.69159698486328,
            "max_abs_logp_error": 0.0,
            "max_abs_probability_error": 0.0,
            "max_bin": 0,
            "max_float32_ulp_error": 0,
            "max_row": 0,
            "max_total_variation": 0.0,
            "mean_abs_logp_error": 0.0,
            "p99_abs_logp_error": 0.0,
            "right_logp": -33.69159698486328
          },
          "random_permutation_2": {
            "left_logp": -33.69159698486328,
            "max_abs_logp_error": 0.0,
            "max_abs_probability_error": 0.0,
            "max_bin": 0,
            "max_float32_ulp_error": 0,
            "max_row": 0,
            "max_total_variation": 0.0,
            "mean_abs_logp_error": 0.0,
            "p99_abs_logp_error": 0.0,
            "right_logp": -33.69159698486328
          },
          "repeat": {
            "left_logp": -33.69159698486328,
            "max_abs_logp_error": 0.0,
            "max_abs_probability_error": 0.0,
            "max_bin": 0,
            "max_float32_ulp_error": 0,
            "max_row": 0,
            "max_total_variation": 0.0,
            "mean_abs_logp_error": 0.0,
            "p99_abs_logp_error": 0.0,
            "right_logp": -33.69159698486328
          },
          "reverse": {
            "left_logp": -33.69159698486328,
            "max_abs_logp_error": 0.0,
            "max_abs_probability_error": 0.0,
            "max_bin": 0,
            "max_float32_ulp_error": 0,
            "max_row": 0,
            "max_total_variation": 0.0,
            "mean_abs_logp_error": 0.0,
            "p99_abs_logp_error": 0.0,
            "right_logp": -33.69159698486328
          },
          "rows": 355,
          "same_shape_block_permutation": {
            "left_logp": -33.69159698486328,
            "max_abs_logp_error": 0.0,
            "max_abs_probability_error": 0.0,
            "max_bin": 0,
            "max_float32_ulp_error": 0,
            "max_row": 0,
            "max_total_variation": 0.0,
            "mean_abs_logp_error": 0.0,
            "p99_abs_logp_error": 0.0,
            "right_logp": -33.69159698486328
          }
        },
        {
          "bank_index": 0,
          "batch_8": {
            "left_logp": -29.57021141052246,
            "max_abs_logp_error": 1.71661376953125e-05,
            "max_abs_probability_error": 1.5295351239730248e-07,
            "max_bin": 1,
            "max_float32_ulp_error": 10,
            "max_row": 84,
            "max_total_variation": 5.736729688619025e-07,
            "mean_abs_logp_error": 1.6039141108480733e-06,
            "p99_abs_logp_error": 7.62939453125e-06,
            "right_logp": -29.570194244384766
          },
          "context_roll_contiguous": {
            "left_logp": -37.5169792175293,
            "max_abs_logp_error": 1.1444091796875e-05,
            "max_abs_probability_error": 8.078468315131371e-08,
            "max_bin": 4,
            "max_float32_ulp_error": 8,
            "max_row": 148,
            "max_total_variation": 4.1635132747906213e-07,
            "mean_abs_logp_error": 1.0685907321029834e-06,
            "p99_abs_logp_error": 7.62939453125e-06,
            "right_logp": -37.516990661621094
          },
          "context_roll_view": {
            "left_logp": -37.5169792175293,
            "max_abs_logp_error": 1.1444091796875e-05,
            "max_abs_probability_error": 8.078468315131371e-08,
            "max_bin": 4,
            "max_float32_ulp_error": 8,
            "max_row": 148,
            "max_total_variation": 4.1635132747906213e-07,
            "mean_abs_logp_error": 1.0685907321029834e-06,
            "p99_abs_logp_error": 7.62939453125e-06,
            "right_logp": -37.516990661621094
          },
          "draw_index": 2,
          "random_permutation_1": {
            "left_logp": -30.52907943725586,
            "max_abs_logp_error": 0.0,
            "max_abs_probability_error": 0.0,
            "max_bin": 0,
            "max_float32_ulp_error": 0,
            "max_row": 0,
            "max_total_variation": 0.0,
            "mean_abs_logp_error": 0.0,
            "p99_abs_logp_error": 0.0,
            "right_logp": -30.52907943725586
          },
          "random_permutation_2": {
            "left_logp": -30.52907943725586,
            "max_abs_logp_error": 0.0,
            "max_abs_probability_error": 0.0,
            "max_bin": 0,
            "max_float32_ulp_error": 0,
            "max_row": 0,
            "max_total_variation": 0.0,
            "mean_abs_logp_error": 0.0,
            "p99_abs_logp_error": 0.0,
            "right_logp": -30.52907943725586
          },
          "repeat": {
            "left_logp": -30.52907943725586,
            "max_abs_logp_error": 0.0,
            "max_abs_probability_error": 0.0,
            "max_bin": 0,
            "max_float32_ulp_error": 0,
            "max_row": 0,
            "max_total_variation": 0.0,
            "mean_abs_logp_error": 0.0,
            "p99_abs_logp_error": 0.0,
            "right_logp": -30.52907943725586
          },
          "reverse": {
            "left_logp": -30.52907943725586,
            "max_abs_logp_error": 0.0,
            "max_abs_probability_error": 0.0,
            "max_bin": 0,
            "max_float32_ulp_error": 0,
            "max_row": 0,
            "max_total_variation": 0.0,
            "mean_abs_logp_error": 0.0,
            "p99_abs_logp_error": 0.0,
            "right_logp": -30.52907943725586
          },
          "rows": 356,
          "same_shape_block_permutation": {
            "left_logp": -30.52907943725586,
            "max_abs_logp_error": 0.0,
            "max_abs_probability_error": 0.0,
            "max_bin": 0,
            "max_float32_ulp_error": 0,
            "max_row": 0,
            "max_total_variation": 0.0,
            "mean_abs_logp_error": 0.0,
            "p99_abs_logp_error": 0.0,
            "right_logp": -30.52907943725586
          }
        },
        {
          "bank_index": 1,
          "batch_8": {
            "left_logp": -39.34687805175781,
            "max_abs_logp_error": 1.9073486328125e-05,
            "max_abs_probability_error": 1.7843779683002214e-07,
            "max_bin": 1,
            "max_float32_ulp_error": 10,
            "max_row": 53,
            "max_total_variation": 4.134813246185769e-07,
            "mean_abs_logp_error": 1.536805308266972e-06,
            "p99_abs_logp_error": 7.62939453125e-06,
            "right_logp": -39.34689712524414
          },
          "context_roll_contiguous": {
            "left_logp": -37.23320770263672,
            "max_abs_logp_error": 1.9073486328125e-05,
            "max_abs_probability_error": 1.044171231007196e-07,
            "max_bin": 94,
            "max_float32_ulp_error": 9,
            "max_row": 250,
            "max_total_variation": 4.4336420757658526e-07,
            "mean_abs_logp_error": 9.756845034910051e-07,
            "p99_abs_logp_error": 5.7220458984375e-06,
            "right_logp": -37.23322677612305
          },
          "context_roll_view": {
            "left_logp": -37.23320770263672,
            "max_abs_logp_error": 1.9073486328125e-05,
            "max_abs_probability_error": 1.044171231007196e-07,
            "max_bin": 94,
            "max_float32_ulp_error": 9,
            "max_row": 250,
            "max_total_variation": 4.4336420757658526e-07,
            "mean_abs_logp_error": 9.756845034910051e-07,
            "p99_abs_logp_error": 5.7220458984375e-06,
            "right_logp": -37.23322677612305
          },
          "draw_index": 2,
          "random_permutation_1": {
            "left_logp": -34.12741470336914,
            "max_abs_logp_error": 0.0,
            "max_abs_probability_error": 0.0,
            "max_bin": 0,
            "max_float32_ulp_error": 0,
            "max_row": 0,
            "max_total_variation": 0.0,
            "mean_abs_logp_error": 0.0,
            "p99_abs_logp_error": 0.0,
            "right_logp": -34.12741470336914
          },
          "random_permutation_2": {
            "left_logp": -34.12741470336914,
            "max_abs_logp_error": 0.0,
            "max_abs_probability_error": 0.0,
            "max_bin": 0,
            "max_float32_ulp_error": 0,
            "max_row": 0,
            "max_total_variation": 0.0,
            "mean_abs_logp_error": 0.0,
            "p99_abs_logp_error": 0.0,
            "right_logp": -34.12741470336914
          },
          "repeat": {
            "left_logp": -34.12741470336914,
            "max_abs_logp_error": 0.0,
            "max_abs_probability_error": 0.0,
            "max_bin": 0,
            "max_float32_ulp_error": 0,
            "max_row": 0,
            "max_total_variation": 0.0,
            "mean_abs_logp_error": 0.0,
            "p99_abs_logp_error": 0.0,
            "right_logp": -34.12741470336914
          },
          "reverse": {
            "left_logp": -34.12741470336914,
            "max_abs_logp_error": 0.0,
            "max_abs_probability_error": 0.0,
            "max_bin": 0,
            "max_float32_ulp_error": 0,
            "max_row": 0,
            "max_total_variation": 0.0,
            "mean_abs_logp_error": 0.0,
            "p99_abs_logp_error": 0.0,
            "right_logp": -34.12741470336914
          },
          "rows": 356,
          "same_shape_block_permutation": {
            "left_logp": -34.12741470336914,
            "max_abs_logp_error": 0.0,
            "max_abs_probability_error": 0.0,
            "max_bin": 0,
            "max_float32_ulp_error": 0,
            "max_row": 0,
            "max_total_variation": 0.0,
            "mean_abs_logp_error": 0.0,
            "p99_abs_logp_error": 0.0,
            "right_logp": -34.12741470336914
          }
        },
        {
          "bank_index": 2,
          "batch_8": {
            "left_logp": -32.021484375,
            "max_abs_logp_error": 1.9073486328125e-05,
            "max_abs_probability_error": 1.2721528751258315e-07,
            "max_bin": 90,
            "max_float32_ulp_error": 12,
            "max_row": 35,
            "max_total_variation": 4.196213960501716e-07,
            "mean_abs_logp_error": 1.7531253922153526e-06,
            "p99_abs_logp_error": 9.5367431640625e-06,
            "right_logp": -32.02150344848633
          },
          "context_roll_contiguous": {
            "left_logp": -38.68174743652344,
            "max_abs_logp_error": 1.52587890625e-05,
            "max_abs_probability_error": 7.186073111564717e-08,
            "max_bin": 3,
            "max_float32_ulp_error": 6,
            "max_row": 138,
            "max_total_variation": 2.873009022831983e-07,
            "mean_abs_logp_error": 1.0209083557128906e-06,
            "p99_abs_logp_error": 5.7220458984375e-06,
            "right_logp": -38.6817626953125
          },
          "context_roll_view": {
            "left_logp": -38.68174743652344,
            "max_abs_logp_error": 1.52587890625e-05,
            "max_abs_probability_error": 7.186073111564717e-08,
            "max_bin": 3,
            "max_float32_ulp_error": 6,
            "max_row": 138,
            "max_total_variation": 2.873009022831983e-07,
            "mean_abs_logp_error": 1.0209083557128906e-06,
            "p99_abs_logp_error": 5.7220458984375e-06,
            "right_logp": -38.6817626953125
          },
          "draw_index": 2,
          "random_permutation_1": {
            "left_logp": -24.928335189819336,
            "max_abs_logp_error": 0.0,
            "max_abs_probability_error": 0.0,
            "max_bin": 0,
            "max_float32_ulp_error": 0,
            "max_row": 0,
            "max_total_variation": 0.0,
            "mean_abs_logp_error": 0.0,
            "p99_abs_logp_error": 0.0,
            "right_logp": -24.928335189819336
          },
          "random_permutation_2": {
            "left_logp": -24.928335189819336,
            "max_abs_logp_error": 0.0,
            "max_abs_probability_error": 0.0,
            "max_bin": 0,
            "max_float32_ulp_error": 0,
            "max_row": 0,
            "max_total_variation": 0.0,
            "mean_abs_logp_error": 0.0,
            "p99_abs_logp_error": 0.0,
            "right_logp": -24.928335189819336
          },
          "repeat": {
            "left_logp": -24.928335189819336,
            "max_abs_logp_error": 0.0,
            "max_abs_probability_error": 0.0,
            "max_bin": 0,
            "max_float32_ulp_error": 0,
            "max_row": 0,
            "max_total_variation": 0.0,
            "mean_abs_logp_error": 0.0,
            "p99_abs_logp_error": 0.0,
            "right_logp": -24.928335189819336
          },
          "reverse": {
            "left_logp": -24.928335189819336,
            "max_abs_logp_error": 0.0,
            "max_abs_probability_error": 0.0,
            "max_bin": 0,
            "max_float32_ulp_error": 0,
            "max_row": 0,
            "max_total_variation": 0.0,
            "mean_abs_logp_error": 0.0,
            "p99_abs_logp_error": 0.0,
            "right_logp": -24.928335189819336
          },
          "rows": 355,
          "same_shape_block_permutation": {
            "left_logp": -24.928335189819336,
            "max_abs_logp_error": 0.0,
            "max_abs_probability_error": 0.0,
            "max_bin": 0,
            "max_float32_ulp_error": 0,
            "max_row": 0,
            "max_total_variation": 0.0,
            "mean_abs_logp_error": 0.0,
            "p99_abs_logp_error": 0.0,
            "right_logp": -24.928335189819336
          }
        }
      ],
      "prior": "N",
      "remainder_35": {
        "left_logp": -29.99724578857422,
        "max_abs_logp_error": 0.0,
        "max_abs_probability_error": 0.0,
        "max_bin": 0,
        "max_float32_ulp_error": 0,
        "max_row": 0,
        "max_total_variation": 0.0,
        "mean_abs_logp_error": 0.0,
        "p99_abs_logp_error": 0.0,
        "right_logp": -29.99724578857422
      },
      "remainder_36": {
        "left_logp": -29.99724578857422,
        "max_abs_logp_error": 0.0,
        "max_abs_probability_error": 0.0,
        "max_bin": 0,
        "max_float32_ulp_error": 0,
        "max_row": 0,
        "max_total_variation": 0.0,
        "mean_abs_logp_error": 0.0,
        "p99_abs_logp_error": 0.0,
        "right_logp": -29.99724578857422
      },
      "remainder_43": {
        "left_logp": -29.99724578857422,
        "max_abs_logp_error": 0.0,
        "max_abs_probability_error": 0.0,
        "max_bin": 0,
        "max_float32_ulp_error": 0,
        "max_row": 0,
        "max_total_variation": 0.0,
        "mean_abs_logp_error": 0.0,
        "p99_abs_logp_error": 0.0,
        "right_logp": -29.99724578857422
      },
      "repeat": {
        "left_logp": -29.99724578857422,
        "max_abs_logp_error": 0.0,
        "max_abs_probability_error": 0.0,
        "max_bin": 0,
        "max_float32_ulp_error": 0,
        "max_row": 0,
        "max_total_variation": 0.0,
        "mean_abs_logp_error": 0.0,
        "p99_abs_logp_error": 0.0,
        "right_logp": -29.99724578857422
      },
      "reverse_batch": {
        "left_logp": -39.79541015625,
        "max_abs_logp_error": 1.1444091796875e-05,
        "max_abs_probability_error": 8.353850006193042e-08,
        "max_bin": 6,
        "max_float32_ulp_error": 6,
        "max_row": 68,
        "max_total_variation": 2.918849988710804e-07,
        "mean_abs_logp_error": 3.5742918650309247e-07,
        "p99_abs_logp_error": 5.7220458984375e-06,
        "right_logp": -39.7954216003418
      },
      "rows": 72,
      "same_shape_block_permutation": {
        "left_logp": -29.99724578857422,
        "max_abs_logp_error": 0.0,
        "max_abs_probability_error": 0.0,
        "max_bin": 0,
        "max_float32_ulp_error": 0,
        "max_row": 0,
        "max_total_variation": 0.0,
        "mean_abs_logp_error": 0.0,
        "p99_abs_logp_error": 0.0,
        "right_logp": -29.99724578857422
      },
      "seed": 0,
      "singleton": {
        "left_logp": -29.375198364257812,
        "max_abs_logp_error": 1.71661376953125e-05,
        "max_abs_probability_error": 1.0963980660860795e-07,
        "max_bin": 2,
        "max_float32_ulp_error": 10,
        "max_row": 13,
        "max_total_variation": 3.630154614167666e-07,
        "mean_abs_logp_error": 1.5960799323187934e-06,
        "p99_abs_logp_error": 7.62939453125e-06,
        "right_logp": -29.375181198120117
      },
      "step": 120000
    },
    {
      "batch_8": {
        "left_logp": -24.7957820892334,
        "max_abs_logp_error": 9.5367431640625e-06,
        "max_abs_probability_error": 1.045948940375796e-07,
        "max_bin": 0,
        "max_float32_ulp_error": 8,
        "max_row": 9,
        "max_total_variation": 3.150583278595183e-07,
        "mean_abs_logp_error": 1.0562439759572348e-06,
        "p99_abs_logp_error": 5.7220458984375e-06,
        "right_logp": -24.795791625976562
      },
      "checkpoint_sha256": "6c23d58f0fec1c0862cbd470f7280b8fbe95ab2d4b7e704741b7c6383c095ad4",
      "context_roll": {
        "left_logp": -20.6440372467041,
        "max_abs_logp_error": 7.62939453125e-06,
        "max_abs_probability_error": 6.092803299384553e-08,
        "max_bin": 95,
        "max_float32_ulp_error": 7,
        "max_row": 32,
        "max_total_variation": 2.9304735993093526e-07,
        "mean_abs_logp_error": 7.786684566073947e-07,
        "p99_abs_logp_error": 3.814697265625e-06,
        "right_logp": -20.644044876098633
      },
      "fixed_shape_companion_replacement": {
        "left_logp": -23.432035446166992,
        "max_abs_logp_error": 0.0,
        "max_abs_probability_error": 0.0,
        "max_bin": 0,
        "max_float32_ulp_error": 0,
        "max_row": 0,
        "max_total_variation": 0.0,
        "mean_abs_logp_error": 0.0,
        "p99_abs_logp_error": 0.0,
        "right_logp": -23.432035446166992
      },
      "fixed_shape_focal_relocation": {
        "left_logp": -23.432035446166992,
        "max_abs_logp_error": 0.0,
        "max_abs_probability_error": 0.0,
        "max_bin": 0,
        "max_float32_ulp_error": 0,
        "max_row": 0,
        "max_total_variation": 0.0,
        "mean_abs_logp_error": 0.0,
        "p99_abs_logp_error": 0.0,
        "right_logp": -23.432035446166992
      },
      "full_panel_rows": 3201,
      "full_panel_shards": [
        {
          "bank_index": 0,
          "batch_8": {
            "left_logp": -24.581645965576172,
            "max_abs_logp_error": 1.1444091796875e-05,
            "max_abs_probability_error": 1.4638746428929927e-07,
            "max_bin": 91,
            "max_float32_ulp_error": 9,
            "max_row": 283,
            "max_total_variation": 3.525756692302634e-07,
            "mean_abs_logp_error": 1.129782601688685e-06,
            "p99_abs_logp_error": 5.7220458984375e-06,
            "right_logp": -24.581634521484375
          },
          "context_roll_contiguous": {
            "left_logp": -23.90166473388672,
            "max_abs_logp_error": 9.5367431640625e-06,
            "max_abs_probability_error": 7.529342897771851e-08,
            "max_bin": 99,
            "max_float32_ulp_error": 7,
            "max_row": 112,
            "max_total_variation": 3.882304456930595e-07,
            "mean_abs_logp_error": 7.820095908775758e-07,
            "p99_abs_logp_error": 3.814697265625e-06,
            "right_logp": -23.901674270629883
          },
          "context_roll_view": {
            "left_logp": -23.90166473388672,
            "max_abs_logp_error": 9.5367431640625e-06,
            "max_abs_probability_error": 7.529342897771851e-08,
            "max_bin": 99,
            "max_float32_ulp_error": 7,
            "max_row": 112,
            "max_total_variation": 3.882304456930595e-07,
            "mean_abs_logp_error": 7.820095908775758e-07,
            "p99_abs_logp_error": 3.814697265625e-06,
            "right_logp": -23.901674270629883
          },
          "draw_index": 0,
          "random_permutation_1": {
            "left_logp": -23.432035446166992,
            "max_abs_logp_error": 0.0,
            "max_abs_probability_error": 0.0,
            "max_bin": 0,
            "max_float32_ulp_error": 0,
            "max_row": 0,
            "max_total_variation": 0.0,
            "mean_abs_logp_error": 0.0,
            "p99_abs_logp_error": 0.0,
            "right_logp": -23.432035446166992
          },
          "random_permutation_2": {
            "left_logp": -23.432035446166992,
            "max_abs_logp_error": 0.0,
            "max_abs_probability_error": 0.0,
            "max_bin": 0,
            "max_float32_ulp_error": 0,
            "max_row": 0,
            "max_total_variation": 0.0,
            "mean_abs_logp_error": 0.0,
            "p99_abs_logp_error": 0.0,
            "right_logp": -23.432035446166992
          },
          "repeat": {
            "left_logp": -23.432035446166992,
            "max_abs_logp_error": 0.0,
            "max_abs_probability_error": 0.0,
            "max_bin": 0,
            "max_float32_ulp_error": 0,
            "max_row": 0,
            "max_total_variation": 0.0,
            "mean_abs_logp_error": 0.0,
            "p99_abs_logp_error": 0.0,
            "right_logp": -23.432035446166992
          },
          "reverse": {
            "left_logp": -23.432035446166992,
            "max_abs_logp_error": 0.0,
            "max_abs_probability_error": 0.0,
            "max_bin": 0,
            "max_float32_ulp_error": 0,
            "max_row": 0,
            "max_total_variation": 0.0,
            "mean_abs_logp_error": 0.0,
            "p99_abs_logp_error": 0.0,
            "right_logp": -23.432035446166992
          },
          "rows": 356,
          "same_shape_block_permutation": {
            "left_logp": -23.432035446166992,
            "max_abs_logp_error": 0.0,
            "max_abs_probability_error": 0.0,
            "max_bin": 0,
            "max_float32_ulp_error": 0,
            "max_row": 0,
            "max_total_variation": 0.0,
            "mean_abs_logp_error": 0.0,
            "p99_abs_logp_error": 0.0,
            "right_logp": -23.432035446166992
          }
        },
        {
          "bank_index": 1,
          "batch_8": {
            "left_logp": -21.88961410522461,
            "max_abs_logp_error": 1.1444091796875e-05,
            "max_abs_probability_error": 1.1880760102112031e-07,
            "max_bin": 5,
            "max_float32_ulp_error": 9,
            "max_row": 257,
            "max_total_variation": 3.460817160462908e-07,
            "mean_abs_logp_error": 1.2097264943497905e-06,
            "p99_abs_logp_error": 5.7220458984375e-06,
            "right_logp": -21.889625549316406
          },
          "context_roll_contiguous": {
            "left_logp": -21.943254470825195,
            "max_abs_logp_error": 9.5367431640625e-06,
            "max_abs_probability_error": 6.468881538768123e-08,
            "max_bin": 2,
            "max_float32_ulp_error": 6,
            "max_row": 101,
            "max_total_variation": 2.404169922508994e-07,
            "mean_abs_logp_error": 7.661775256810564e-07,
            "p99_abs_logp_error": 3.814697265625e-06,
            "right_logp": -21.94326400756836
          },
          "context_roll_view": {
            "left_logp": -21.943254470825195,
            "max_abs_logp_error": 9.5367431640625e-06,
            "max_abs_probability_error": 6.468881538768123e-08,
            "max_bin": 2,
            "max_float32_ulp_error": 6,
            "max_row": 101,
            "max_total_variation": 2.404169922508994e-07,
            "mean_abs_logp_error": 7.661775256810564e-07,
            "p99_abs_logp_error": 3.814697265625e-06,
            "right_logp": -21.94326400756836
          },
          "draw_index": 0,
          "random_permutation_1": {
            "left_logp": -24.434127807617188,
            "max_abs_logp_error": 0.0,
            "max_abs_probability_error": 0.0,
            "max_bin": 0,
            "max_float32_ulp_error": 0,
            "max_row": 0,
            "max_total_variation": 0.0,
            "mean_abs_logp_error": 0.0,
            "p99_abs_logp_error": 0.0,
            "right_logp": -24.434127807617188
          },
          "random_permutation_2": {
            "left_logp": -24.434127807617188,
            "max_abs_logp_error": 0.0,
            "max_abs_probability_error": 0.0,
            "max_bin": 0,
            "max_float32_ulp_error": 0,
            "max_row": 0,
            "max_total_variation": 0.0,
            "mean_abs_logp_error": 0.0,
            "p99_abs_logp_error": 0.0,
            "right_logp": -24.434127807617188
          },
          "repeat": {
            "left_logp": -24.434127807617188,
            "max_abs_logp_error": 0.0,
            "max_abs_probability_error": 0.0,
            "max_bin": 0,
            "max_float32_ulp_error": 0,
            "max_row": 0,
            "max_total_variation": 0.0,
            "mean_abs_logp_error": 0.0,
            "p99_abs_logp_error": 0.0,
            "right_logp": -24.434127807617188
          },
          "reverse": {
            "left_logp": -24.434127807617188,
            "max_abs_logp_error": 0.0,
            "max_abs_probability_error": 0.0,
            "max_bin": 0,
            "max_float32_ulp_error": 0,
            "max_row": 0,
            "max_total_variation": 0.0,
            "mean_abs_logp_error": 0.0,
            "p99_abs_logp_error": 0.0,
            "right_logp": -24.434127807617188
          },
          "rows": 356,
          "same_shape_block_permutation": {
            "left_logp": -24.434127807617188,
            "max_abs_logp_error": 0.0,
            "max_abs_probability_error": 0.0,
            "max_bin": 0,
            "max_float32_ulp_error": 0,
            "max_row": 0,
            "max_total_variation": 0.0,
            "mean_abs_logp_error": 0.0,
            "p99_abs_logp_error": 0.0,
            "right_logp": -24.434127807617188
          }
        },
        {
          "bank_index": 2,
          "batch_8": {
            "left_logp": -22.869007110595703,
            "max_abs_logp_error": 1.1444091796875e-05,
            "max_abs_probability_error": 1.2466477843087187e-07,
            "max_bin": 2,
            "max_float32_ulp_error": 9,
            "max_row": 120,
            "max_total_variation": 5.517884360199218e-07,
            "mean_abs_logp_error": 1.1910015428569955e-06,
            "p99_abs_logp_error": 5.7220458984375e-06,
            "right_logp": -22.8690185546875
          },
          "context_roll_contiguous": {
            "left_logp": -18.17140007019043,
            "max_abs_logp_error": 9.5367431640625e-06,
            "max_abs_probability_error": 1.2087037774832776e-07,
            "max_bin": 92,
            "max_float32_ulp_error": 7,
            "max_row": 121,
            "max_total_variation": 3.779696370818035e-07,
            "mean_abs_logp_error": 7.868988413206288e-07,
            "p99_abs_logp_error": 3.814697265625e-06,
            "right_logp": -18.171409606933594
          },
          "context_roll_view": {
            "left_logp": -18.17140007019043,
            "max_abs_logp_error": 9.5367431640625e-06,
            "max_abs_probability_error": 1.2087037774832776e-07,
            "max_bin": 92,
            "max_float32_ulp_error": 7,
            "max_row": 121,
            "max_total_variation": 3.779696370818035e-07,
            "mean_abs_logp_error": 7.868988413206288e-07,
            "p99_abs_logp_error": 3.814697265625e-06,
            "right_logp": -18.171409606933594
          },
          "draw_index": 0,
          "random_permutation_1": {
            "left_logp": -22.961883544921875,
            "max_abs_logp_error": 0.0,
            "max_abs_probability_error": 0.0,
            "max_bin": 0,
            "max_float32_ulp_error": 0,
            "max_row": 0,
            "max_total_variation": 0.0,
            "mean_abs_logp_error": 0.0,
            "p99_abs_logp_error": 0.0,
            "right_logp": -22.961883544921875
          },
          "random_permutation_2": {
            "left_logp": -22.961883544921875,
            "max_abs_logp_error": 0.0,
            "max_abs_probability_error": 0.0,
            "max_bin": 0,
            "max_float32_ulp_error": 0,
            "max_row": 0,
            "max_total_variation": 0.0,
            "mean_abs_logp_error": 0.0,
            "p99_abs_logp_error": 0.0,
            "right_logp": -22.961883544921875
          },
          "repeat": {
            "left_logp": -22.961883544921875,
            "max_abs_logp_error": 0.0,
            "max_abs_probability_error": 0.0,
            "max_bin": 0,
            "max_float32_ulp_error": 0,
            "max_row": 0,
            "max_total_variation": 0.0,
            "mean_abs_logp_error": 0.0,
            "p99_abs_logp_error": 0.0,
            "right_logp": -22.961883544921875
          },
          "reverse": {
            "left_logp": -22.961883544921875,
            "max_abs_logp_error": 0.0,
            "max_abs_probability_error": 0.0,
            "max_bin": 0,
            "max_float32_ulp_error": 0,
            "max_row": 0,
            "max_total_variation": 0.0,
            "mean_abs_logp_error": 0.0,
            "p99_abs_logp_error": 0.0,
            "right_logp": -22.961883544921875
          },
          "rows": 355,
          "same_shape_block_permutation": {
            "left_logp": -22.961883544921875,
            "max_abs_logp_error": 0.0,
            "max_abs_probability_error": 0.0,
            "max_bin": 0,
            "max_float32_ulp_error": 0,
            "max_row": 0,
            "max_total_variation": 0.0,
            "mean_abs_logp_error": 0.0,
            "p99_abs_logp_error": 0.0,
            "right_logp": -22.961883544921875
          }
        },
        {
          "bank_index": 0,
          "batch_8": {
            "left_logp": -19.222244262695312,
            "max_abs_logp_error": 1.33514404296875e-05,
            "max_abs_probability_error": 1.0787547705115585e-07,
            "max_bin": 90,
            "max_float32_ulp_error": 12,
            "max_row": 113,
            "max_total_variation": 3.9864290337161646e-07,
            "mean_abs_logp_error": 1.1988637152682529e-06,
            "p99_abs_logp_error": 5.7220458984375e-06,
            "right_logp": -19.222257614135742
          },
          "context_roll_contiguous": {
            "left_logp": -24.177600860595703,
            "max_abs_logp_error": 9.5367431640625e-06,
            "max_abs_probability_error": 7.43355506593879e-08,
            "max_bin": 95,
            "max_float32_ulp_error": 7,
            "max_row": 200,
            "max_total_variation": 3.2468199938551907e-07,
            "mean_abs_logp_error": 7.715586865885874e-07,
            "p99_abs_logp_error": 3.814697265625e-06,
            "right_logp": -24.17759132385254
          },
          "context_roll_view": {
            "left_logp": -24.177600860595703,
            "max_abs_logp_error": 9.5367431640625e-06,
            "max_abs_probability_error": 7.43355506593879e-08,
            "max_bin": 95,
            "max_float32_ulp_error": 7,
            "max_row": 200,
            "max_total_variation": 3.2468199938551907e-07,
            "mean_abs_logp_error": 7.715586865885874e-07,
            "p99_abs_logp_error": 3.814697265625e-06,
            "right_logp": -24.17759132385254
          },
          "draw_index": 1,
          "random_permutation_1": {
            "left_logp": -24.48052215576172,
            "max_abs_logp_error": 0.0,
            "max_abs_probability_error": 0.0,
            "max_bin": 0,
            "max_float32_ulp_error": 0,
            "max_row": 0,
            "max_total_variation": 0.0,
            "mean_abs_logp_error": 0.0,
            "p99_abs_logp_error": 0.0,
            "right_logp": -24.48052215576172
          },
          "random_permutation_2": {
            "left_logp": -24.48052215576172,
            "max_abs_logp_error": 0.0,
            "max_abs_probability_error": 0.0,
            "max_bin": 0,
            "max_float32_ulp_error": 0,
            "max_row": 0,
            "max_total_variation": 0.0,
            "mean_abs_logp_error": 0.0,
            "p99_abs_logp_error": 0.0,
            "right_logp": -24.48052215576172
          },
          "repeat": {
            "left_logp": -24.48052215576172,
            "max_abs_logp_error": 0.0,
            "max_abs_probability_error": 0.0,
            "max_bin": 0,
            "max_float32_ulp_error": 0,
            "max_row": 0,
            "max_total_variation": 0.0,
            "mean_abs_logp_error": 0.0,
            "p99_abs_logp_error": 0.0,
            "right_logp": -24.48052215576172
          },
          "reverse": {
            "left_logp": -24.48052215576172,
            "max_abs_logp_error": 0.0,
            "max_abs_probability_error": 0.0,
            "max_bin": 0,
            "max_float32_ulp_error": 0,
            "max_row": 0,
            "max_total_variation": 0.0,
            "mean_abs_logp_error": 0.0,
            "p99_abs_logp_error": 0.0,
            "right_logp": -24.48052215576172
          },
          "rows": 356,
          "same_shape_block_permutation": {
            "left_logp": -24.48052215576172,
            "max_abs_logp_error": 0.0,
            "max_abs_probability_error": 0.0,
            "max_bin": 0,
            "max_float32_ulp_error": 0,
            "max_row": 0,
            "max_total_variation": 0.0,
            "mean_abs_logp_error": 0.0,
            "p99_abs_logp_error": 0.0,
            "right_logp": -24.48052215576172
          }
        },
        {
          "bank_index": 1,
          "batch_8": {
            "left_logp": -27.85390853881836,
            "max_abs_logp_error": 1.33514404296875e-05,
            "max_abs_probability_error": 1.431331390772117e-07,
            "max_bin": 8,
            "max_float32_ulp_error": 11,
            "max_row": 310,
            "max_total_variation": 4.266529980167094e-07,
            "mean_abs_logp_error": 1.2112233076202736e-06,
            "p99_abs_logp_error": 5.7220458984375e-06,
            "right_logp": -27.85392189025879
          },
          "context_roll_contiguous": {
            "left_logp": -24.750537872314453,
            "max_abs_logp_error": 9.5367431640625e-06,
            "max_abs_probability_error": 8.01438192477022e-08,
            "max_bin": 7,
            "max_float32_ulp_error": 7,
            "max_row": 303,
            "max_total_variation": 3.826280842995769e-07,
            "mean_abs_logp_error": 7.705373710460877e-07,
            "p99_abs_logp_error": 3.814697265625e-06,
            "right_logp": -24.75052833557129
          },
          "context_roll_view": {
            "left_logp": -24.750537872314453,
            "max_abs_logp_error": 9.5367431640625e-06,
            "max_abs_probability_error": 8.01438192477022e-08,
            "max_bin": 7,
            "max_float32_ulp_error": 7,
            "max_row": 303,
            "max_total_variation": 3.826280842995769e-07,
            "mean_abs_logp_error": 7.705373710460877e-07,
            "p99_abs_logp_error": 3.814697265625e-06,
            "right_logp": -24.75052833557129
          },
          "draw_index": 1,
          "random_permutation_1": {
            "left_logp": -21.950653076171875,
            "max_abs_logp_error": 0.0,
            "max_abs_probability_error": 0.0,
            "max_bin": 0,
            "max_float32_ulp_error": 0,
            "max_row": 0,
            "max_total_variation": 0.0,
            "mean_abs_logp_error": 0.0,
            "p99_abs_logp_error": 0.0,
            "right_logp": -21.950653076171875
          },
          "random_permutation_2": {
            "left_logp": -21.950653076171875,
            "max_abs_logp_error": 0.0,
            "max_abs_probability_error": 0.0,
            "max_bin": 0,
            "max_float32_ulp_error": 0,
            "max_row": 0,
            "max_total_variation": 0.0,
            "mean_abs_logp_error": 0.0,
            "p99_abs_logp_error": 0.0,
            "right_logp": -21.950653076171875
          },
          "repeat": {
            "left_logp": -21.950653076171875,
            "max_abs_logp_error": 0.0,
            "max_abs_probability_error": 0.0,
            "max_bin": 0,
            "max_float32_ulp_error": 0,
            "max_row": 0,
            "max_total_variation": 0.0,
            "mean_abs_logp_error": 0.0,
            "p99_abs_logp_error": 0.0,
            "right_logp": -21.950653076171875
          },
          "reverse": {
            "left_logp": -21.950653076171875,
            "max_abs_logp_error": 0.0,
            "max_abs_probability_error": 0.0,
            "max_bin": 0,
            "max_float32_ulp_error": 0,
            "max_row": 0,
            "max_total_variation": 0.0,
            "mean_abs_logp_error": 0.0,
            "p99_abs_logp_error": 0.0,
            "right_logp": -21.950653076171875
          },
          "rows": 356,
          "same_shape_block_permutation": {
            "left_logp": -21.950653076171875,
            "max_abs_logp_error": 0.0,
            "max_abs_probability_error": 0.0,
            "max_bin": 0,
            "max_float32_ulp_error": 0,
            "max_row": 0,
            "max_total_variation": 0.0,
            "mean_abs_logp_error": 0.0,
            "p99_abs_logp_error": 0.0,
            "right_logp": -21.950653076171875
          }
        },
        {
          "bank_index": 2,
          "batch_8": {
            "left_logp": -25.05488395690918,
            "max_abs_logp_error": 1.1444091796875e-05,
            "max_abs_probability_error": 1.519881515157917e-07,
            "max_bin": 99,
            "max_float32_ulp_error": 14,
            "max_row": 137,
            "max_total_variation": 7.232007695000667e-07,
            "mean_abs_logp_error": 1.1576195837746205e-06,
            "p99_abs_logp_error": 5.7220458984375e-06,
            "right_logp": -25.054872512817383
          },
          "context_roll_contiguous": {
            "left_logp": -23.82170867919922,
            "max_abs_logp_error": 9.5367431640625e-06,
            "max_abs_probability_error": 8.33412592271543e-08,
            "max_bin": 5,
            "max_float32_ulp_error": 7,
            "max_row": 191,
            "max_total_variation": 3.1491581659622594e-07,
            "mean_abs_logp_error": 8.022818766849142e-07,
            "p99_abs_logp_error": 3.814697265625e-06,
            "right_logp": -23.821699142456055
          },
          "context_roll_view": {
            "left_logp": -23.82170867919922,
            "max_abs_logp_error": 9.5367431640625e-06,
            "max_abs_probability_error": 8.33412592271543e-08,
            "max_bin": 5,
            "max_float32_ulp_error": 7,
            "max_row": 191,
            "max_total_variation": 3.1491581659622594e-07,
            "mean_abs_logp_error": 8.022818766849142e-07,
            "p99_abs_logp_error": 3.814697265625e-06,
            "right_logp": -23.821699142456055
          },
          "draw_index": 1,
          "random_permutation_1": {
            "left_logp": -23.290325164794922,
            "max_abs_logp_error": 0.0,
            "max_abs_probability_error": 0.0,
            "max_bin": 0,
            "max_float32_ulp_error": 0,
            "max_row": 0,
            "max_total_variation": 0.0,
            "mean_abs_logp_error": 0.0,
            "p99_abs_logp_error": 0.0,
            "right_logp": -23.290325164794922
          },
          "random_permutation_2": {
            "left_logp": -23.290325164794922,
            "max_abs_logp_error": 0.0,
            "max_abs_probability_error": 0.0,
            "max_bin": 0,
            "max_float32_ulp_error": 0,
            "max_row": 0,
            "max_total_variation": 0.0,
            "mean_abs_logp_error": 0.0,
            "p99_abs_logp_error": 0.0,
            "right_logp": -23.290325164794922
          },
          "repeat": {
            "left_logp": -23.290325164794922,
            "max_abs_logp_error": 0.0,
            "max_abs_probability_error": 0.0,
            "max_bin": 0,
            "max_float32_ulp_error": 0,
            "max_row": 0,
            "max_total_variation": 0.0,
            "mean_abs_logp_error": 0.0,
            "p99_abs_logp_error": 0.0,
            "right_logp": -23.290325164794922
          },
          "reverse": {
            "left_logp": -23.290325164794922,
            "max_abs_logp_error": 0.0,
            "max_abs_probability_error": 0.0,
            "max_bin": 0,
            "max_float32_ulp_error": 0,
            "max_row": 0,
            "max_total_variation": 0.0,
            "mean_abs_logp_error": 0.0,
            "p99_abs_logp_error": 0.0,
            "right_logp": -23.290325164794922
          },
          "rows": 355,
          "same_shape_block_permutation": {
            "left_logp": -23.290325164794922,
            "max_abs_logp_error": 0.0,
            "max_abs_probability_error": 0.0,
            "max_bin": 0,
            "max_float32_ulp_error": 0,
            "max_row": 0,
            "max_total_variation": 0.0,
            "mean_abs_logp_error": 0.0,
            "p99_abs_logp_error": 0.0,
            "right_logp": -23.290325164794922
          }
        },
        {
          "bank_index": 0,
          "batch_8": {
            "left_logp": -27.757511138916016,
            "max_abs_logp_error": 1.1444091796875e-05,
            "max_abs_probability_error": 1.4538507300820847e-07,
            "max_bin": 98,
            "max_float32_ulp_error": 11,
            "max_row": 114,
            "max_total_variation": 6.708857060915573e-07,
            "mean_abs_logp_error": 1.1974740564153435e-06,
            "p99_abs_logp_error": 5.7220458984375e-06,
            "right_logp": -27.757522583007812
          },
          "context_roll_contiguous": {
            "left_logp": -22.138973236083984,
            "max_abs_logp_error": 7.62939453125e-06,
            "max_abs_probability_error": 7.71937561788727e-08,
            "max_bin": 99,
            "max_float32_ulp_error": 6,
            "max_row": 49,
            "max_total_variation": 2.7208356435270674e-07,
            "mean_abs_logp_error": 7.556529527299859e-07,
            "p99_abs_logp_error": 3.814697265625e-06,
            "right_logp": -22.138980865478516
          },
          "context_roll_view": {
            "left_logp": -22.138973236083984,
            "max_abs_logp_error": 7.62939453125e-06,
            "max_abs_probability_error": 7.71937561788727e-08,
            "max_bin": 99,
            "max_float32_ulp_error": 6,
            "max_row": 49,
            "max_total_variation": 2.7208356435270674e-07,
            "mean_abs_logp_error": 7.556529527299859e-07,
            "p99_abs_logp_error": 3.814697265625e-06,
            "right_logp": -22.138980865478516
          },
          "draw_index": 2,
          "random_permutation_1": {
            "left_logp": -23.293087005615234,
            "max_abs_logp_error": 0.0,
            "max_abs_probability_error": 0.0,
            "max_bin": 0,
            "max_float32_ulp_error": 0,
            "max_row": 0,
            "max_total_variation": 0.0,
            "mean_abs_logp_error": 0.0,
            "p99_abs_logp_error": 0.0,
            "right_logp": -23.293087005615234
          },
          "random_permutation_2": {
            "left_logp": -23.293087005615234,
            "max_abs_logp_error": 0.0,
            "max_abs_probability_error": 0.0,
            "max_bin": 0,
            "max_float32_ulp_error": 0,
            "max_row": 0,
            "max_total_variation": 0.0,
            "mean_abs_logp_error": 0.0,
            "p99_abs_logp_error": 0.0,
            "right_logp": -23.293087005615234
          },
          "repeat": {
            "left_logp": -23.293087005615234,
            "max_abs_logp_error": 0.0,
            "max_abs_probability_error": 0.0,
            "max_bin": 0,
            "max_float32_ulp_error": 0,
            "max_row": 0,
            "max_total_variation": 0.0,
            "mean_abs_logp_error": 0.0,
            "p99_abs_logp_error": 0.0,
            "right_logp": -23.293087005615234
          },
          "reverse": {
            "left_logp": -23.293087005615234,
            "max_abs_logp_error": 0.0,
            "max_abs_probability_error": 0.0,
            "max_bin": 0,
            "max_float32_ulp_error": 0,
            "max_row": 0,
            "max_total_variation": 0.0,
            "mean_abs_logp_error": 0.0,
            "p99_abs_logp_error": 0.0,
            "right_logp": -23.293087005615234
          },
          "rows": 356,
          "same_shape_block_permutation": {
            "left_logp": -23.293087005615234,
            "max_abs_logp_error": 0.0,
            "max_abs_probability_error": 0.0,
            "max_bin": 0,
            "max_float32_ulp_error": 0,
            "max_row": 0,
            "max_total_variation": 0.0,
            "mean_abs_logp_error": 0.0,
            "p99_abs_logp_error": 0.0,
            "right_logp": -23.293087005615234
          }
        },
        {
          "bank_index": 1,
          "batch_8": {
            "left_logp": -22.492450714111328,
            "max_abs_logp_error": 1.33514404296875e-05,
            "max_abs_probability_error": 1.2567006398012115e-07,
            "max_bin": 8,
            "max_float32_ulp_error": 10,
            "max_row": 257,
            "max_total_variation": 5.066710277038727e-07,
            "mean_abs_logp_error": 1.2080153722441598e-06,
            "p99_abs_logp_error": 5.7220458984375e-06,
            "right_logp": -22.4924373626709
          },
          "context_roll_contiguous": {
            "left_logp": -25.402862548828125,
            "max_abs_logp_error": 9.5367431640625e-06,
            "max_abs_probability_error": 7.012342254086867e-08,
            "max_bin": 7,
            "max_float32_ulp_error": 6,
            "max_row": 25,
            "max_total_variation": 3.7005037119210853e-07,
            "mean_abs_logp_error": 7.90792904543073e-07,
            "p99_abs_logp_error": 3.814697265625e-06,
            "right_logp": -25.40287208557129
          },
          "context_roll_view": {
            "left_logp": -25.402862548828125,
            "max_abs_logp_error": 9.5367431640625e-06,
            "max_abs_probability_error": 7.012342254086867e-08,
            "max_bin": 7,
            "max_float32_ulp_error": 6,
            "max_row": 25,
            "max_total_variation": 3.7005037119210853e-07,
            "mean_abs_logp_error": 7.90792904543073e-07,
            "p99_abs_logp_error": 3.814697265625e-06,
            "right_logp": -25.40287208557129
          },
          "draw_index": 2,
          "random_permutation_1": {
            "left_logp": -23.36870574951172,
            "max_abs_logp_error": 0.0,
            "max_abs_probability_error": 0.0,
            "max_bin": 0,
            "max_float32_ulp_error": 0,
            "max_row": 0,
            "max_total_variation": 0.0,
            "mean_abs_logp_error": 0.0,
            "p99_abs_logp_error": 0.0,
            "right_logp": -23.36870574951172
          },
          "random_permutation_2": {
            "left_logp": -23.36870574951172,
            "max_abs_logp_error": 0.0,
            "max_abs_probability_error": 0.0,
            "max_bin": 0,
            "max_float32_ulp_error": 0,
            "max_row": 0,
            "max_total_variation": 0.0,
            "mean_abs_logp_error": 0.0,
            "p99_abs_logp_error": 0.0,
            "right_logp": -23.36870574951172
          },
          "repeat": {
            "left_logp": -23.36870574951172,
            "max_abs_logp_error": 0.0,
            "max_abs_probability_error": 0.0,
            "max_bin": 0,
            "max_float32_ulp_error": 0,
            "max_row": 0,
            "max_total_variation": 0.0,
            "mean_abs_logp_error": 0.0,
            "p99_abs_logp_error": 0.0,
            "right_logp": -23.36870574951172
          },
          "reverse": {
            "left_logp": -23.36870574951172,
            "max_abs_logp_error": 0.0,
            "max_abs_probability_error": 0.0,
            "max_bin": 0,
            "max_float32_ulp_error": 0,
            "max_row": 0,
            "max_total_variation": 0.0,
            "mean_abs_logp_error": 0.0,
            "p99_abs_logp_error": 0.0,
            "right_logp": -23.36870574951172
          },
          "rows": 356,
          "same_shape_block_permutation": {
            "left_logp": -23.36870574951172,
            "max_abs_logp_error": 0.0,
            "max_abs_probability_error": 0.0,
            "max_bin": 0,
            "max_float32_ulp_error": 0,
            "max_row": 0,
            "max_total_variation": 0.0,
            "mean_abs_logp_error": 0.0,
            "p99_abs_logp_error": 0.0,
            "right_logp": -23.36870574951172
          }
        },
        {
          "bank_index": 2,
          "batch_8": {
            "left_logp": -26.44097900390625,
            "max_abs_logp_error": 1.1444091796875e-05,
            "max_abs_probability_error": 1.1068904469391239e-07,
            "max_bin": 2,
            "max_float32_ulp_error": 8,
            "max_row": 7,
            "max_total_variation": 4.110633576194459e-07,
            "mean_abs_logp_error": 1.2246353525510976e-06,
            "p99_abs_logp_error": 5.7220458984375e-06,
            "right_logp": -26.440990447998047
          },
          "context_roll_contiguous": {
            "left_logp": -25.420385360717773,
            "max_abs_logp_error": 9.5367431640625e-06,
            "max_abs_probability_error": 7.884596235629981e-08,
            "max_bin": 90,
            "max_float32_ulp_error": 7,
            "max_row": 269,
            "max_total_variation": 4.0421495643107177e-07,
            "mean_abs_logp_error": 8.070737543240399e-07,
            "p99_abs_logp_error": 3.814697265625e-06,
            "right_logp": -25.42037582397461
          },
          "context_roll_view": {
            "left_logp": -25.420385360717773,
            "max_abs_logp_error": 9.5367431640625e-06,
            "max_abs_probability_error": 7.884596235629981e-08,
            "max_bin": 90,
            "max_float32_ulp_error": 7,
            "max_row": 269,
            "max_total_variation": 4.0421495643107177e-07,
            "mean_abs_logp_error": 8.070737543240399e-07,
            "p99_abs_logp_error": 3.814697265625e-06,
            "right_logp": -25.42037582397461
          },
          "draw_index": 2,
          "random_permutation_1": {
            "left_logp": -20.739147186279297,
            "max_abs_logp_error": 0.0,
            "max_abs_probability_error": 0.0,
            "max_bin": 0,
            "max_float32_ulp_error": 0,
            "max_row": 0,
            "max_total_variation": 0.0,
            "mean_abs_logp_error": 0.0,
            "p99_abs_logp_error": 0.0,
            "right_logp": -20.739147186279297
          },
          "random_permutation_2": {
            "left_logp": -20.739147186279297,
            "max_abs_logp_error": 0.0,
            "max_abs_probability_error": 0.0,
            "max_bin": 0,
            "max_float32_ulp_error": 0,
            "max_row": 0,
            "max_total_variation": 0.0,
            "mean_abs_logp_error": 0.0,
            "p99_abs_logp_error": 0.0,
            "right_logp": -20.739147186279297
          },
          "repeat": {
            "left_logp": -20.739147186279297,
            "max_abs_logp_error": 0.0,
            "max_abs_probability_error": 0.0,
            "max_bin": 0,
            "max_float32_ulp_error": 0,
            "max_row": 0,
            "max_total_variation": 0.0,
            "mean_abs_logp_error": 0.0,
            "p99_abs_logp_error": 0.0,
            "right_logp": -20.739147186279297
          },
          "reverse": {
            "left_logp": -20.739147186279297,
            "max_abs_logp_error": 0.0,
            "max_abs_probability_error": 0.0,
            "max_bin": 0,
            "max_float32_ulp_error": 0,
            "max_row": 0,
            "max_total_variation": 0.0,
            "mean_abs_logp_error": 0.0,
            "p99_abs_logp_error": 0.0,
            "right_logp": -20.739147186279297
          },
          "rows": 355,
          "same_shape_block_permutation": {
            "left_logp": -20.739147186279297,
            "max_abs_logp_error": 0.0,
            "max_abs_probability_error": 0.0,
            "max_bin": 0,
            "max_float32_ulp_error": 0,
            "max_row": 0,
            "max_total_variation": 0.0,
            "mean_abs_logp_error": 0.0,
            "p99_abs_logp_error": 0.0,
            "right_logp": -20.739147186279297
          }
        }
      ],
      "prior": "N",
      "remainder_35": {
        "left_logp": -23.432035446166992,
        "max_abs_logp_error": 0.0,
        "max_abs_probability_error": 0.0,
        "max_bin": 0,
        "max_float32_ulp_error": 0,
        "max_row": 0,
        "max_total_variation": 0.0,
        "mean_abs_logp_error": 0.0,
        "p99_abs_logp_error": 0.0,
        "right_logp": -23.432035446166992
      },
      "remainder_36": {
        "left_logp": -23.432035446166992,
        "max_abs_logp_error": 0.0,
        "max_abs_probability_error": 0.0,
        "max_bin": 0,
        "max_float32_ulp_error": 0,
        "max_row": 0,
        "max_total_variation": 0.0,
        "mean_abs_logp_error": 0.0,
        "p99_abs_logp_error": 0.0,
        "right_logp": -23.432035446166992
      },
      "remainder_43": {
        "left_logp": -23.432035446166992,
        "max_abs_logp_error": 0.0,
        "max_abs_probability_error": 0.0,
        "max_bin": 0,
        "max_float32_ulp_error": 0,
        "max_row": 0,
        "max_total_variation": 0.0,
        "mean_abs_logp_error": 0.0,
        "p99_abs_logp_error": 0.0,
        "right_logp": -23.432035446166992
      },
      "repeat": {
        "left_logp": -23.432035446166992,
        "max_abs_logp_error": 0.0,
        "max_abs_probability_error": 0.0,
        "max_bin": 0,
        "max_float32_ulp_error": 0,
        "max_row": 0,
        "max_total_variation": 0.0,
        "mean_abs_logp_error": 0.0,
        "p99_abs_logp_error": 0.0,
        "right_logp": -23.432035446166992
      },
      "reverse_batch": {
        "left_logp": -26.440990447998047,
        "max_abs_logp_error": 1.1444091796875e-05,
        "max_abs_probability_error": 8.488898575742532e-08,
        "max_bin": 2,
        "max_float32_ulp_error": 8,
        "max_row": 71,
        "max_total_variation": 1.816148133323446e-07,
        "mean_abs_logp_error": 2.5278992123074004e-07,
        "p99_abs_logp_error": 3.814697265625e-06,
        "right_logp": -26.44097900390625
      },
      "rows": 72,
      "same_shape_block_permutation": {
        "left_logp": -23.432035446166992,
        "max_abs_logp_error": 0.0,
        "max_abs_probability_error": 0.0,
        "max_bin": 0,
        "max_float32_ulp_error": 0,
        "max_row": 0,
        "max_total_variation": 0.0,
        "mean_abs_logp_error": 0.0,
        "p99_abs_logp_error": 0.0,
        "right_logp": -23.432035446166992
      },
      "seed": 1,
      "singleton": {
        "left_logp": -24.986570358276367,
        "max_abs_logp_error": 9.5367431640625e-06,
        "max_abs_probability_error": 9.315452279001768e-08,
        "max_bin": 99,
        "max_float32_ulp_error": 9,
        "max_row": 21,
        "max_total_variation": 2.6402647078427783e-07,
        "mean_abs_logp_error": 1.181082593070136e-06,
        "p99_abs_logp_error": 5.7220458984375e-06,
        "right_logp": -24.986560821533203
      },
      "step": 20000
    },
    {
      "batch_8": {
        "left_logp": -34.817142486572266,
        "max_abs_logp_error": 1.9073486328125e-05,
        "max_abs_probability_error": 1.0420162484259254e-07,
        "max_bin": 98,
        "max_float32_ulp_error": 10,
        "max_row": 6,
        "max_total_variation": 3.1550221225810827e-07,
        "mean_abs_logp_error": 1.4870696597629123e-06,
        "p99_abs_logp_error": 9.5367431640625e-06,
        "right_logp": -34.81712341308594
      },
      "checkpoint_sha256": "cbb31a7605d23536372c4718787e6c1428e7e023760515f071322e03480f0b3a",
      "context_roll": {
        "left_logp": -35.36146545410156,
        "max_abs_logp_error": 1.1444091796875e-05,
        "max_abs_probability_error": 7.551736337652049e-08,
        "max_bin": 2,
        "max_float32_ulp_error": 6,
        "max_row": 8,
        "max_total_variation": 2.692485989635321e-07,
        "mean_abs_logp_error": 8.823805385165744e-07,
        "p99_abs_logp_error": 5.7220458984375e-06,
        "right_logp": -35.36147689819336
      },
      "fixed_shape_companion_replacement": {
        "left_logp": -29.091876983642578,
        "max_abs_logp_error": 0.0,
        "max_abs_probability_error": 0.0,
        "max_bin": 0,
        "max_float32_ulp_error": 0,
        "max_row": 0,
        "max_total_variation": 0.0,
        "mean_abs_logp_error": 0.0,
        "p99_abs_logp_error": 0.0,
        "right_logp": -29.091876983642578
      },
      "fixed_shape_focal_relocation": {
        "left_logp": -29.091876983642578,
        "max_abs_logp_error": 0.0,
        "max_abs_probability_error": 0.0,
        "max_bin": 0,
        "max_float32_ulp_error": 0,
        "max_row": 0,
        "max_total_variation": 0.0,
        "mean_abs_logp_error": 0.0,
        "p99_abs_logp_error": 0.0,
        "right_logp": -29.091876983642578
      },
      "full_panel_rows": 3201,
      "full_panel_shards": [
        {
          "bank_index": 0,
          "batch_8": {
            "left_logp": -34.817142486572266,
            "max_abs_logp_error": 1.9073486328125e-05,
            "max_abs_probability_error": 1.6015336160024596e-07,
            "max_bin": 98,
            "max_float32_ulp_error": 11,
            "max_row": 6,
            "max_total_variation": 4.3931081806525096e-07,
            "mean_abs_logp_error": 1.6255492574713203e-06,
            "p99_abs_logp_error": 9.5367431640625e-06,
            "right_logp": -34.81712341308594
          },
          "context_roll_contiguous": {
            "left_logp": -23.376140594482422,
            "max_abs_logp_error": 1.1444091796875e-05,
            "max_abs_probability_error": 6.595190286950992e-08,
            "max_bin": 94,
            "max_float32_ulp_error": 7,
            "max_row": 22,
            "max_total_variation": 3.897954671042731e-07,
            "mean_abs_logp_error": 1.0236963797151374e-06,
            "p99_abs_logp_error": 7.62939453125e-06,
            "right_logp": -23.376129150390625
          },
          "context_roll_view": {
            "left_logp": -23.376140594482422,
            "max_abs_logp_error": 1.1444091796875e-05,
            "max_abs_probability_error": 6.595190286950992e-08,
            "max_bin": 94,
            "max_float32_ulp_error": 7,
            "max_row": 22,
            "max_total_variation": 3.897954671042731e-07,
            "mean_abs_logp_error": 1.0236963797151374e-06,
            "p99_abs_logp_error": 7.62939453125e-06,
            "right_logp": -23.376129150390625
          },
          "draw_index": 0,
          "random_permutation_1": {
            "left_logp": -29.091876983642578,
            "max_abs_logp_error": 0.0,
            "max_abs_probability_error": 0.0,
            "max_bin": 0,
            "max_float32_ulp_error": 0,
            "max_row": 0,
            "max_total_variation": 0.0,
            "mean_abs_logp_error": 0.0,
            "p99_abs_logp_error": 0.0,
            "right_logp": -29.091876983642578
          },
          "random_permutation_2": {
            "left_logp": -29.091876983642578,
            "max_abs_logp_error": 0.0,
            "max_abs_probability_error": 0.0,
            "max_bin": 0,
            "max_float32_ulp_error": 0,
            "max_row": 0,
            "max_total_variation": 0.0,
            "mean_abs_logp_error": 0.0,
            "p99_abs_logp_error": 0.0,
            "right_logp": -29.091876983642578
          },
          "repeat": {
            "left_logp": -29.091876983642578,
            "max_abs_logp_error": 0.0,
            "max_abs_probability_error": 0.0,
            "max_bin": 0,
            "max_float32_ulp_error": 0,
            "max_row": 0,
            "max_total_variation": 0.0,
            "mean_abs_logp_error": 0.0,
            "p99_abs_logp_error": 0.0,
            "right_logp": -29.091876983642578
          },
          "reverse": {
            "left_logp": -29.091876983642578,
            "max_abs_logp_error": 0.0,
            "max_abs_probability_error": 0.0,
            "max_bin": 0,
            "max_float32_ulp_error": 0,
            "max_row": 0,
            "max_total_variation": 0.0,
            "mean_abs_logp_error": 0.0,
            "p99_abs_logp_error": 0.0,
            "right_logp": -29.091876983642578
          },
          "rows": 356,
          "same_shape_block_permutation": {
            "left_logp": -29.091876983642578,
            "max_abs_logp_error": 0.0,
            "max_abs_probability_error": 0.0,
            "max_bin": 0,
            "max_float32_ulp_error": 0,
            "max_row": 0,
            "max_total_variation": 0.0,
            "mean_abs_logp_error": 0.0,
            "p99_abs_logp_error": 0.0,
            "right_logp": -29.091876983642578
          }
        },
        {
          "bank_index": 1,
          "batch_8": {
            "left_logp": -35.17787170410156,
            "max_abs_logp_error": 1.9073486328125e-05,
            "max_abs_probability_error": 1.195374705054153e-07,
            "max_bin": 94,
            "max_float32_ulp_error": 9,
            "max_row": 260,
            "max_total_variation": 3.7697229872737847e-07,
            "mean_abs_logp_error": 1.6261988811278612e-06,
            "p99_abs_logp_error": 9.5367431640625e-06,
            "right_logp": -35.17789077758789
          },
          "context_roll_contiguous": {
            "left_logp": -32.61433029174805,
            "max_abs_logp_error": 1.52587890625e-05,
            "max_abs_probability_error": 8.773077207757662e-08,
            "max_bin": 1,
            "max_float32_ulp_error": 7,
            "max_row": 299,
            "max_total_variation": 2.511772784771435e-07,
            "mean_abs_logp_error": 9.31349363219872e-07,
            "p99_abs_logp_error": 5.7220458984375e-06,
            "right_logp": -32.61434555053711
          },
          "context_roll_view": {
            "left_logp": -32.61433029174805,
            "max_abs_logp_error": 1.52587890625e-05,
            "max_abs_probability_error": 8.773077207757662e-08,
            "max_bin": 1,
            "max_float32_ulp_error": 7,
            "max_row": 299,
            "max_total_variation": 2.511772784771435e-07,
            "mean_abs_logp_error": 9.31349363219872e-07,
            "p99_abs_logp_error": 5.7220458984375e-06,
            "right_logp": -32.61434555053711
          },
          "draw_index": 0,
          "random_permutation_1": {
            "left_logp": -32.46896743774414,
            "max_abs_logp_error": 0.0,
            "max_abs_probability_error": 0.0,
            "max_bin": 0,
            "max_float32_ulp_error": 0,
            "max_row": 0,
            "max_total_variation": 0.0,
            "mean_abs_logp_error": 0.0,
            "p99_abs_logp_error": 0.0,
            "right_logp": -32.46896743774414
          },
          "random_permutation_2": {
            "left_logp": -32.46896743774414,
            "max_abs_logp_error": 0.0,
            "max_abs_probability_error": 0.0,
            "max_bin": 0,
            "max_float32_ulp_error": 0,
            "max_row": 0,
            "max_total_variation": 0.0,
            "mean_abs_logp_error": 0.0,
            "p99_abs_logp_error": 0.0,
            "right_logp": -32.46896743774414
          },
          "repeat": {
            "left_logp": -32.46896743774414,
            "max_abs_logp_error": 0.0,
            "max_abs_probability_error": 0.0,
            "max_bin": 0,
            "max_float32_ulp_error": 0,
            "max_row": 0,
            "max_total_variation": 0.0,
            "mean_abs_logp_error": 0.0,
            "p99_abs_logp_error": 0.0,
            "right_logp": -32.46896743774414
          },
          "reverse": {
            "left_logp": -32.46896743774414,
            "max_abs_logp_error": 0.0,
            "max_abs_probability_error": 0.0,
            "max_bin": 0,
            "max_float32_ulp_error": 0,
            "max_row": 0,
            "max_total_variation": 0.0,
            "mean_abs_logp_error": 0.0,
            "p99_abs_logp_error": 0.0,
            "right_logp": -32.46896743774414
          },
          "rows": 356,
          "same_shape_block_permutation": {
            "left_logp": -32.46896743774414,
            "max_abs_logp_error": 0.0,
            "max_abs_probability_error": 0.0,
            "max_bin": 0,
            "max_float32_ulp_error": 0,
            "max_row": 0,
            "max_total_variation": 0.0,
            "mean_abs_logp_error": 0.0,
            "p99_abs_logp_error": 0.0,
            "right_logp": -32.46896743774414
          }
        },
        {
          "bank_index": 2,
          "batch_8": {
            "left_logp": -38.18968200683594,
            "max_abs_logp_error": 2.6702880859375e-05,
            "max_abs_probability_error": 1.1886420972495593e-07,
            "max_bin": 3,
            "max_float32_ulp_error": 10,
            "max_row": 218,
            "max_total_variation": 4.4415573531682623e-07,
            "mean_abs_logp_error": 1.7121778407566983e-06,
            "p99_abs_logp_error": 9.5367431640625e-06,
            "right_logp": -38.1897087097168
          },
          "context_roll_contiguous": {
            "left_logp": -38.15863800048828,
            "max_abs_logp_error": 1.9073486328125e-05,
            "max_abs_probability_error": 7.236923500741899e-08,
            "max_bin": 2,
            "max_float32_ulp_error": 5,
            "max_row": 218,
            "max_total_variation": 2.814623982069513e-07,
            "mean_abs_logp_error": 9.72448940008459e-07,
            "p99_abs_logp_error": 5.7220458984375e-06,
            "right_logp": -38.15865707397461
          },
          "context_roll_view": {
            "left_logp": -38.15863800048828,
            "max_abs_logp_error": 1.9073486328125e-05,
            "max_abs_probability_error": 7.236923500741899e-08,
            "max_bin": 2,
            "max_float32_ulp_error": 5,
            "max_row": 218,
            "max_total_variation": 2.814623982069513e-07,
            "mean_abs_logp_error": 9.72448940008459e-07,
            "p99_abs_logp_error": 5.7220458984375e-06,
            "right_logp": -38.15865707397461
          },
          "draw_index": 0,
          "random_permutation_1": {
            "left_logp": -33.157310485839844,
            "max_abs_logp_error": 0.0,
            "max_abs_probability_error": 0.0,
            "max_bin": 0,
            "max_float32_ulp_error": 0,
            "max_row": 0,
            "max_total_variation": 0.0,
            "mean_abs_logp_error": 0.0,
            "p99_abs_logp_error": 0.0,
            "right_logp": -33.157310485839844
          },
          "random_permutation_2": {
            "left_logp": -33.157310485839844,
            "max_abs_logp_error": 0.0,
            "max_abs_probability_error": 0.0,
            "max_bin": 0,
            "max_float32_ulp_error": 0,
            "max_row": 0,
            "max_total_variation": 0.0,
            "mean_abs_logp_error": 0.0,
            "p99_abs_logp_error": 0.0,
            "right_logp": -33.157310485839844
          },
          "repeat": {
            "left_logp": -33.157310485839844,
            "max_abs_logp_error": 0.0,
            "max_abs_probability_error": 0.0,
            "max_bin": 0,
            "max_float32_ulp_error": 0,
            "max_row": 0,
            "max_total_variation": 0.0,
            "mean_abs_logp_error": 0.0,
            "p99_abs_logp_error": 0.0,
            "right_logp": -33.157310485839844
          },
          "reverse": {
            "left_logp": -33.157310485839844,
            "max_abs_logp_error": 0.0,
            "max_abs_probability_error": 0.0,
            "max_bin": 0,
            "max_float32_ulp_error": 0,
            "max_row": 0,
            "max_total_variation": 0.0,
            "mean_abs_logp_error": 0.0,
            "p99_abs_logp_error": 0.0,
            "right_logp": -33.157310485839844
          },
          "rows": 355,
          "same_shape_block_permutation": {
            "left_logp": -33.157310485839844,
            "max_abs_logp_error": 0.0,
            "max_abs_probability_error": 0.0,
            "max_bin": 0,
            "max_float32_ulp_error": 0,
            "max_row": 0,
            "max_total_variation": 0.0,
            "mean_abs_logp_error": 0.0,
            "p99_abs_logp_error": 0.0,
            "right_logp": -33.157310485839844
          }
        },
        {
          "bank_index": 0,
          "batch_8": {
            "left_logp": -29.72471046447754,
            "max_abs_logp_error": 1.9073486328125e-05,
            "max_abs_probability_error": 1.1198799136635795e-07,
            "max_bin": 6,
            "max_float32_ulp_error": 15,
            "max_row": 20,
            "max_total_variation": 5.26254214261732e-07,
            "mean_abs_logp_error": 1.649682441454255e-06,
            "p99_abs_logp_error": 9.5367431640625e-06,
            "right_logp": -29.72469139099121
          },
          "context_roll_contiguous": {
            "left_logp": -40.1880989074707,
            "max_abs_logp_error": 1.52587890625e-05,
            "max_abs_probability_error": 6.639185448631402e-08,
            "max_bin": 1,
            "max_float32_ulp_error": 6,
            "max_row": 82,
            "max_total_variation": 2.997995710223473e-07,
            "mean_abs_logp_error": 1.0191590598459993e-06,
            "p99_abs_logp_error": 7.62939453125e-06,
            "right_logp": -40.18808364868164
          },
          "context_roll_view": {
            "left_logp": -40.1880989074707,
            "max_abs_logp_error": 1.52587890625e-05,
            "max_abs_probability_error": 6.639185448631402e-08,
            "max_bin": 1,
            "max_float32_ulp_error": 6,
            "max_row": 82,
            "max_total_variation": 2.997995710223473e-07,
            "mean_abs_logp_error": 1.0191590598459993e-06,
            "p99_abs_logp_error": 7.62939453125e-06,
            "right_logp": -40.18808364868164
          },
          "draw_index": 1,
          "random_permutation_1": {
            "left_logp": -29.62671661376953,
            "max_abs_logp_error": 0.0,
            "max_abs_probability_error": 0.0,
            "max_bin": 0,
            "max_float32_ulp_error": 0,
            "max_row": 0,
            "max_total_variation": 0.0,
            "mean_abs_logp_error": 0.0,
            "p99_abs_logp_error": 0.0,
            "right_logp": -29.62671661376953
          },
          "random_permutation_2": {
            "left_logp": -29.62671661376953,
            "max_abs_logp_error": 0.0,
            "max_abs_probability_error": 0.0,
            "max_bin": 0,
            "max_float32_ulp_error": 0,
            "max_row": 0,
            "max_total_variation": 0.0,
            "mean_abs_logp_error": 0.0,
            "p99_abs_logp_error": 0.0,
            "right_logp": -29.62671661376953
          },
          "repeat": {
            "left_logp": -29.62671661376953,
            "max_abs_logp_error": 0.0,
            "max_abs_probability_error": 0.0,
            "max_bin": 0,
            "max_float32_ulp_error": 0,
            "max_row": 0,
            "max_total_variation": 0.0,
            "mean_abs_logp_error": 0.0,
            "p99_abs_logp_error": 0.0,
            "right_logp": -29.62671661376953
          },
          "reverse": {
            "left_logp": -29.62671661376953,
            "max_abs_logp_error": 0.0,
            "max_abs_probability_error": 0.0,
            "max_bin": 0,
            "max_float32_ulp_error": 0,
            "max_row": 0,
            "max_total_variation": 0.0,
            "mean_abs_logp_error": 0.0,
            "p99_abs_logp_error": 0.0,
            "right_logp": -29.62671661376953
          },
          "rows": 356,
          "same_shape_block_permutation": {
            "left_logp": -29.62671661376953,
            "max_abs_logp_error": 0.0,
            "max_abs_probability_error": 0.0,
            "max_bin": 0,
            "max_float32_ulp_error": 0,
            "max_row": 0,
            "max_total_variation": 0.0,
            "mean_abs_logp_error": 0.0,
            "p99_abs_logp_error": 0.0,
            "right_logp": -29.62671661376953
          }
        },
        {
          "bank_index": 1,
          "batch_8": {
            "left_logp": -40.24136734008789,
            "max_abs_logp_error": 2.6702880859375e-05,
            "max_abs_probability_error": 1.4922635081793256e-07,
            "max_bin": 1,
            "max_float32_ulp_error": 11,
            "max_row": 284,
            "max_total_variation": 3.4032757356175084e-07,
            "mean_abs_logp_error": 1.6440802745604784e-06,
            "p99_abs_logp_error": 9.5367431640625e-06,
            "right_logp": -40.24139404296875
          },
          "context_roll_contiguous": {
            "left_logp": -36.85150909423828,
            "max_abs_logp_error": 1.52587890625e-05,
            "max_abs_probability_error": 8.966847424296542e-08,
            "max_bin": 95,
            "max_float32_ulp_error": 7,
            "max_row": 54,
            "max_total_variation": 2.7839324892879616e-07,
            "mean_abs_logp_error": 1.0084503152397241e-06,
            "p99_abs_logp_error": 5.7220458984375e-06,
            "right_logp": -36.85149383544922
          },
          "context_roll_view": {
            "left_logp": -36.85150909423828,
            "max_abs_logp_error": 1.52587890625e-05,
            "max_abs_probability_error": 8.966847424296542e-08,
            "max_bin": 95,
            "max_float32_ulp_error": 7,
            "max_row": 54,
            "max_total_variation": 2.7839324892879616e-07,
            "mean_abs_logp_error": 1.0084503152397241e-06,
            "p99_abs_logp_error": 5.7220458984375e-06,
            "right_logp": -36.85149383544922
          },
          "draw_index": 1,
          "random_permutation_1": {
            "left_logp": -27.349834442138672,
            "max_abs_logp_error": 0.0,
            "max_abs_probability_error": 0.0,
            "max_bin": 0,
            "max_float32_ulp_error": 0,
            "max_row": 0,
            "max_total_variation": 0.0,
            "mean_abs_logp_error": 0.0,
            "p99_abs_logp_error": 0.0,
            "right_logp": -27.349834442138672
          },
          "random_permutation_2": {
            "left_logp": -27.349834442138672,
            "max_abs_logp_error": 0.0,
            "max_abs_probability_error": 0.0,
            "max_bin": 0,
            "max_float32_ulp_error": 0,
            "max_row": 0,
            "max_total_variation": 0.0,
            "mean_abs_logp_error": 0.0,
            "p99_abs_logp_error": 0.0,
            "right_logp": -27.349834442138672
          },
          "repeat": {
            "left_logp": -27.349834442138672,
            "max_abs_logp_error": 0.0,
            "max_abs_probability_error": 0.0,
            "max_bin": 0,
            "max_float32_ulp_error": 0,
            "max_row": 0,
            "max_total_variation": 0.0,
            "mean_abs_logp_error": 0.0,
            "p99_abs_logp_error": 0.0,
            "right_logp": -27.349834442138672
          },
          "reverse": {
            "left_logp": -27.349834442138672,
            "max_abs_logp_error": 0.0,
            "max_abs_probability_error": 0.0,
            "max_bin": 0,
            "max_float32_ulp_error": 0,
            "max_row": 0,
            "max_total_variation": 0.0,
            "mean_abs_logp_error": 0.0,
            "p99_abs_logp_error": 0.0,
            "right_logp": -27.349834442138672
          },
          "rows": 356,
          "same_shape_block_permutation": {
            "left_logp": -27.349834442138672,
            "max_abs_logp_error": 0.0,
            "max_abs_probability_error": 0.0,
            "max_bin": 0,
            "max_float32_ulp_error": 0,
            "max_row": 0,
            "max_total_variation": 0.0,
            "mean_abs_logp_error": 0.0,
            "p99_abs_logp_error": 0.0,
            "right_logp": -27.349834442138672
          }
        },
        {
          "bank_index": 2,
          "batch_8": {
            "left_logp": -34.649688720703125,
            "max_abs_logp_error": 2.288818359375e-05,
            "max_abs_probability_error": 1.0729544658305556e-07,
            "max_bin": 97,
            "max_float32_ulp_error": 10,
            "max_row": 191,
            "max_total_variation": 4.5178477844322297e-07,
            "mean_abs_logp_error": 1.6774459623954667e-06,
            "p99_abs_logp_error": 9.5367431640625e-06,
            "right_logp": -34.64971160888672
          },
          "context_roll_contiguous": {
            "left_logp": -29.498729705810547,
            "max_abs_logp_error": 1.33514404296875e-05,
            "max_abs_probability_error": 7.278155551848631e-08,
            "max_bin": 4,
            "max_float32_ulp_error": 9,
            "max_row": 153,
            "max_total_variation": 4.690244571278552e-07,
            "mean_abs_logp_error": 9.945379176609953e-07,
            "p99_abs_logp_error": 5.7220458984375e-06,
            "right_logp": -29.498716354370117
          },
          "context_roll_view": {
            "left_logp": -29.498729705810547,
            "max_abs_logp_error": 1.33514404296875e-05,
            "max_abs_probability_error": 7.278155551848631e-08,
            "max_bin": 4,
            "max_float32_ulp_error": 9,
            "max_row": 153,
            "max_total_variation": 4.690244571278552e-07,
            "mean_abs_logp_error": 9.945379176609953e-07,
            "p99_abs_logp_error": 5.7220458984375e-06,
            "right_logp": -29.498716354370117
          },
          "draw_index": 1,
          "random_permutation_1": {
            "left_logp": -29.627696990966797,
            "max_abs_logp_error": 0.0,
            "max_abs_probability_error": 0.0,
            "max_bin": 0,
            "max_float32_ulp_error": 0,
            "max_row": 0,
            "max_total_variation": 0.0,
            "mean_abs_logp_error": 0.0,
            "p99_abs_logp_error": 0.0,
            "right_logp": -29.627696990966797
          },
          "random_permutation_2": {
            "left_logp": -29.627696990966797,
            "max_abs_logp_error": 0.0,
            "max_abs_probability_error": 0.0,
            "max_bin": 0,
            "max_float32_ulp_error": 0,
            "max_row": 0,
            "max_total_variation": 0.0,
            "mean_abs_logp_error": 0.0,
            "p99_abs_logp_error": 0.0,
            "right_logp": -29.627696990966797
          },
          "repeat": {
            "left_logp": -29.627696990966797,
            "max_abs_logp_error": 0.0,
            "max_abs_probability_error": 0.0,
            "max_bin": 0,
            "max_float32_ulp_error": 0,
            "max_row": 0,
            "max_total_variation": 0.0,
            "mean_abs_logp_error": 0.0,
            "p99_abs_logp_error": 0.0,
            "right_logp": -29.627696990966797
          },
          "reverse": {
            "left_logp": -29.627696990966797,
            "max_abs_logp_error": 0.0,
            "max_abs_probability_error": 0.0,
            "max_bin": 0,
            "max_float32_ulp_error": 0,
            "max_row": 0,
            "max_total_variation": 0.0,
            "mean_abs_logp_error": 0.0,
            "p99_abs_logp_error": 0.0,
            "right_logp": -29.627696990966797
          },
          "rows": 355,
          "same_shape_block_permutation": {
            "left_logp": -29.627696990966797,
            "max_abs_logp_error": 0.0,
            "max_abs_probability_error": 0.0,
            "max_bin": 0,
            "max_float32_ulp_error": 0,
            "max_row": 0,
            "max_total_variation": 0.0,
            "mean_abs_logp_error": 0.0,
            "p99_abs_logp_error": 0.0,
            "right_logp": -29.627696990966797
          }
        },
        {
          "bank_index": 0,
          "batch_8": {
            "left_logp": -35.2432746887207,
            "max_abs_logp_error": 2.288818359375e-05,
            "max_abs_probability_error": 1.0688042843820522e-07,
            "max_bin": 96,
            "max_float32_ulp_error": 10,
            "max_row": 38,
            "max_total_variation": 3.443538949300086e-07,
            "mean_abs_logp_error": 1.7203038997864454e-06,
            "p99_abs_logp_error": 9.5367431640625e-06,
            "right_logp": -35.24325180053711
          },
          "context_roll_contiguous": {
            "left_logp": -37.6273078918457,
            "max_abs_logp_error": 1.52587890625e-05,
            "max_abs_probability_error": 8.023905243015328e-08,
            "max_bin": 4,
            "max_float32_ulp_error": 7,
            "max_row": 162,
            "max_total_variation": 3.401532651088052e-07,
            "mean_abs_logp_error": 1.0173508290494426e-06,
            "p99_abs_logp_error": 7.62939453125e-06,
            "right_logp": -37.62729263305664
          },
          "context_roll_view": {
            "left_logp": -37.6273078918457,
            "max_abs_logp_error": 1.52587890625e-05,
            "max_abs_probability_error": 8.023905243015328e-08,
            "max_bin": 4,
            "max_float32_ulp_error": 7,
            "max_row": 162,
            "max_total_variation": 3.401532651088052e-07,
            "mean_abs_logp_error": 1.0173508290494426e-06,
            "p99_abs_logp_error": 7.62939453125e-06,
            "right_logp": -37.62729263305664
          },
          "draw_index": 2,
          "random_permutation_1": {
            "left_logp": -31.46721649169922,
            "max_abs_logp_error": 0.0,
            "max_abs_probability_error": 0.0,
            "max_bin": 0,
            "max_float32_ulp_error": 0,
            "max_row": 0,
            "max_total_variation": 0.0,
            "mean_abs_logp_error": 0.0,
            "p99_abs_logp_error": 0.0,
            "right_logp": -31.46721649169922
          },
          "random_permutation_2": {
            "left_logp": -31.46721649169922,
            "max_abs_logp_error": 0.0,
            "max_abs_probability_error": 0.0,
            "max_bin": 0,
            "max_float32_ulp_error": 0,
            "max_row": 0,
            "max_total_variation": 0.0,
            "mean_abs_logp_error": 0.0,
            "p99_abs_logp_error": 0.0,
            "right_logp": -31.46721649169922
          },
          "repeat": {
            "left_logp": -31.46721649169922,
            "max_abs_logp_error": 0.0,
            "max_abs_probability_error": 0.0,
            "max_bin": 0,
            "max_float32_ulp_error": 0,
            "max_row": 0,
            "max_total_variation": 0.0,
            "mean_abs_logp_error": 0.0,
            "p99_abs_logp_error": 0.0,
            "right_logp": -31.46721649169922
          },
          "reverse": {
            "left_logp": -31.46721649169922,
            "max_abs_logp_error": 0.0,
            "max_abs_probability_error": 0.0,
            "max_bin": 0,
            "max_float32_ulp_error": 0,
            "max_row": 0,
            "max_total_variation": 0.0,
            "mean_abs_logp_error": 0.0,
            "p99_abs_logp_error": 0.0,
            "right_logp": -31.46721649169922
          },
          "rows": 356,
          "same_shape_block_permutation": {
            "left_logp": -31.46721649169922,
            "max_abs_logp_error": 0.0,
            "max_abs_probability_error": 0.0,
            "max_bin": 0,
            "max_float32_ulp_error": 0,
            "max_row": 0,
            "max_total_variation": 0.0,
            "mean_abs_logp_error": 0.0,
            "p99_abs_logp_error": 0.0,
            "right_logp": -31.46721649169922
          }
        },
        {
          "bank_index": 1,
          "batch_8": {
            "left_logp": -38.76607894897461,
            "max_abs_logp_error": 1.9073486328125e-05,
            "max_abs_probability_error": 1.2924177576756346e-07,
            "max_bin": 6,
            "max_float32_ulp_error": 10,
            "max_row": 166,
            "max_total_variation": 4.828010134305296e-07,
            "mean_abs_logp_error": 1.619320906949847e-06,
            "p99_abs_logp_error": 9.5367431640625e-06,
            "right_logp": -38.76605987548828
          },
          "context_roll_contiguous": {
            "left_logp": -32.09227752685547,
            "max_abs_logp_error": 1.1444091796875e-05,
            "max_abs_probability_error": 6.204751445970658e-08,
            "max_bin": 10,
            "max_float32_ulp_error": 6,
            "max_row": 25,
            "max_total_variation": 2.487820670415457e-07,
            "mean_abs_logp_error": 9.299362643381183e-07,
            "p99_abs_logp_error": 5.7220458984375e-06,
            "right_logp": -32.09226608276367
          },
          "context_roll_view": {
            "left_logp": -32.09227752685547,
            "max_abs_logp_error": 1.1444091796875e-05,
            "max_abs_probability_error": 6.204751445970658e-08,
            "max_bin": 10,
            "max_float32_ulp_error": 6,
            "max_row": 25,
            "max_total_variation": 2.487820670415457e-07,
            "mean_abs_logp_error": 9.299362643381183e-07,
            "p99_abs_logp_error": 5.7220458984375e-06,
            "right_logp": -32.09226608276367
          },
          "draw_index": 2,
          "random_permutation_1": {
            "left_logp": -30.05519676208496,
            "max_abs_logp_error": 0.0,
            "max_abs_probability_error": 0.0,
            "max_bin": 0,
            "max_float32_ulp_error": 0,
            "max_row": 0,
            "max_total_variation": 0.0,
            "mean_abs_logp_error": 0.0,
            "p99_abs_logp_error": 0.0,
            "right_logp": -30.05519676208496
          },
          "random_permutation_2": {
            "left_logp": -30.05519676208496,
            "max_abs_logp_error": 0.0,
            "max_abs_probability_error": 0.0,
            "max_bin": 0,
            "max_float32_ulp_error": 0,
            "max_row": 0,
            "max_total_variation": 0.0,
            "mean_abs_logp_error": 0.0,
            "p99_abs_logp_error": 0.0,
            "right_logp": -30.05519676208496
          },
          "repeat": {
            "left_logp": -30.05519676208496,
            "max_abs_logp_error": 0.0,
            "max_abs_probability_error": 0.0,
            "max_bin": 0,
            "max_float32_ulp_error": 0,
            "max_row": 0,
            "max_total_variation": 0.0,
            "mean_abs_logp_error": 0.0,
            "p99_abs_logp_error": 0.0,
            "right_logp": -30.05519676208496
          },
          "reverse": {
            "left_logp": -30.05519676208496,
            "max_abs_logp_error": 0.0,
            "max_abs_probability_error": 0.0,
            "max_bin": 0,
            "max_float32_ulp_error": 0,
            "max_row": 0,
            "max_total_variation": 0.0,
            "mean_abs_logp_error": 0.0,
            "p99_abs_logp_error": 0.0,
            "right_logp": -30.05519676208496
          },
          "rows": 356,
          "same_shape_block_permutation": {
            "left_logp": -30.05519676208496,
            "max_abs_logp_error": 0.0,
            "max_abs_probability_error": 0.0,
            "max_bin": 0,
            "max_float32_ulp_error": 0,
            "max_row": 0,
            "max_total_variation": 0.0,
            "mean_abs_logp_error": 0.0,
            "p99_abs_logp_error": 0.0,
            "right_logp": -30.05519676208496
          }
        },
        {
          "bank_index": 2,
          "batch_8": {
            "left_logp": -24.216705322265625,
            "max_abs_logp_error": 1.9073486328125e-05,
            "max_abs_probability_error": 1.1676081372591351e-07,
            "max_bin": 2,
            "max_float32_ulp_error": 10,
            "max_row": 3,
            "max_total_variation": 3.960475363724526e-07,
            "mean_abs_logp_error": 1.7063013264830684e-06,
            "p99_abs_logp_error": 9.5367431640625e-06,
            "right_logp": -24.216686248779297
          },
          "context_roll_contiguous": {
            "left_logp": -39.25934982299805,
            "max_abs_logp_error": 1.1444091796875e-05,
            "max_abs_probability_error": 7.88597427497928e-08,
            "max_bin": 94,
            "max_float32_ulp_error": 8,
            "max_row": 7,
            "max_total_variation": 3.3126974853675934e-07,
            "mean_abs_logp_error": 1.0566241304639359e-06,
            "p99_abs_logp_error": 7.62939453125e-06,
            "right_logp": -39.259361267089844
          },
          "context_roll_view": {
            "left_logp": -39.25934982299805,
            "max_abs_logp_error": 1.1444091796875e-05,
            "max_abs_probability_error": 7.88597427497928e-08,
            "max_bin": 94,
            "max_float32_ulp_error": 8,
            "max_row": 7,
            "max_total_variation": 3.3126974853675934e-07,
            "mean_abs_logp_error": 1.0566241304639359e-06,
            "p99_abs_logp_error": 7.62939453125e-06,
            "right_logp": -39.259361267089844
          },
          "draw_index": 2,
          "random_permutation_1": {
            "left_logp": -24.990455627441406,
            "max_abs_logp_error": 0.0,
            "max_abs_probability_error": 0.0,
            "max_bin": 0,
            "max_float32_ulp_error": 0,
            "max_row": 0,
            "max_total_variation": 0.0,
            "mean_abs_logp_error": 0.0,
            "p99_abs_logp_error": 0.0,
            "right_logp": -24.990455627441406
          },
          "random_permutation_2": {
            "left_logp": -24.990455627441406,
            "max_abs_logp_error": 0.0,
            "max_abs_probability_error": 0.0,
            "max_bin": 0,
            "max_float32_ulp_error": 0,
            "max_row": 0,
            "max_total_variation": 0.0,
            "mean_abs_logp_error": 0.0,
            "p99_abs_logp_error": 0.0,
            "right_logp": -24.990455627441406
          },
          "repeat": {
            "left_logp": -24.990455627441406,
            "max_abs_logp_error": 0.0,
            "max_abs_probability_error": 0.0,
            "max_bin": 0,
            "max_float32_ulp_error": 0,
            "max_row": 0,
            "max_total_variation": 0.0,
            "mean_abs_logp_error": 0.0,
            "p99_abs_logp_error": 0.0,
            "right_logp": -24.990455627441406
          },
          "reverse": {
            "left_logp": -24.990455627441406,
            "max_abs_logp_error": 0.0,
            "max_abs_probability_error": 0.0,
            "max_bin": 0,
            "max_float32_ulp_error": 0,
            "max_row": 0,
            "max_total_variation": 0.0,
            "mean_abs_logp_error": 0.0,
            "p99_abs_logp_error": 0.0,
            "right_logp": -24.990455627441406
          },
          "rows": 355,
          "same_shape_block_permutation": {
            "left_logp": -24.990455627441406,
            "max_abs_logp_error": 0.0,
            "max_abs_probability_error": 0.0,
            "max_bin": 0,
            "max_float32_ulp_error": 0,
            "max_row": 0,
            "max_total_variation": 0.0,
            "mean_abs_logp_error": 0.0,
            "p99_abs_logp_error": 0.0,
            "right_logp": -24.990455627441406
          }
        }
      ],
      "prior": "N",
      "remainder_35": {
        "left_logp": -29.091876983642578,
        "max_abs_logp_error": 0.0,
        "max_abs_probability_error": 0.0,
        "max_bin": 0,
        "max_float32_ulp_error": 0,
        "max_row": 0,
        "max_total_variation": 0.0,
        "mean_abs_logp_error": 0.0,
        "p99_abs_logp_error": 0.0,
        "right_logp": -29.091876983642578
      },
      "remainder_36": {
        "left_logp": -29.091876983642578,
        "max_abs_logp_error": 0.0,
        "max_abs_probability_error": 0.0,
        "max_bin": 0,
        "max_float32_ulp_error": 0,
        "max_row": 0,
        "max_total_variation": 0.0,
        "mean_abs_logp_error": 0.0,
        "p99_abs_logp_error": 0.0,
        "right_logp": -29.091876983642578
      },
      "remainder_43": {
        "left_logp": -29.091876983642578,
        "max_abs_logp_error": 0.0,
        "max_abs_probability_error": 0.0,
        "max_bin": 0,
        "max_float32_ulp_error": 0,
        "max_row": 0,
        "max_total_variation": 0.0,
        "mean_abs_logp_error": 0.0,
        "p99_abs_logp_error": 0.0,
        "right_logp": -29.091876983642578
      },
      "repeat": {
        "left_logp": -29.091876983642578,
        "max_abs_logp_error": 0.0,
        "max_abs_probability_error": 0.0,
        "max_bin": 0,
        "max_float32_ulp_error": 0,
        "max_row": 0,
        "max_total_variation": 0.0,
        "mean_abs_logp_error": 0.0,
        "p99_abs_logp_error": 0.0,
        "right_logp": -29.091876983642578
      },
      "reverse_batch": {
        "left_logp": -34.817142486572266,
        "max_abs_logp_error": 1.9073486328125e-05,
        "max_abs_probability_error": 8.168997631119446e-08,
        "max_bin": 98,
        "max_float32_ulp_error": 10,
        "max_row": 6,
        "max_total_variation": 2.8724189661307145e-07,
        "mean_abs_logp_error": 4.00543212890625e-07,
        "p99_abs_logp_error": 7.62939453125e-06,
        "right_logp": -34.81712341308594
      },
      "rows": 72,
      "same_shape_block_permutation": {
        "left_logp": -29.091876983642578,
        "max_abs_logp_error": 0.0,
        "max_abs_probability_error": 0.0,
        "max_bin": 0,
        "max_float32_ulp_error": 0,
        "max_row": 0,
        "max_total_variation": 0.0,
        "mean_abs_logp_error": 0.0,
        "p99_abs_logp_error": 0.0,
        "right_logp": -29.091876983642578
      },
      "seed": 1,
      "singleton": {
        "left_logp": -34.51632308959961,
        "max_abs_logp_error": 1.9073486328125e-05,
        "max_abs_probability_error": 1.0420162484259254e-07,
        "max_bin": 5,
        "max_float32_ulp_error": 9,
        "max_row": 4,
        "max_total_variation": 3.0199905278637346e-07,
        "mean_abs_logp_error": 1.6659167077806261e-06,
        "p99_abs_logp_error": 9.5367431640625e-06,
        "right_logp": -34.51634216308594
      },
      "step": 60000
    },
    {
      "batch_8": {
        "left_logp": -19.60684585571289,
        "max_abs_logp_error": 1.71661376953125e-05,
        "max_abs_probability_error": 1.3378124738561148e-07,
        "max_bin": 90,
        "max_float32_ulp_error": 9,
        "max_row": 61,
        "max_total_variation": 3.528428561356089e-07,
        "mean_abs_logp_error": 1.5420383877224393e-06,
        "p99_abs_logp_error": 9.5367431640625e-06,
        "right_logp": -19.606863021850586
      },
      "checkpoint_sha256": "3e1da9eb7dd75c736f26924d5ffc670c308b590a90082f025172d5d0aa80c415",
      "context_roll": {
        "left_logp": -41.06431579589844,
        "max_abs_logp_error": 1.1444091796875e-05,
        "max_abs_probability_error": 8.026872930222417e-08,
        "max_bin": 10,
        "max_float32_ulp_error": 4,
        "max_row": 55,
        "max_total_variation": 1.7135869310369932e-07,
        "mean_abs_logp_error": 1.0612275865342883e-06,
        "p99_abs_logp_error": 7.62939453125e-06,
        "right_logp": -41.064327239990234
      },
      "fixed_shape_companion_replacement": {
        "left_logp": -30.832599639892578,
        "max_abs_logp_error": 0.0,
        "max_abs_probability_error": 0.0,
        "max_bin": 0,
        "max_float32_ulp_error": 0,
        "max_row": 0,
        "max_total_variation": 0.0,
        "mean_abs_logp_error": 0.0,
        "p99_abs_logp_error": 0.0,
        "right_logp": -30.832599639892578
      },
      "fixed_shape_focal_relocation": {
        "left_logp": -30.832599639892578,
        "max_abs_logp_error": 0.0,
        "max_abs_probability_error": 0.0,
        "max_bin": 0,
        "max_float32_ulp_error": 0,
        "max_row": 0,
        "max_total_variation": 0.0,
        "mean_abs_logp_error": 0.0,
        "p99_abs_logp_error": 0.0,
        "right_logp": -30.832599639892578
      },
      "full_panel_rows": 3201,
      "full_panel_shards": [
        {
          "bank_index": 0,
          "batch_8": {
            "left_logp": -39.30438995361328,
            "max_abs_logp_error": 2.288818359375e-05,
            "max_abs_probability_error": 1.317341547790729e-07,
            "max_bin": 95,
            "max_float32_ulp_error": 15,
            "max_row": 103,
            "max_total_variation": 7.845619944499558e-07,
            "mean_abs_logp_error": 1.7539436897535002e-06,
            "p99_abs_logp_error": 1.1444091796875e-05,
            "right_logp": -39.304412841796875
          },
          "context_roll_contiguous": {
            "left_logp": -41.654937744140625,
            "max_abs_logp_error": 1.52587890625e-05,
            "max_abs_probability_error": 7.994008485723292e-08,
            "max_bin": 92,
            "max_float32_ulp_error": 9,
            "max_row": 55,
            "max_total_variation": 3.605416565114473e-07,
            "mean_abs_logp_error": 1.0922082354513447e-06,
            "p99_abs_logp_error": 7.62939453125e-06,
            "right_logp": -41.65492248535156
          },
          "context_roll_view": {
            "left_logp": -41.654937744140625,
            "max_abs_logp_error": 1.52587890625e-05,
            "max_abs_probability_error": 7.994008485723292e-08,
            "max_bin": 92,
            "max_float32_ulp_error": 9,
            "max_row": 55,
            "max_total_variation": 3.605416565114473e-07,
            "mean_abs_logp_error": 1.0922082354513447e-06,
            "p99_abs_logp_error": 7.62939453125e-06,
            "right_logp": -41.65492248535156
          },
          "draw_index": 0,
          "random_permutation_1": {
            "left_logp": -30.832599639892578,
            "max_abs_logp_error": 0.0,
            "max_abs_probability_error": 0.0,
            "max_bin": 0,
            "max_float32_ulp_error": 0,
            "max_row": 0,
            "max_total_variation": 0.0,
            "mean_abs_logp_error": 0.0,
            "p99_abs_logp_error": 0.0,
            "right_logp": -30.832599639892578
          },
          "random_permutation_2": {
            "left_logp": -30.832599639892578,
            "max_abs_logp_error": 0.0,
            "max_abs_probability_error": 0.0,
            "max_bin": 0,
            "max_float32_ulp_error": 0,
            "max_row": 0,
            "max_total_variation": 0.0,
            "mean_abs_logp_error": 0.0,
            "p99_abs_logp_error": 0.0,
            "right_logp": -30.832599639892578
          },
          "repeat": {
            "left_logp": -30.832599639892578,
            "max_abs_logp_error": 0.0,
            "max_abs_probability_error": 0.0,
            "max_bin": 0,
            "max_float32_ulp_error": 0,
            "max_row": 0,
            "max_total_variation": 0.0,
            "mean_abs_logp_error": 0.0,
            "p99_abs_logp_error": 0.0,
            "right_logp": -30.832599639892578
          },
          "reverse": {
            "left_logp": -30.832599639892578,
            "max_abs_logp_error": 0.0,
            "max_abs_probability_error": 0.0,
            "max_bin": 0,
            "max_float32_ulp_error": 0,
            "max_row": 0,
            "max_total_variation": 0.0,
            "mean_abs_logp_error": 0.0,
            "p99_abs_logp_error": 0.0,
            "right_logp": -30.832599639892578
          },
          "rows": 356,
          "same_shape_block_permutation": {
            "left_logp": -30.832599639892578,
            "max_abs_logp_error": 0.0,
            "max_abs_probability_error": 0.0,
            "max_bin": 0,
            "max_float32_ulp_error": 0,
            "max_row": 0,
            "max_total_variation": 0.0,
            "mean_abs_logp_error": 0.0,
            "p99_abs_logp_error": 0.0,
            "right_logp": -30.832599639892578
          }
        },
        {
          "bank_index": 1,
          "batch_8": {
            "left_logp": -34.01042175292969,
            "max_abs_logp_error": 2.288818359375e-05,
            "max_abs_probability_error": 1.3440080813553745e-07,
            "max_bin": 4,
            "max_float32_ulp_error": 14,
            "max_row": 48,
            "max_total_variation": 8.163032432336884e-07,
            "mean_abs_logp_error": 1.8415491232711277e-06,
            "p99_abs_logp_error": 1.1444091796875e-05,
            "right_logp": -34.010398864746094
          },
          "context_roll_contiguous": {
            "left_logp": -39.723358154296875,
            "max_abs_logp_error": 1.52587890625e-05,
            "max_abs_probability_error": 8.026872930222417e-08,
            "max_bin": 6,
            "max_float32_ulp_error": 8,
            "max_row": 74,
            "max_total_variation": 3.224834478845789e-07,
            "mean_abs_logp_error": 1.0100040542945434e-06,
            "p99_abs_logp_error": 7.62939453125e-06,
            "right_logp": -39.72337341308594
          },
          "context_roll_view": {
            "left_logp": -39.723358154296875,
            "max_abs_logp_error": 1.52587890625e-05,
            "max_abs_probability_error": 8.026872930222417e-08,
            "max_bin": 6,
            "max_float32_ulp_error": 8,
            "max_row": 74,
            "max_total_variation": 3.224834478845789e-07,
            "mean_abs_logp_error": 1.0100040542945434e-06,
            "p99_abs_logp_error": 7.62939453125e-06,
            "right_logp": -39.72337341308594
          },
          "draw_index": 0,
          "random_permutation_1": {
            "left_logp": -35.81001281738281,
            "max_abs_logp_error": 0.0,
            "max_abs_probability_error": 0.0,
            "max_bin": 0,
            "max_float32_ulp_error": 0,
            "max_row": 0,
            "max_total_variation": 0.0,
            "mean_abs_logp_error": 0.0,
            "p99_abs_logp_error": 0.0,
            "right_logp": -35.81001281738281
          },
          "random_permutation_2": {
            "left_logp": -35.81001281738281,
            "max_abs_logp_error": 0.0,
            "max_abs_probability_error": 0.0,
            "max_bin": 0,
            "max_float32_ulp_error": 0,
            "max_row": 0,
            "max_total_variation": 0.0,
            "mean_abs_logp_error": 0.0,
            "p99_abs_logp_error": 0.0,
            "right_logp": -35.81001281738281
          },
          "repeat": {
            "left_logp": -35.81001281738281,
            "max_abs_logp_error": 0.0,
            "max_abs_probability_error": 0.0,
            "max_bin": 0,
            "max_float32_ulp_error": 0,
            "max_row": 0,
            "max_total_variation": 0.0,
            "mean_abs_logp_error": 0.0,
            "p99_abs_logp_error": 0.0,
            "right_logp": -35.81001281738281
          },
          "reverse": {
            "left_logp": -35.81001281738281,
            "max_abs_logp_error": 0.0,
            "max_abs_probability_error": 0.0,
            "max_bin": 0,
            "max_float32_ulp_error": 0,
            "max_row": 0,
            "max_total_variation": 0.0,
            "mean_abs_logp_error": 0.0,
            "p99_abs_logp_error": 0.0,
            "right_logp": -35.81001281738281
          },
          "rows": 356,
          "same_shape_block_permutation": {
            "left_logp": -35.81001281738281,
            "max_abs_logp_error": 0.0,
            "max_abs_probability_error": 0.0,
            "max_bin": 0,
            "max_float32_ulp_error": 0,
            "max_row": 0,
            "max_total_variation": 0.0,
            "mean_abs_logp_error": 0.0,
            "p99_abs_logp_error": 0.0,
            "right_logp": -35.81001281738281
          }
        },
        {
          "bank_index": 2,
          "batch_8": {
            "left_logp": -34.95090103149414,
            "max_abs_logp_error": 1.9073486328125e-05,
            "max_abs_probability_error": 1.2235594090692636e-07,
            "max_bin": 93,
            "max_float32_ulp_error": 11,
            "max_row": 72,
            "max_total_variation": 5.165645835743796e-07,
            "mean_abs_logp_error": 1.7485349950656085e-06,
            "p99_abs_logp_error": 9.5367431640625e-06,
            "right_logp": -34.95088195800781
          },
          "context_roll_contiguous": {
            "left_logp": -33.06865310668945,
            "max_abs_logp_error": 1.1444091796875e-05,
            "max_abs_probability_error": 7.718855833671601e-08,
            "max_bin": 92,
            "max_float32_ulp_error": 7,
            "max_row": 60,
            "max_total_variation": 3.687140805556633e-07,
            "mean_abs_logp_error": 1.0439845877633969e-06,
            "p99_abs_logp_error": 7.62939453125e-06,
            "right_logp": -33.06866455078125
          },
          "context_roll_view": {
            "left_logp": -33.06865310668945,
            "max_abs_logp_error": 1.1444091796875e-05,
            "max_abs_probability_error": 7.718855833671601e-08,
            "max_bin": 92,
            "max_float32_ulp_error": 7,
            "max_row": 60,
            "max_total_variation": 3.687140805556633e-07,
            "mean_abs_logp_error": 1.0439845877633969e-06,
            "p99_abs_logp_error": 7.62939453125e-06,
            "right_logp": -33.06866455078125
          },
          "draw_index": 0,
          "random_permutation_1": {
            "left_logp": -34.84385299682617,
            "max_abs_logp_error": 0.0,
            "max_abs_probability_error": 0.0,
            "max_bin": 0,
            "max_float32_ulp_error": 0,
            "max_row": 0,
            "max_total_variation": 0.0,
            "mean_abs_logp_error": 0.0,
            "p99_abs_logp_error": 0.0,
            "right_logp": -34.84385299682617
          },
          "random_permutation_2": {
            "left_logp": -34.84385299682617,
            "max_abs_logp_error": 0.0,
            "max_abs_probability_error": 0.0,
            "max_bin": 0,
            "max_float32_ulp_error": 0,
            "max_row": 0,
            "max_total_variation": 0.0,
            "mean_abs_logp_error": 0.0,
            "p99_abs_logp_error": 0.0,
            "right_logp": -34.84385299682617
          },
          "repeat": {
            "left_logp": -34.84385299682617,
            "max_abs_logp_error": 0.0,
            "max_abs_probability_error": 0.0,
            "max_bin": 0,
            "max_float32_ulp_error": 0,
            "max_row": 0,
            "max_total_variation": 0.0,
            "mean_abs_logp_error": 0.0,
            "p99_abs_logp_error": 0.0,
            "right_logp": -34.84385299682617
          },
          "reverse": {
            "left_logp": -34.84385299682617,
            "max_abs_logp_error": 0.0,
            "max_abs_probability_error": 0.0,
            "max_bin": 0,
            "max_float32_ulp_error": 0,
            "max_row": 0,
            "max_total_variation": 0.0,
            "mean_abs_logp_error": 0.0,
            "p99_abs_logp_error": 0.0,
            "right_logp": -34.84385299682617
          },
          "rows": 355,
          "same_shape_block_permutation": {
            "left_logp": -34.84385299682617,
            "max_abs_logp_error": 0.0,
            "max_abs_probability_error": 0.0,
            "max_bin": 0,
            "max_float32_ulp_error": 0,
            "max_row": 0,
            "max_total_variation": 0.0,
            "mean_abs_logp_error": 0.0,
            "p99_abs_logp_error": 0.0,
            "right_logp": -34.84385299682617
          }
        },
        {
          "bank_index": 0,
          "batch_8": {
            "left_logp": -35.86943054199219,
            "max_abs_logp_error": 2.288818359375e-05,
            "max_abs_probability_error": 1.1327328071353282e-07,
            "max_bin": 96,
            "max_float32_ulp_error": 12,
            "max_row": 128,
            "max_total_variation": 4.4364695663052524e-07,
            "mean_abs_logp_error": 1.8593836366460565e-06,
            "p99_abs_logp_error": 1.1444091796875e-05,
            "right_logp": -35.869407653808594
          },
          "context_roll_contiguous": {
            "left_logp": -34.3791389465332,
            "max_abs_logp_error": 1.52587890625e-05,
            "max_abs_probability_error": 1.0265689613653262e-07,
            "max_bin": 98,
            "max_float32_ulp_error": 7,
            "max_row": 15,
            "max_total_variation": 3.6607875002583003e-07,
            "mean_abs_logp_error": 1.0553906472881188e-06,
            "p99_abs_logp_error": 7.62939453125e-06,
            "right_logp": -34.379154205322266
          },
          "context_roll_view": {
            "left_logp": -34.3791389465332,
            "max_abs_logp_error": 1.52587890625e-05,
            "max_abs_probability_error": 1.0265689613653262e-07,
            "max_bin": 98,
            "max_float32_ulp_error": 7,
            "max_row": 15,
            "max_total_variation": 3.6607875002583003e-07,
            "mean_abs_logp_error": 1.0553906472881188e-06,
            "p99_abs_logp_error": 7.62939453125e-06,
            "right_logp": -34.379154205322266
          },
          "draw_index": 1,
          "random_permutation_1": {
            "left_logp": -34.26434326171875,
            "max_abs_logp_error": 0.0,
            "max_abs_probability_error": 0.0,
            "max_bin": 0,
            "max_float32_ulp_error": 0,
            "max_row": 0,
            "max_total_variation": 0.0,
            "mean_abs_logp_error": 0.0,
            "p99_abs_logp_error": 0.0,
            "right_logp": -34.26434326171875
          },
          "random_permutation_2": {
            "left_logp": -34.26434326171875,
            "max_abs_logp_error": 0.0,
            "max_abs_probability_error": 0.0,
            "max_bin": 0,
            "max_float32_ulp_error": 0,
            "max_row": 0,
            "max_total_variation": 0.0,
            "mean_abs_logp_error": 0.0,
            "p99_abs_logp_error": 0.0,
            "right_logp": -34.26434326171875
          },
          "repeat": {
            "left_logp": -34.26434326171875,
            "max_abs_logp_error": 0.0,
            "max_abs_probability_error": 0.0,
            "max_bin": 0,
            "max_float32_ulp_error": 0,
            "max_row": 0,
            "max_total_variation": 0.0,
            "mean_abs_logp_error": 0.0,
            "p99_abs_logp_error": 0.0,
            "right_logp": -34.26434326171875
          },
          "reverse": {
            "left_logp": -34.26434326171875,
            "max_abs_logp_error": 0.0,
            "max_abs_probability_error": 0.0,
            "max_bin": 0,
            "max_float32_ulp_error": 0,
            "max_row": 0,
            "max_total_variation": 0.0,
            "mean_abs_logp_error": 0.0,
            "p99_abs_logp_error": 0.0,
            "right_logp": -34.26434326171875
          },
          "rows": 356,
          "same_shape_block_permutation": {
            "left_logp": -34.26434326171875,
            "max_abs_logp_error": 0.0,
            "max_abs_probability_error": 0.0,
            "max_bin": 0,
            "max_float32_ulp_error": 0,
            "max_row": 0,
            "max_total_variation": 0.0,
            "mean_abs_logp_error": 0.0,
            "p99_abs_logp_error": 0.0,
            "right_logp": -34.26434326171875
          }
        },
        {
          "bank_index": 1,
          "batch_8": {
            "left_logp": -36.865264892578125,
            "max_abs_logp_error": 2.288818359375e-05,
            "max_abs_probability_error": 1.5945079333279377e-07,
            "max_bin": 5,
            "max_float32_ulp_error": 11,
            "max_row": 23,
            "max_total_variation": 4.134968040804853e-07,
            "mean_abs_logp_error": 1.7661124132992177e-06,
            "p99_abs_logp_error": 9.5367431640625e-06,
            "right_logp": -36.86524200439453
          },
          "context_roll_contiguous": {
            "left_logp": -28.47170639038086,
            "max_abs_logp_error": 1.33514404296875e-05,
            "max_abs_probability_error": 7.972543468459659e-08,
            "max_bin": 5,
            "max_float32_ulp_error": 8,
            "max_row": 334,
            "max_total_variation": 3.5219098913219894e-07,
            "mean_abs_logp_error": 1.0493431198463012e-06,
            "p99_abs_logp_error": 7.62939453125e-06,
            "right_logp": -28.47171974182129
          },
          "context_roll_view": {
            "left_logp": -28.47170639038086,
            "max_abs_logp_error": 1.33514404296875e-05,
            "max_abs_probability_error": 7.972543468459659e-08,
            "max_bin": 5,
            "max_float32_ulp_error": 8,
            "max_row": 334,
            "max_total_variation": 3.5219098913219894e-07,
            "mean_abs_logp_error": 1.0493431198463012e-06,
            "p99_abs_logp_error": 7.62939453125e-06,
            "right_logp": -28.47171974182129
          },
          "draw_index": 1,
          "random_permutation_1": {
            "left_logp": -28.3936824798584,
            "max_abs_logp_error": 0.0,
            "max_abs_probability_error": 0.0,
            "max_bin": 0,
            "max_float32_ulp_error": 0,
            "max_row": 0,
            "max_total_variation": 0.0,
            "mean_abs_logp_error": 0.0,
            "p99_abs_logp_error": 0.0,
            "right_logp": -28.3936824798584
          },
          "random_permutation_2": {
            "left_logp": -28.3936824798584,
            "max_abs_logp_error": 0.0,
            "max_abs_probability_error": 0.0,
            "max_bin": 0,
            "max_float32_ulp_error": 0,
            "max_row": 0,
            "max_total_variation": 0.0,
            "mean_abs_logp_error": 0.0,
            "p99_abs_logp_error": 0.0,
            "right_logp": -28.3936824798584
          },
          "repeat": {
            "left_logp": -28.3936824798584,
            "max_abs_logp_error": 0.0,
            "max_abs_probability_error": 0.0,
            "max_bin": 0,
            "max_float32_ulp_error": 0,
            "max_row": 0,
            "max_total_variation": 0.0,
            "mean_abs_logp_error": 0.0,
            "p99_abs_logp_error": 0.0,
            "right_logp": -28.3936824798584
          },
          "reverse": {
            "left_logp": -28.3936824798584,
            "max_abs_logp_error": 0.0,
            "max_abs_probability_error": 0.0,
            "max_bin": 0,
            "max_float32_ulp_error": 0,
            "max_row": 0,
            "max_total_variation": 0.0,
            "mean_abs_logp_error": 0.0,
            "p99_abs_logp_error": 0.0,
            "right_logp": -28.3936824798584
          },
          "rows": 356,
          "same_shape_block_permutation": {
            "left_logp": -28.3936824798584,
            "max_abs_logp_error": 0.0,
            "max_abs_probability_error": 0.0,
            "max_bin": 0,
            "max_float32_ulp_error": 0,
            "max_row": 0,
            "max_total_variation": 0.0,
            "mean_abs_logp_error": 0.0,
            "p99_abs_logp_error": 0.0,
            "right_logp": -28.3936824798584
          }
        },
        {
          "bank_index": 2,
          "batch_8": {
            "left_logp": -38.05348205566406,
            "max_abs_logp_error": 1.9073486328125e-05,
            "max_abs_probability_error": 1.359415278817666e-07,
            "max_bin": 90,
            "max_float32_ulp_error": 9,
            "max_row": 80,
            "max_total_variation": 5.018300161107821e-07,
            "mean_abs_logp_error": 1.7962321429185464e-06,
            "p99_abs_logp_error": 1.1444091796875e-05,
            "right_logp": -38.053462982177734
          },
          "context_roll_contiguous": {
            "left_logp": -42.171539306640625,
            "max_abs_logp_error": 1.1444091796875e-05,
            "max_abs_probability_error": 8.628144022859718e-08,
            "max_bin": 1,
            "max_float32_ulp_error": 5,
            "max_row": 43,
            "max_total_variation": 2.839425302820477e-07,
            "mean_abs_logp_error": 1.046664278272172e-06,
            "p99_abs_logp_error": 7.62939453125e-06,
            "right_logp": -42.17152786254883
          },
          "context_roll_view": {
            "left_logp": -42.171539306640625,
            "max_abs_logp_error": 1.1444091796875e-05,
            "max_abs_probability_error": 8.628144022859718e-08,
            "max_bin": 1,
            "max_float32_ulp_error": 5,
            "max_row": 43,
            "max_total_variation": 2.839425302820477e-07,
            "mean_abs_logp_error": 1.046664278272172e-06,
            "p99_abs_logp_error": 7.62939453125e-06,
            "right_logp": -42.17152786254883
          },
          "draw_index": 1,
          "random_permutation_1": {
            "left_logp": -32.766258239746094,
            "max_abs_logp_error": 0.0,
            "max_abs_probability_error": 0.0,
            "max_bin": 0,
            "max_float32_ulp_error": 0,
            "max_row": 0,
            "max_total_variation": 0.0,
            "mean_abs_logp_error": 0.0,
            "p99_abs_logp_error": 0.0,
            "right_logp": -32.766258239746094
          },
          "random_permutation_2": {
            "left_logp": -32.766258239746094,
            "max_abs_logp_error": 0.0,
            "max_abs_probability_error": 0.0,
            "max_bin": 0,
            "max_float32_ulp_error": 0,
            "max_row": 0,
            "max_total_variation": 0.0,
            "mean_abs_logp_error": 0.0,
            "p99_abs_logp_error": 0.0,
            "right_logp": -32.766258239746094
          },
          "repeat": {
            "left_logp": -32.766258239746094,
            "max_abs_logp_error": 0.0,
            "max_abs_probability_error": 0.0,
            "max_bin": 0,
            "max_float32_ulp_error": 0,
            "max_row": 0,
            "max_total_variation": 0.0,
            "mean_abs_logp_error": 0.0,
            "p99_abs_logp_error": 0.0,
            "right_logp": -32.766258239746094
          },
          "reverse": {
            "left_logp": -32.766258239746094,
            "max_abs_logp_error": 0.0,
            "max_abs_probability_error": 0.0,
            "max_bin": 0,
            "max_float32_ulp_error": 0,
            "max_row": 0,
            "max_total_variation": 0.0,
            "mean_abs_logp_error": 0.0,
            "p99_abs_logp_error": 0.0,
            "right_logp": -32.766258239746094
          },
          "rows": 355,
          "same_shape_block_permutation": {
            "left_logp": -32.766258239746094,
            "max_abs_logp_error": 0.0,
            "max_abs_probability_error": 0.0,
            "max_bin": 0,
            "max_float32_ulp_error": 0,
            "max_row": 0,
            "max_total_variation": 0.0,
            "mean_abs_logp_error": 0.0,
            "p99_abs_logp_error": 0.0,
            "right_logp": -32.766258239746094
          }
        },
        {
          "bank_index": 0,
          "batch_8": {
            "left_logp": -38.37626647949219,
            "max_abs_logp_error": 2.288818359375e-05,
            "max_abs_probability_error": 1.2178701483400722e-07,
            "max_bin": 8,
            "max_float32_ulp_error": 15,
            "max_row": 162,
            "max_total_variation": 4.842274488740267e-07,
            "mean_abs_logp_error": 1.828774307551009e-06,
            "p99_abs_logp_error": 1.1444091796875e-05,
            "right_logp": -38.37628936767578
          },
          "context_roll_contiguous": {
            "left_logp": -39.27504348754883,
            "max_abs_logp_error": 1.52587890625e-05,
            "max_abs_probability_error": 8.596950988593033e-08,
            "max_bin": 5,
            "max_float32_ulp_error": 7,
            "max_row": 165,
            "max_total_variation": 3.2067421986830753e-07,
            "mean_abs_logp_error": 1.11580899592196e-06,
            "p99_abs_logp_error": 7.62939453125e-06,
            "right_logp": -39.275028228759766
          },
          "context_roll_view": {
            "left_logp": -39.27504348754883,
            "max_abs_logp_error": 1.52587890625e-05,
            "max_abs_probability_error": 8.596950988593033e-08,
            "max_bin": 5,
            "max_float32_ulp_error": 7,
            "max_row": 165,
            "max_total_variation": 3.2067421986830753e-07,
            "mean_abs_logp_error": 1.11580899592196e-06,
            "p99_abs_logp_error": 7.62939453125e-06,
            "right_logp": -39.275028228759766
          },
          "draw_index": 2,
          "random_permutation_1": {
            "left_logp": -33.268009185791016,
            "max_abs_logp_error": 0.0,
            "max_abs_probability_error": 0.0,
            "max_bin": 0,
            "max_float32_ulp_error": 0,
            "max_row": 0,
            "max_total_variation": 0.0,
            "mean_abs_logp_error": 0.0,
            "p99_abs_logp_error": 0.0,
            "right_logp": -33.268009185791016
          },
          "random_permutation_2": {
            "left_logp": -33.268009185791016,
            "max_abs_logp_error": 0.0,
            "max_abs_probability_error": 0.0,
            "max_bin": 0,
            "max_float32_ulp_error": 0,
            "max_row": 0,
            "max_total_variation": 0.0,
            "mean_abs_logp_error": 0.0,
            "p99_abs_logp_error": 0.0,
            "right_logp": -33.268009185791016
          },
          "repeat": {
            "left_logp": -33.268009185791016,
            "max_abs_logp_error": 0.0,
            "max_abs_probability_error": 0.0,
            "max_bin": 0,
            "max_float32_ulp_error": 0,
            "max_row": 0,
            "max_total_variation": 0.0,
            "mean_abs_logp_error": 0.0,
            "p99_abs_logp_error": 0.0,
            "right_logp": -33.268009185791016
          },
          "reverse": {
            "left_logp": -33.268009185791016,
            "max_abs_logp_error": 0.0,
            "max_abs_probability_error": 0.0,
            "max_bin": 0,
            "max_float32_ulp_error": 0,
            "max_row": 0,
            "max_total_variation": 0.0,
            "mean_abs_logp_error": 0.0,
            "p99_abs_logp_error": 0.0,
            "right_logp": -33.268009185791016
          },
          "rows": 356,
          "same_shape_block_permutation": {
            "left_logp": -33.268009185791016,
            "max_abs_logp_error": 0.0,
            "max_abs_probability_error": 0.0,
            "max_bin": 0,
            "max_float32_ulp_error": 0,
            "max_row": 0,
            "max_total_variation": 0.0,
            "mean_abs_logp_error": 0.0,
            "p99_abs_logp_error": 0.0,
            "right_logp": -33.268009185791016
          }
        },
        {
          "bank_index": 1,
          "batch_8": {
            "left_logp": -38.70917510986328,
            "max_abs_logp_error": 2.288818359375e-05,
            "max_abs_probability_error": 1.392247256509771e-07,
            "max_bin": 99,
            "max_float32_ulp_error": 11,
            "max_row": 259,
            "max_total_variation": 4.507655328861678e-07,
            "mean_abs_logp_error": 1.8402364816558494e-06,
            "p99_abs_logp_error": 1.1444091796875e-05,
            "right_logp": -38.70915222167969
          },
          "context_roll_contiguous": {
            "left_logp": -36.16490936279297,
            "max_abs_logp_error": 1.52587890625e-05,
            "max_abs_probability_error": 8.665802300744652e-08,
            "max_bin": 8,
            "max_float32_ulp_error": 7,
            "max_row": 247,
            "max_total_variation": 2.9420132692841224e-07,
            "mean_abs_logp_error": 1.0275907730788327e-06,
            "p99_abs_logp_error": 7.62939453125e-06,
            "right_logp": -36.16492462158203
          },
          "context_roll_view": {
            "left_logp": -36.16490936279297,
            "max_abs_logp_error": 1.52587890625e-05,
            "max_abs_probability_error": 8.665802300744652e-08,
            "max_bin": 8,
            "max_float32_ulp_error": 7,
            "max_row": 247,
            "max_total_variation": 2.9420132692841224e-07,
            "mean_abs_logp_error": 1.0275907730788327e-06,
            "p99_abs_logp_error": 7.62939453125e-06,
            "right_logp": -36.16492462158203
          },
          "draw_index": 2,
          "random_permutation_1": {
            "left_logp": -34.27509307861328,
            "max_abs_logp_error": 0.0,
            "max_abs_probability_error": 0.0,
            "max_bin": 0,
            "max_float32_ulp_error": 0,
            "max_row": 0,
            "max_total_variation": 0.0,
            "mean_abs_logp_error": 0.0,
            "p99_abs_logp_error": 0.0,
            "right_logp": -34.27509307861328
          },
          "random_permutation_2": {
            "left_logp": -34.27509307861328,
            "max_abs_logp_error": 0.0,
            "max_abs_probability_error": 0.0,
            "max_bin": 0,
            "max_float32_ulp_error": 0,
            "max_row": 0,
            "max_total_variation": 0.0,
            "mean_abs_logp_error": 0.0,
            "p99_abs_logp_error": 0.0,
            "right_logp": -34.27509307861328
          },
          "repeat": {
            "left_logp": -34.27509307861328,
            "max_abs_logp_error": 0.0,
            "max_abs_probability_error": 0.0,
            "max_bin": 0,
            "max_float32_ulp_error": 0,
            "max_row": 0,
            "max_total_variation": 0.0,
            "mean_abs_logp_error": 0.0,
            "p99_abs_logp_error": 0.0,
            "right_logp": -34.27509307861328
          },
          "reverse": {
            "left_logp": -34.27509307861328,
            "max_abs_logp_error": 0.0,
            "max_abs_probability_error": 0.0,
            "max_bin": 0,
            "max_float32_ulp_error": 0,
            "max_row": 0,
            "max_total_variation": 0.0,
            "mean_abs_logp_error": 0.0,
            "p99_abs_logp_error": 0.0,
            "right_logp": -34.27509307861328
          },
          "rows": 356,
          "same_shape_block_permutation": {
            "left_logp": -34.27509307861328,
            "max_abs_logp_error": 0.0,
            "max_abs_probability_error": 0.0,
            "max_bin": 0,
            "max_float32_ulp_error": 0,
            "max_row": 0,
            "max_total_variation": 0.0,
            "mean_abs_logp_error": 0.0,
            "p99_abs_logp_error": 0.0,
            "right_logp": -34.27509307861328
          }
        },
        {
          "bank_index": 2,
          "batch_8": {
            "left_logp": -40.21001052856445,
            "max_abs_logp_error": 2.288818359375e-05,
            "max_abs_probability_error": 1.0760447517743632e-07,
            "max_bin": 4,
            "max_float32_ulp_error": 9,
            "max_row": 63,
            "max_total_variation": 4.7112635481151825e-07,
            "mean_abs_logp_error": 1.8195702996052487e-06,
            "p99_abs_logp_error": 1.1444091796875e-05,
            "right_logp": -40.21003341674805
          },
          "context_roll_contiguous": {
            "left_logp": -42.166419982910156,
            "max_abs_logp_error": 1.52587890625e-05,
            "max_abs_probability_error": 7.002785661069932e-08,
            "max_bin": 5,
            "max_float32_ulp_error": 6,
            "max_row": 151,
            "max_total_variation": 3.097244916345775e-07,
            "mean_abs_logp_error": 1.0058510471397723e-06,
            "p99_abs_logp_error": 7.62939453125e-06,
            "right_logp": -42.166404724121094
          },
          "context_roll_view": {
            "left_logp": -42.166419982910156,
            "max_abs_logp_error": 1.52587890625e-05,
            "max_abs_probability_error": 7.002785661069932e-08,
            "max_bin": 5,
            "max_float32_ulp_error": 6,
            "max_row": 151,
            "max_total_variation": 3.097244916345775e-07,
            "mean_abs_logp_error": 1.0058510471397723e-06,
            "p99_abs_logp_error": 7.62939453125e-06,
            "right_logp": -42.166404724121094
          },
          "draw_index": 2,
          "random_permutation_1": {
            "left_logp": -24.621952056884766,
            "max_abs_logp_error": 0.0,
            "max_abs_probability_error": 0.0,
            "max_bin": 0,
            "max_float32_ulp_error": 0,
            "max_row": 0,
            "max_total_variation": 0.0,
            "mean_abs_logp_error": 0.0,
            "p99_abs_logp_error": 0.0,
            "right_logp": -24.621952056884766
          },
          "random_permutation_2": {
            "left_logp": -24.621952056884766,
            "max_abs_logp_error": 0.0,
            "max_abs_probability_error": 0.0,
            "max_bin": 0,
            "max_float32_ulp_error": 0,
            "max_row": 0,
            "max_total_variation": 0.0,
            "mean_abs_logp_error": 0.0,
            "p99_abs_logp_error": 0.0,
            "right_logp": -24.621952056884766
          },
          "repeat": {
            "left_logp": -24.621952056884766,
            "max_abs_logp_error": 0.0,
            "max_abs_probability_error": 0.0,
            "max_bin": 0,
            "max_float32_ulp_error": 0,
            "max_row": 0,
            "max_total_variation": 0.0,
            "mean_abs_logp_error": 0.0,
            "p99_abs_logp_error": 0.0,
            "right_logp": -24.621952056884766
          },
          "reverse": {
            "left_logp": -24.621952056884766,
            "max_abs_logp_error": 0.0,
            "max_abs_probability_error": 0.0,
            "max_bin": 0,
            "max_float32_ulp_error": 0,
            "max_row": 0,
            "max_total_variation": 0.0,
            "mean_abs_logp_error": 0.0,
            "p99_abs_logp_error": 0.0,
            "right_logp": -24.621952056884766
          },
          "rows": 355,
          "same_shape_block_permutation": {
            "left_logp": -24.621952056884766,
            "max_abs_logp_error": 0.0,
            "max_abs_probability_error": 0.0,
            "max_bin": 0,
            "max_float32_ulp_error": 0,
            "max_row": 0,
            "max_total_variation": 0.0,
            "mean_abs_logp_error": 0.0,
            "p99_abs_logp_error": 0.0,
            "right_logp": -24.621952056884766
          }
        }
      ],
      "prior": "N",
      "remainder_35": {
        "left_logp": -30.832599639892578,
        "max_abs_logp_error": 0.0,
        "max_abs_probability_error": 0.0,
        "max_bin": 0,
        "max_float32_ulp_error": 0,
        "max_row": 0,
        "max_total_variation": 0.0,
        "mean_abs_logp_error": 0.0,
        "p99_abs_logp_error": 0.0,
        "right_logp": -30.832599639892578
      },
      "remainder_36": {
        "left_logp": -30.832599639892578,
        "max_abs_logp_error": 0.0,
        "max_abs_probability_error": 0.0,
        "max_bin": 0,
        "max_float32_ulp_error": 0,
        "max_row": 0,
        "max_total_variation": 0.0,
        "mean_abs_logp_error": 0.0,
        "p99_abs_logp_error": 0.0,
        "right_logp": -30.832599639892578
      },
      "remainder_43": {
        "left_logp": -30.832599639892578,
        "max_abs_logp_error": 0.0,
        "max_abs_probability_error": 0.0,
        "max_bin": 0,
        "max_float32_ulp_error": 0,
        "max_row": 0,
        "max_total_variation": 0.0,
        "mean_abs_logp_error": 0.0,
        "p99_abs_logp_error": 0.0,
        "right_logp": -30.832599639892578
      },
      "repeat": {
        "left_logp": -30.832599639892578,
        "max_abs_logp_error": 0.0,
        "max_abs_probability_error": 0.0,
        "max_bin": 0,
        "max_float32_ulp_error": 0,
        "max_row": 0,
        "max_total_variation": 0.0,
        "mean_abs_logp_error": 0.0,
        "p99_abs_logp_error": 0.0,
        "right_logp": -30.832599639892578
      },
      "reverse_batch": {
        "left_logp": -36.96809768676758,
        "max_abs_logp_error": 1.52587890625e-05,
        "max_abs_probability_error": 8.533926053322372e-08,
        "max_bin": 95,
        "max_float32_ulp_error": 7,
        "max_row": 6,
        "max_total_variation": 1.8860250275403816e-07,
        "mean_abs_logp_error": 3.7885374493069117e-07,
        "p99_abs_logp_error": 5.7220458984375e-06,
        "right_logp": -36.96811294555664
      },
      "rows": 72,
      "same_shape_block_permutation": {
        "left_logp": -30.832599639892578,
        "max_abs_logp_error": 0.0,
        "max_abs_probability_error": 0.0,
        "max_bin": 0,
        "max_float32_ulp_error": 0,
        "max_row": 0,
        "max_total_variation": 0.0,
        "mean_abs_logp_error": 0.0,
        "p99_abs_logp_error": 0.0,
        "right_logp": -30.832599639892578
      },
      "seed": 1,
      "singleton": {
        "left_logp": -37.976802825927734,
        "max_abs_logp_error": 1.52587890625e-05,
        "max_abs_probability_error": 9.394426772613151e-08,
        "max_bin": 1,
        "max_float32_ulp_error": 8,
        "max_row": 29,
        "max_total_variation": 3.2468983337878277e-07,
        "mean_abs_logp_error": 1.6150540775722927e-06,
        "p99_abs_logp_error": 7.648468017578541e-06,
        "right_logp": -37.9768180847168
      },
      "step": 120000
    },
    {
      "batch_8": {
        "left_logp": -25.362031936645508,
        "max_abs_logp_error": 1.1444091796875e-05,
        "max_abs_probability_error": 1.1585362302835023e-07,
        "max_bin": 8,
        "max_float32_ulp_error": 8,
        "max_row": 7,
        "max_total_variation": 2.5741761921144746e-07,
        "mean_abs_logp_error": 1.1493762334187827e-06,
        "p99_abs_logp_error": 5.7220458984375e-06,
        "right_logp": -25.362043380737305
      },
      "checkpoint_sha256": "6a593b0b19ad5e5eac30929bab698d74434c93d009a3a95773ad3d3a818637f2",
      "context_roll": {
        "left_logp": -24.763103485107422,
        "max_abs_logp_error": 7.62939453125e-06,
        "max_abs_probability_error": 5.5885005623146355e-08,
        "max_bin": 9,
        "max_float32_ulp_error": 4,
        "max_row": 22,
        "max_total_variation": 1.5090660592501936e-07,
        "mean_abs_logp_error": 7.265806198120117e-07,
        "p99_abs_logp_error": 3.814697265625e-06,
        "right_logp": -24.76309585571289
      },
      "fixed_shape_companion_replacement": {
        "left_logp": -22.52605628967285,
        "max_abs_logp_error": 0.0,
        "max_abs_probability_error": 0.0,
        "max_bin": 0,
        "max_float32_ulp_error": 0,
        "max_row": 0,
        "max_total_variation": 0.0,
        "mean_abs_logp_error": 0.0,
        "p99_abs_logp_error": 0.0,
        "right_logp": -22.52605628967285
      },
      "fixed_shape_focal_relocation": {
        "left_logp": -22.52605628967285,
        "max_abs_logp_error": 0.0,
        "max_abs_probability_error": 0.0,
        "max_bin": 0,
        "max_float32_ulp_error": 0,
        "max_row": 0,
        "max_total_variation": 0.0,
        "mean_abs_logp_error": 0.0,
        "p99_abs_logp_error": 0.0,
        "right_logp": -22.52605628967285
      },
      "full_panel_rows": 3201,
      "full_panel_shards": [
        {
          "bank_index": 0,
          "batch_8": {
            "left_logp": -26.048152923583984,
            "max_abs_logp_error": 1.33514404296875e-05,
            "max_abs_probability_error": 1.142500767048471e-07,
            "max_bin": 3,
            "max_float32_ulp_error": 10,
            "max_row": 183,
            "max_total_variation": 3.952989165761657e-07,
            "mean_abs_logp_error": 1.2406204523665182e-06,
            "p99_abs_logp_error": 5.7220458984375e-06,
            "right_logp": -26.048166275024414
          },
          "context_roll_contiguous": {
            "left_logp": -23.713485717773438,
            "max_abs_logp_error": 9.5367431640625e-06,
            "max_abs_probability_error": 6.661856447043313e-08,
            "max_bin": 12,
            "max_float32_ulp_error": 7,
            "max_row": 217,
            "max_total_variation": 3.0103520785763974e-07,
            "mean_abs_logp_error": 7.445725162377518e-07,
            "p99_abs_logp_error": 3.814697265625e-06,
            "right_logp": -23.7134952545166
          },
          "context_roll_view": {
            "left_logp": -23.713485717773438,
            "max_abs_logp_error": 9.5367431640625e-06,
            "max_abs_probability_error": 6.661856447043313e-08,
            "max_bin": 12,
            "max_float32_ulp_error": 7,
            "max_row": 217,
            "max_total_variation": 3.0103520785763974e-07,
            "mean_abs_logp_error": 7.445725162377518e-07,
            "p99_abs_logp_error": 3.814697265625e-06,
            "right_logp": -23.7134952545166
          },
          "draw_index": 0,
          "random_permutation_1": {
            "left_logp": -22.52605628967285,
            "max_abs_logp_error": 0.0,
            "max_abs_probability_error": 0.0,
            "max_bin": 0,
            "max_float32_ulp_error": 0,
            "max_row": 0,
            "max_total_variation": 0.0,
            "mean_abs_logp_error": 0.0,
            "p99_abs_logp_error": 0.0,
            "right_logp": -22.52605628967285
          },
          "random_permutation_2": {
            "left_logp": -22.52605628967285,
            "max_abs_logp_error": 0.0,
            "max_abs_probability_error": 0.0,
            "max_bin": 0,
            "max_float32_ulp_error": 0,
            "max_row": 0,
            "max_total_variation": 0.0,
            "mean_abs_logp_error": 0.0,
            "p99_abs_logp_error": 0.0,
            "right_logp": -22.52605628967285
          },
          "repeat": {
            "left_logp": -22.52605628967285,
            "max_abs_logp_error": 0.0,
            "max_abs_probability_error": 0.0,
            "max_bin": 0,
            "max_float32_ulp_error": 0,
            "max_row": 0,
            "max_total_variation": 0.0,
            "mean_abs_logp_error": 0.0,
            "p99_abs_logp_error": 0.0,
            "right_logp": -22.52605628967285
          },
          "reverse": {
            "left_logp": -22.52605628967285,
            "max_abs_logp_error": 0.0,
            "max_abs_probability_error": 0.0,
            "max_bin": 0,
            "max_float32_ulp_error": 0,
            "max_row": 0,
            "max_total_variation": 0.0,
            "mean_abs_logp_error": 0.0,
            "p99_abs_logp_error": 0.0,
            "right_logp": -22.52605628967285
          },
          "rows": 356,
          "same_shape_block_permutation": {
            "left_logp": -22.52605628967285,
            "max_abs_logp_error": 0.0,
            "max_abs_probability_error": 0.0,
            "max_bin": 0,
            "max_float32_ulp_error": 0,
            "max_row": 0,
            "max_total_variation": 0.0,
            "mean_abs_logp_error": 0.0,
            "p99_abs_logp_error": 0.0,
            "right_logp": -22.52605628967285
          }
        },
        {
          "bank_index": 1,
          "batch_8": {
            "left_logp": -26.05274200439453,
            "max_abs_logp_error": 1.33514404296875e-05,
            "max_abs_probability_error": 1.1819451545269644e-07,
            "max_bin": 12,
            "max_float32_ulp_error": 9,
            "max_row": 78,
            "max_total_variation": 3.544374910757119e-07,
            "mean_abs_logp_error": 1.187096820788437e-06,
            "p99_abs_logp_error": 5.7220458984375e-06,
            "right_logp": -26.05275535583496
          },
          "context_roll_contiguous": {
            "left_logp": -21.607097625732422,
            "max_abs_logp_error": 7.62939453125e-06,
            "max_abs_probability_error": 8.281675201171623e-08,
            "max_bin": 8,
            "max_float32_ulp_error": 6,
            "max_row": 75,
            "max_total_variation": 2.8671550530973657e-07,
            "mean_abs_logp_error": 8.114670099837057e-07,
            "p99_abs_logp_error": 3.814697265625e-06,
            "right_logp": -21.607105255126953
          },
          "context_roll_view": {
            "left_logp": -21.607097625732422,
            "max_abs_logp_error": 7.62939453125e-06,
            "max_abs_probability_error": 8.281675201171623e-08,
            "max_bin": 8,
            "max_float32_ulp_error": 6,
            "max_row": 75,
            "max_total_variation": 2.8671550530973657e-07,
            "mean_abs_logp_error": 8.114670099837057e-07,
            "p99_abs_logp_error": 3.814697265625e-06,
            "right_logp": -21.607105255126953
          },
          "draw_index": 0,
          "random_permutation_1": {
            "left_logp": -24.66750717163086,
            "max_abs_logp_error": 0.0,
            "max_abs_probability_error": 0.0,
            "max_bin": 0,
            "max_float32_ulp_error": 0,
            "max_row": 0,
            "max_total_variation": 0.0,
            "mean_abs_logp_error": 0.0,
            "p99_abs_logp_error": 0.0,
            "right_logp": -24.66750717163086
          },
          "random_permutation_2": {
            "left_logp": -24.66750717163086,
            "max_abs_logp_error": 0.0,
            "max_abs_probability_error": 0.0,
            "max_bin": 0,
            "max_float32_ulp_error": 0,
            "max_row": 0,
            "max_total_variation": 0.0,
            "mean_abs_logp_error": 0.0,
            "p99_abs_logp_error": 0.0,
            "right_logp": -24.66750717163086
          },
          "repeat": {
            "left_logp": -24.66750717163086,
            "max_abs_logp_error": 0.0,
            "max_abs_probability_error": 0.0,
            "max_bin": 0,
            "max_float32_ulp_error": 0,
            "max_row": 0,
            "max_total_variation": 0.0,
            "mean_abs_logp_error": 0.0,
            "p99_abs_logp_error": 0.0,
            "right_logp": -24.66750717163086
          },
          "reverse": {
            "left_logp": -24.66750717163086,
            "max_abs_logp_error": 0.0,
            "max_abs_probability_error": 0.0,
            "max_bin": 0,
            "max_float32_ulp_error": 0,
            "max_row": 0,
            "max_total_variation": 0.0,
            "mean_abs_logp_error": 0.0,
            "p99_abs_logp_error": 0.0,
            "right_logp": -24.66750717163086
          },
          "rows": 356,
          "same_shape_block_permutation": {
            "left_logp": -24.66750717163086,
            "max_abs_logp_error": 0.0,
            "max_abs_probability_error": 0.0,
            "max_bin": 0,
            "max_float32_ulp_error": 0,
            "max_row": 0,
            "max_total_variation": 0.0,
            "mean_abs_logp_error": 0.0,
            "p99_abs_logp_error": 0.0,
            "right_logp": -24.66750717163086
          }
        },
        {
          "bank_index": 2,
          "batch_8": {
            "left_logp": -21.736730575561523,
            "max_abs_logp_error": 1.33514404296875e-05,
            "max_abs_probability_error": 1.2063384507987607e-07,
            "max_bin": 94,
            "max_float32_ulp_error": 10,
            "max_row": 45,
            "max_total_variation": 3.5039828821261586e-07,
            "mean_abs_logp_error": 1.2305689529633858e-06,
            "p99_abs_logp_error": 5.7220458984375e-06,
            "right_logp": -21.736743927001953
          },
          "context_roll_contiguous": {
            "left_logp": -21.292945861816406,
            "max_abs_logp_error": 9.5367431640625e-06,
            "max_abs_probability_error": 7.114423719589702e-08,
            "max_bin": 12,
            "max_float32_ulp_error": 8,
            "max_row": 100,
            "max_total_variation": 3.5545450277796503e-07,
            "mean_abs_logp_error": 7.770934575040576e-07,
            "p99_abs_logp_error": 3.814697265625e-06,
            "right_logp": -21.292936325073242
          },
          "context_roll_view": {
            "left_logp": -21.292945861816406,
            "max_abs_logp_error": 9.5367431640625e-06,
            "max_abs_probability_error": 7.114423719589702e-08,
            "max_bin": 12,
            "max_float32_ulp_error": 8,
            "max_row": 100,
            "max_total_variation": 3.5545450277796503e-07,
            "mean_abs_logp_error": 7.770934575040576e-07,
            "p99_abs_logp_error": 3.814697265625e-06,
            "right_logp": -21.292936325073242
          },
          "draw_index": 0,
          "random_permutation_1": {
            "left_logp": -18.829587936401367,
            "max_abs_logp_error": 0.0,
            "max_abs_probability_error": 0.0,
            "max_bin": 0,
            "max_float32_ulp_error": 0,
            "max_row": 0,
            "max_total_variation": 0.0,
            "mean_abs_logp_error": 0.0,
            "p99_abs_logp_error": 0.0,
            "right_logp": -18.829587936401367
          },
          "random_permutation_2": {
            "left_logp": -18.829587936401367,
            "max_abs_logp_error": 0.0,
            "max_abs_probability_error": 0.0,
            "max_bin": 0,
            "max_float32_ulp_error": 0,
            "max_row": 0,
            "max_total_variation": 0.0,
            "mean_abs_logp_error": 0.0,
            "p99_abs_logp_error": 0.0,
            "right_logp": -18.829587936401367
          },
          "repeat": {
            "left_logp": -18.829587936401367,
            "max_abs_logp_error": 0.0,
            "max_abs_probability_error": 0.0,
            "max_bin": 0,
            "max_float32_ulp_error": 0,
            "max_row": 0,
            "max_total_variation": 0.0,
            "mean_abs_logp_error": 0.0,
            "p99_abs_logp_error": 0.0,
            "right_logp": -18.829587936401367
          },
          "reverse": {
            "left_logp": -18.829587936401367,
            "max_abs_logp_error": 0.0,
            "max_abs_probability_error": 0.0,
            "max_bin": 0,
            "max_float32_ulp_error": 0,
            "max_row": 0,
            "max_total_variation": 0.0,
            "mean_abs_logp_error": 0.0,
            "p99_abs_logp_error": 0.0,
            "right_logp": -18.829587936401367
          },
          "rows": 355,
          "same_shape_block_permutation": {
            "left_logp": -18.829587936401367,
            "max_abs_logp_error": 0.0,
            "max_abs_probability_error": 0.0,
            "max_bin": 0,
            "max_float32_ulp_error": 0,
            "max_row": 0,
            "max_total_variation": 0.0,
            "mean_abs_logp_error": 0.0,
            "p99_abs_logp_error": 0.0,
            "right_logp": -18.829587936401367
          }
        },
        {
          "bank_index": 0,
          "batch_8": {
            "left_logp": -25.969165802001953,
            "max_abs_logp_error": 1.1444091796875e-05,
            "max_abs_probability_error": 1.116938238010512e-07,
            "max_bin": 2,
            "max_float32_ulp_error": 9,
            "max_row": 24,
            "max_total_variation": 4.187505509381629e-07,
            "mean_abs_logp_error": 1.2276212820846044e-06,
            "p99_abs_logp_error": 5.7220458984375e-06,
            "right_logp": -25.96917724609375
          },
          "context_roll_contiguous": {
            "left_logp": -22.494050979614258,
            "max_abs_logp_error": 9.5367431640625e-06,
            "max_abs_probability_error": 1.029698389193312e-07,
            "max_bin": 0,
            "max_float32_ulp_error": 9,
            "max_row": 56,
            "max_total_variation": 4.002804437760472e-07,
            "mean_abs_logp_error": 7.921926091226299e-07,
            "p99_abs_logp_error": 3.814697265625e-06,
            "right_logp": -22.494060516357422
          },
          "context_roll_view": {
            "left_logp": -22.494050979614258,
            "max_abs_logp_error": 9.5367431640625e-06,
            "max_abs_probability_error": 1.029698389193312e-07,
            "max_bin": 0,
            "max_float32_ulp_error": 9,
            "max_row": 56,
            "max_total_variation": 4.002804437760472e-07,
            "mean_abs_logp_error": 7.921926091226299e-07,
            "p99_abs_logp_error": 3.814697265625e-06,
            "right_logp": -22.494060516357422
          },
          "draw_index": 1,
          "random_permutation_1": {
            "left_logp": -25.065650939941406,
            "max_abs_logp_error": 0.0,
            "max_abs_probability_error": 0.0,
            "max_bin": 0,
            "max_float32_ulp_error": 0,
            "max_row": 0,
            "max_total_variation": 0.0,
            "mean_abs_logp_error": 0.0,
            "p99_abs_logp_error": 0.0,
            "right_logp": -25.065650939941406
          },
          "random_permutation_2": {
            "left_logp": -25.065650939941406,
            "max_abs_logp_error": 0.0,
            "max_abs_probability_error": 0.0,
            "max_bin": 0,
            "max_float32_ulp_error": 0,
            "max_row": 0,
            "max_total_variation": 0.0,
            "mean_abs_logp_error": 0.0,
            "p99_abs_logp_error": 0.0,
            "right_logp": -25.065650939941406
          },
          "repeat": {
            "left_logp": -25.065650939941406,
            "max_abs_logp_error": 0.0,
            "max_abs_probability_error": 0.0,
            "max_bin": 0,
            "max_float32_ulp_error": 0,
            "max_row": 0,
            "max_total_variation": 0.0,
            "mean_abs_logp_error": 0.0,
            "p99_abs_logp_error": 0.0,
            "right_logp": -25.065650939941406
          },
          "reverse": {
            "left_logp": -25.065650939941406,
            "max_abs_logp_error": 0.0,
            "max_abs_probability_error": 0.0,
            "max_bin": 0,
            "max_float32_ulp_error": 0,
            "max_row": 0,
            "max_total_variation": 0.0,
            "mean_abs_logp_error": 0.0,
            "p99_abs_logp_error": 0.0,
            "right_logp": -25.065650939941406
          },
          "rows": 356,
          "same_shape_block_permutation": {
            "left_logp": -25.065650939941406,
            "max_abs_logp_error": 0.0,
            "max_abs_probability_error": 0.0,
            "max_bin": 0,
            "max_float32_ulp_error": 0,
            "max_row": 0,
            "max_total_variation": 0.0,
            "mean_abs_logp_error": 0.0,
            "p99_abs_logp_error": 0.0,
            "right_logp": -25.065650939941406
          }
        },
        {
          "bank_index": 1,
          "batch_8": {
            "left_logp": -27.725732803344727,
            "max_abs_logp_error": 1.33514404296875e-05,
            "max_abs_probability_error": 1.1492851975658525e-07,
            "max_bin": 12,
            "max_float32_ulp_error": 10,
            "max_row": 154,
            "max_total_variation": 4.795609910297044e-07,
            "mean_abs_logp_error": 1.259375824017471e-06,
            "p99_abs_logp_error": 5.7220458984375e-06,
            "right_logp": -27.725746154785156
          },
          "context_roll_contiguous": {
            "left_logp": -27.5399227142334,
            "max_abs_logp_error": 9.5367431640625e-06,
            "max_abs_probability_error": 7.843235956539463e-08,
            "max_bin": 94,
            "max_float32_ulp_error": 11,
            "max_row": 59,
            "max_total_variation": 6.533829931136509e-07,
            "mean_abs_logp_error": 7.936860738175638e-07,
            "p99_abs_logp_error": 3.814697265625e-06,
            "right_logp": -27.539932250976562
          },
          "context_roll_view": {
            "left_logp": -27.5399227142334,
            "max_abs_logp_error": 9.5367431640625e-06,
            "max_abs_probability_error": 7.843235956539463e-08,
            "max_bin": 94,
            "max_float32_ulp_error": 11,
            "max_row": 59,
            "max_total_variation": 6.533829931136509e-07,
            "mean_abs_logp_error": 7.936860738175638e-07,
            "p99_abs_logp_error": 3.814697265625e-06,
            "right_logp": -27.539932250976562
          },
          "draw_index": 1,
          "random_permutation_1": {
            "left_logp": -19.612428665161133,
            "max_abs_logp_error": 0.0,
            "max_abs_probability_error": 0.0,
            "max_bin": 0,
            "max_float32_ulp_error": 0,
            "max_row": 0,
            "max_total_variation": 0.0,
            "mean_abs_logp_error": 0.0,
            "p99_abs_logp_error": 0.0,
            "right_logp": -19.612428665161133
          },
          "random_permutation_2": {
            "left_logp": -19.612428665161133,
            "max_abs_logp_error": 0.0,
            "max_abs_probability_error": 0.0,
            "max_bin": 0,
            "max_float32_ulp_error": 0,
            "max_row": 0,
            "max_total_variation": 0.0,
            "mean_abs_logp_error": 0.0,
            "p99_abs_logp_error": 0.0,
            "right_logp": -19.612428665161133
          },
          "repeat": {
            "left_logp": -19.612428665161133,
            "max_abs_logp_error": 0.0,
            "max_abs_probability_error": 0.0,
            "max_bin": 0,
            "max_float32_ulp_error": 0,
            "max_row": 0,
            "max_total_variation": 0.0,
            "mean_abs_logp_error": 0.0,
            "p99_abs_logp_error": 0.0,
            "right_logp": -19.612428665161133
          },
          "reverse": {
            "left_logp": -19.612428665161133,
            "max_abs_logp_error": 0.0,
            "max_abs_probability_error": 0.0,
            "max_bin": 0,
            "max_float32_ulp_error": 0,
            "max_row": 0,
            "max_total_variation": 0.0,
            "mean_abs_logp_error": 0.0,
            "p99_abs_logp_error": 0.0,
            "right_logp": -19.612428665161133
          },
          "rows": 356,
          "same_shape_block_permutation": {
            "left_logp": -19.612428665161133,
            "max_abs_logp_error": 0.0,
            "max_abs_probability_error": 0.0,
            "max_bin": 0,
            "max_float32_ulp_error": 0,
            "max_row": 0,
            "max_total_variation": 0.0,
            "mean_abs_logp_error": 0.0,
            "p99_abs_logp_error": 0.0,
            "right_logp": -19.612428665161133
          }
        },
        {
          "bank_index": 2,
          "batch_8": {
            "left_logp": -21.07185935974121,
            "max_abs_logp_error": 1.33514404296875e-05,
            "max_abs_probability_error": 1.1811870802291846e-07,
            "max_bin": 1,
            "max_float32_ulp_error": 10,
            "max_row": 282,
            "max_total_variation": 4.6711417109824523e-07,
            "mean_abs_logp_error": 1.2598239200215944e-06,
            "p99_abs_logp_error": 5.7220458984375e-06,
            "right_logp": -21.07184600830078
          },
          "context_roll_contiguous": {
            "left_logp": -23.284648895263672,
            "max_abs_logp_error": 9.5367431640625e-06,
            "max_abs_probability_error": 7.457252934606196e-08,
            "max_bin": 91,
            "max_float32_ulp_error": 8,
            "max_row": 10,
            "max_total_variation": 4.1426826185160503e-07,
            "mean_abs_logp_error": 8.262513389050122e-07,
            "p99_abs_logp_error": 3.814697265625e-06,
            "right_logp": -23.284639358520508
          },
          "context_roll_view": {
            "left_logp": -23.284648895263672,
            "max_abs_logp_error": 9.5367431640625e-06,
            "max_abs_probability_error": 7.457252934606196e-08,
            "max_bin": 91,
            "max_float32_ulp_error": 8,
            "max_row": 10,
            "max_total_variation": 4.1426826185160503e-07,
            "mean_abs_logp_error": 8.262513389050122e-07,
            "p99_abs_logp_error": 3.814697265625e-06,
            "right_logp": -23.284639358520508
          },
          "draw_index": 1,
          "random_permutation_1": {
            "left_logp": -25.14497184753418,
            "max_abs_logp_error": 0.0,
            "max_abs_probability_error": 0.0,
            "max_bin": 0,
            "max_float32_ulp_error": 0,
            "max_row": 0,
            "max_total_variation": 0.0,
            "mean_abs_logp_error": 0.0,
            "p99_abs_logp_error": 0.0,
            "right_logp": -25.14497184753418
          },
          "random_permutation_2": {
            "left_logp": -25.14497184753418,
            "max_abs_logp_error": 0.0,
            "max_abs_probability_error": 0.0,
            "max_bin": 0,
            "max_float32_ulp_error": 0,
            "max_row": 0,
            "max_total_variation": 0.0,
            "mean_abs_logp_error": 0.0,
            "p99_abs_logp_error": 0.0,
            "right_logp": -25.14497184753418
          },
          "repeat": {
            "left_logp": -25.14497184753418,
            "max_abs_logp_error": 0.0,
            "max_abs_probability_error": 0.0,
            "max_bin": 0,
            "max_float32_ulp_error": 0,
            "max_row": 0,
            "max_total_variation": 0.0,
            "mean_abs_logp_error": 0.0,
            "p99_abs_logp_error": 0.0,
            "right_logp": -25.14497184753418
          },
          "reverse": {
            "left_logp": -25.14497184753418,
            "max_abs_logp_error": 0.0,
            "max_abs_probability_error": 0.0,
            "max_bin": 0,
            "max_float32_ulp_error": 0,
            "max_row": 0,
            "max_total_variation": 0.0,
            "mean_abs_logp_error": 0.0,
            "p99_abs_logp_error": 0.0,
            "right_logp": -25.14497184753418
          },
          "rows": 355,
          "same_shape_block_permutation": {
            "left_logp": -25.14497184753418,
            "max_abs_logp_error": 0.0,
            "max_abs_probability_error": 0.0,
            "max_bin": 0,
            "max_float32_ulp_error": 0,
            "max_row": 0,
            "max_total_variation": 0.0,
            "mean_abs_logp_error": 0.0,
            "p99_abs_logp_error": 0.0,
            "right_logp": -25.14497184753418
          }
        },
        {
          "bank_index": 0,
          "batch_8": {
            "left_logp": -22.38115119934082,
            "max_abs_logp_error": 1.33514404296875e-05,
            "max_abs_probability_error": 1.1585362302835023e-07,
            "max_bin": 94,
            "max_float32_ulp_error": 12,
            "max_row": 74,
            "max_total_variation": 3.542532345619723e-07,
            "mean_abs_logp_error": 1.2999773025512695e-06,
            "p99_abs_logp_error": 5.7220458984375e-06,
            "right_logp": -22.38113784790039
          },
          "context_roll_contiguous": {
            "left_logp": -24.56216812133789,
            "max_abs_logp_error": 9.5367431640625e-06,
            "max_abs_probability_error": 6.42726587507525e-08,
            "max_bin": 8,
            "max_float32_ulp_error": 8,
            "max_row": 58,
            "max_total_variation": 3.086125748526205e-07,
            "mean_abs_logp_error": 8.282366763339954e-07,
            "p99_abs_logp_error": 3.814697265625e-06,
            "right_logp": -24.562177658081055
          },
          "context_roll_view": {
            "left_logp": -24.56216812133789,
            "max_abs_logp_error": 9.5367431640625e-06,
            "max_abs_probability_error": 6.42726587507525e-08,
            "max_bin": 8,
            "max_float32_ulp_error": 8,
            "max_row": 58,
            "max_total_variation": 3.086125748526205e-07,
            "mean_abs_logp_error": 8.282366763339954e-07,
            "p99_abs_logp_error": 3.814697265625e-06,
            "right_logp": -24.562177658081055
          },
          "draw_index": 2,
          "random_permutation_1": {
            "left_logp": -22.024442672729492,
            "max_abs_logp_error": 0.0,
            "max_abs_probability_error": 0.0,
            "max_bin": 0,
            "max_float32_ulp_error": 0,
            "max_row": 0,
            "max_total_variation": 0.0,
            "mean_abs_logp_error": 0.0,
            "p99_abs_logp_error": 0.0,
            "right_logp": -22.024442672729492
          },
          "random_permutation_2": {
            "left_logp": -22.024442672729492,
            "max_abs_logp_error": 0.0,
            "max_abs_probability_error": 0.0,
            "max_bin": 0,
            "max_float32_ulp_error": 0,
            "max_row": 0,
            "max_total_variation": 0.0,
            "mean_abs_logp_error": 0.0,
            "p99_abs_logp_error": 0.0,
            "right_logp": -22.024442672729492
          },
          "repeat": {
            "left_logp": -22.024442672729492,
            "max_abs_logp_error": 0.0,
            "max_abs_probability_error": 0.0,
            "max_bin": 0,
            "max_float32_ulp_error": 0,
            "max_row": 0,
            "max_total_variation": 0.0,
            "mean_abs_logp_error": 0.0,
            "p99_abs_logp_error": 0.0,
            "right_logp": -22.024442672729492
          },
          "reverse": {
            "left_logp": -22.024442672729492,
            "max_abs_logp_error": 0.0,
            "max_abs_probability_error": 0.0,
            "max_bin": 0,
            "max_float32_ulp_error": 0,
            "max_row": 0,
            "max_total_variation": 0.0,
            "mean_abs_logp_error": 0.0,
            "p99_abs_logp_error": 0.0,
            "right_logp": -22.024442672729492
          },
          "rows": 356,
          "same_shape_block_permutation": {
            "left_logp": -22.024442672729492,
            "max_abs_logp_error": 0.0,
            "max_abs_probability_error": 0.0,
            "max_bin": 0,
            "max_float32_ulp_error": 0,
            "max_row": 0,
            "max_total_variation": 0.0,
            "mean_abs_logp_error": 0.0,
            "p99_abs_logp_error": 0.0,
            "right_logp": -22.024442672729492
          }
        },
        {
          "bank_index": 1,
          "batch_8": {
            "left_logp": -23.487424850463867,
            "max_abs_logp_error": 1.33514404296875e-05,
            "max_abs_probability_error": 9.104762047074111e-08,
            "max_bin": 93,
            "max_float32_ulp_error": 10,
            "max_row": 159,
            "max_total_variation": 5.573072719573783e-07,
            "mean_abs_logp_error": 1.21874420830373e-06,
            "p99_abs_logp_error": 5.7220458984375e-06,
            "right_logp": -23.487411499023438
          },
          "context_roll_contiguous": {
            "left_logp": -24.13450050354004,
            "max_abs_logp_error": 9.5367431640625e-06,
            "max_abs_probability_error": 6.953304235168822e-08,
            "max_bin": 9,
            "max_float32_ulp_error": 7,
            "max_row": 94,
            "max_total_variation": 2.8554263172519553e-07,
            "mean_abs_logp_error": 7.651394672608108e-07,
            "p99_abs_logp_error": 3.814697265625e-06,
            "right_logp": -24.134510040283203
          },
          "context_roll_view": {
            "left_logp": -24.13450050354004,
            "max_abs_logp_error": 9.5367431640625e-06,
            "max_abs_probability_error": 6.953304235168822e-08,
            "max_bin": 9,
            "max_float32_ulp_error": 7,
            "max_row": 94,
            "max_total_variation": 2.8554263172519553e-07,
            "mean_abs_logp_error": 7.651394672608108e-07,
            "p99_abs_logp_error": 3.814697265625e-06,
            "right_logp": -24.134510040283203
          },
          "draw_index": 2,
          "random_permutation_1": {
            "left_logp": -26.174650192260742,
            "max_abs_logp_error": 0.0,
            "max_abs_probability_error": 0.0,
            "max_bin": 0,
            "max_float32_ulp_error": 0,
            "max_row": 0,
            "max_total_variation": 0.0,
            "mean_abs_logp_error": 0.0,
            "p99_abs_logp_error": 0.0,
            "right_logp": -26.174650192260742
          },
          "random_permutation_2": {
            "left_logp": -26.174650192260742,
            "max_abs_logp_error": 0.0,
            "max_abs_probability_error": 0.0,
            "max_bin": 0,
            "max_float32_ulp_error": 0,
            "max_row": 0,
            "max_total_variation": 0.0,
            "mean_abs_logp_error": 0.0,
            "p99_abs_logp_error": 0.0,
            "right_logp": -26.174650192260742
          },
          "repeat": {
            "left_logp": -26.174650192260742,
            "max_abs_logp_error": 0.0,
            "max_abs_probability_error": 0.0,
            "max_bin": 0,
            "max_float32_ulp_error": 0,
            "max_row": 0,
            "max_total_variation": 0.0,
            "mean_abs_logp_error": 0.0,
            "p99_abs_logp_error": 0.0,
            "right_logp": -26.174650192260742
          },
          "reverse": {
            "left_logp": -26.174650192260742,
            "max_abs_logp_error": 0.0,
            "max_abs_probability_error": 0.0,
            "max_bin": 0,
            "max_float32_ulp_error": 0,
            "max_row": 0,
            "max_total_variation": 0.0,
            "mean_abs_logp_error": 0.0,
            "p99_abs_logp_error": 0.0,
            "right_logp": -26.174650192260742
          },
          "rows": 356,
          "same_shape_block_permutation": {
            "left_logp": -26.174650192260742,
            "max_abs_logp_error": 0.0,
            "max_abs_probability_error": 0.0,
            "max_bin": 0,
            "max_float32_ulp_error": 0,
            "max_row": 0,
            "max_total_variation": 0.0,
            "mean_abs_logp_error": 0.0,
            "p99_abs_logp_error": 0.0,
            "right_logp": -26.174650192260742
          }
        },
        {
          "bank_index": 2,
          "batch_8": {
            "left_logp": -24.814298629760742,
            "max_abs_logp_error": 1.52587890625e-05,
            "max_abs_probability_error": 1.371634358732221e-07,
            "max_bin": 90,
            "max_float32_ulp_error": 10,
            "max_row": 61,
            "max_total_variation": 4.113392254565011e-07,
            "mean_abs_logp_error": 1.226270702523245e-06,
            "p99_abs_logp_error": 5.7220458984375e-06,
            "right_logp": -24.81428337097168
          },
          "context_roll_contiguous": {
            "left_logp": -23.87442970275879,
            "max_abs_logp_error": 7.62939453125e-06,
            "max_abs_probability_error": 7.598052756407903e-08,
            "max_bin": 5,
            "max_float32_ulp_error": 6,
            "max_row": 7,
            "max_total_variation": 3.3561381564768644e-07,
            "mean_abs_logp_error": 7.775266405562279e-07,
            "p99_abs_logp_error": 3.814697265625e-06,
            "right_logp": -23.874422073364258
          },
          "context_roll_view": {
            "left_logp": -23.87442970275879,
            "max_abs_logp_error": 7.62939453125e-06,
            "max_abs_probability_error": 7.598052756407903e-08,
            "max_bin": 5,
            "max_float32_ulp_error": 6,
            "max_row": 7,
            "max_total_variation": 3.3561381564768644e-07,
            "mean_abs_logp_error": 7.775266405562279e-07,
            "p99_abs_logp_error": 3.814697265625e-06,
            "right_logp": -23.874422073364258
          },
          "draw_index": 2,
          "random_permutation_1": {
            "left_logp": -21.304790496826172,
            "max_abs_logp_error": 0.0,
            "max_abs_probability_error": 0.0,
            "max_bin": 0,
            "max_float32_ulp_error": 0,
            "max_row": 0,
            "max_total_variation": 0.0,
            "mean_abs_logp_error": 0.0,
            "p99_abs_logp_error": 0.0,
            "right_logp": -21.304790496826172
          },
          "random_permutation_2": {
            "left_logp": -21.304790496826172,
            "max_abs_logp_error": 0.0,
            "max_abs_probability_error": 0.0,
            "max_bin": 0,
            "max_float32_ulp_error": 0,
            "max_row": 0,
            "max_total_variation": 0.0,
            "mean_abs_logp_error": 0.0,
            "p99_abs_logp_error": 0.0,
            "right_logp": -21.304790496826172
          },
          "repeat": {
            "left_logp": -21.304790496826172,
            "max_abs_logp_error": 0.0,
            "max_abs_probability_error": 0.0,
            "max_bin": 0,
            "max_float32_ulp_error": 0,
            "max_row": 0,
            "max_total_variation": 0.0,
            "mean_abs_logp_error": 0.0,
            "p99_abs_logp_error": 0.0,
            "right_logp": -21.304790496826172
          },
          "reverse": {
            "left_logp": -21.304790496826172,
            "max_abs_logp_error": 0.0,
            "max_abs_probability_error": 0.0,
            "max_bin": 0,
            "max_float32_ulp_error": 0,
            "max_row": 0,
            "max_total_variation": 0.0,
            "mean_abs_logp_error": 0.0,
            "p99_abs_logp_error": 0.0,
            "right_logp": -21.304790496826172
          },
          "rows": 355,
          "same_shape_block_permutation": {
            "left_logp": -21.304790496826172,
            "max_abs_logp_error": 0.0,
            "max_abs_probability_error": 0.0,
            "max_bin": 0,
            "max_float32_ulp_error": 0,
            "max_row": 0,
            "max_total_variation": 0.0,
            "mean_abs_logp_error": 0.0,
            "p99_abs_logp_error": 0.0,
            "right_logp": -21.304790496826172
          }
        }
      ],
      "prior": "N",
      "remainder_35": {
        "left_logp": -22.52605628967285,
        "max_abs_logp_error": 0.0,
        "max_abs_probability_error": 0.0,
        "max_bin": 0,
        "max_float32_ulp_error": 0,
        "max_row": 0,
        "max_total_variation": 0.0,
        "mean_abs_logp_error": 0.0,
        "p99_abs_logp_error": 0.0,
        "right_logp": -22.52605628967285
      },
      "remainder_36": {
        "left_logp": -22.52605628967285,
        "max_abs_logp_error": 0.0,
        "max_abs_probability_error": 0.0,
        "max_bin": 0,
        "max_float32_ulp_error": 0,
        "max_row": 0,
        "max_total_variation": 0.0,
        "mean_abs_logp_error": 0.0,
        "p99_abs_logp_error": 0.0,
        "right_logp": -22.52605628967285
      },
      "remainder_43": {
        "left_logp": -22.52605628967285,
        "max_abs_logp_error": 0.0,
        "max_abs_probability_error": 0.0,
        "max_bin": 0,
        "max_float32_ulp_error": 0,
        "max_row": 0,
        "max_total_variation": 0.0,
        "mean_abs_logp_error": 0.0,
        "p99_abs_logp_error": 0.0,
        "right_logp": -22.52605628967285
      },
      "repeat": {
        "left_logp": -22.52605628967285,
        "max_abs_logp_error": 0.0,
        "max_abs_probability_error": 0.0,
        "max_bin": 0,
        "max_float32_ulp_error": 0,
        "max_row": 0,
        "max_total_variation": 0.0,
        "mean_abs_logp_error": 0.0,
        "p99_abs_logp_error": 0.0,
        "right_logp": -22.52605628967285
      },
      "reverse_batch": {
        "left_logp": -23.629995346069336,
        "max_abs_logp_error": 1.33514404296875e-05,
        "max_abs_probability_error": 6.784009573546079e-08,
        "max_bin": 93,
        "max_float32_ulp_error": 7,
        "max_row": 71,
        "max_total_variation": 1.5997566521937315e-07,
        "mean_abs_logp_error": 3.0567248662312823e-07,
        "p99_abs_logp_error": 4.76837158203125e-06,
        "right_logp": -23.630008697509766
      },
      "rows": 72,
      "same_shape_block_permutation": {
        "left_logp": -22.52605628967285,
        "max_abs_logp_error": 0.0,
        "max_abs_probability_error": 0.0,
        "max_bin": 0,
        "max_float32_ulp_error": 0,
        "max_row": 0,
        "max_total_variation": 0.0,
        "mean_abs_logp_error": 0.0,
        "p99_abs_logp_error": 0.0,
        "right_logp": -22.52605628967285
      },
      "seed": 2,
      "singleton": {
        "left_logp": -23.684711456298828,
        "max_abs_logp_error": 1.1444091796875e-05,
        "max_abs_probability_error": 1.0143794376693549e-07,
        "max_bin": 93,
        "max_float32_ulp_error": 8,
        "max_row": 22,
        "max_total_variation": 3.013039571072885e-07,
        "mean_abs_logp_error": 1.2048747804429797e-06,
        "p99_abs_logp_error": 5.7220458984375e-06,
        "right_logp": -23.68470001220703
      },
      "step": 20000
    },
    {
      "batch_8": {
        "left_logp": -42.85882568359375,
        "max_abs_logp_error": 2.6702880859375e-05,
        "max_abs_probability_error": 1.550849383080699e-07,
        "max_bin": 92,
        "max_float32_ulp_error": 10,
        "max_row": 21,
        "max_total_variation": 3.5518544485435744e-07,
        "mean_abs_logp_error": 1.8785562780168321e-06,
        "p99_abs_logp_error": 1.1444091796875e-05,
        "right_logp": -42.85879898071289
      },
      "checkpoint_sha256": "33ee4d882fa52039a4185fbc65b22c70e2e8189310537dde38d60772225531ef",
      "context_roll": {
        "left_logp": -37.551116943359375,
        "max_abs_logp_error": 1.1444091796875e-05,
        "max_abs_probability_error": 5.7049051344071344e-08,
        "max_bin": 8,
        "max_float32_ulp_error": 6,
        "max_row": 7,
        "max_total_variation": 1.944363520413744e-07,
        "mean_abs_logp_error": 1.191662417517768e-06,
        "p99_abs_logp_error": 7.62939453125e-06,
        "right_logp": -37.55110549926758
      },
      "fixed_shape_companion_replacement": {
        "left_logp": -31.849517822265625,
        "max_abs_logp_error": 0.0,
        "max_abs_probability_error": 0.0,
        "max_bin": 0,
        "max_float32_ulp_error": 0,
        "max_row": 0,
        "max_total_variation": 0.0,
        "mean_abs_logp_error": 0.0,
        "p99_abs_logp_error": 0.0,
        "right_logp": -31.849517822265625
      },
      "fixed_shape_focal_relocation": {
        "left_logp": -31.849517822265625,
        "max_abs_logp_error": 0.0,
        "max_abs_probability_error": 0.0,
        "max_bin": 0,
        "max_float32_ulp_error": 0,
        "max_row": 0,
        "max_total_variation": 0.0,
        "mean_abs_logp_error": 0.0,
        "p99_abs_logp_error": 0.0,
        "right_logp": -31.849517822265625
      },
      "full_panel_rows": 3201,
      "full_panel_shards": [
        {
          "bank_index": 0,
          "batch_8": {
            "left_logp": -45.23971176147461,
            "max_abs_logp_error": 3.0517578125e-05,
            "max_abs_probability_error": 1.301468143255491e-07,
            "max_bin": 92,
            "max_float32_ulp_error": 14,
            "max_row": 283,
            "max_total_variation": 6.400430509785078e-07,
            "mean_abs_logp_error": 1.9753582022163305e-06,
            "p99_abs_logp_error": 1.1444091796875e-05,
            "right_logp": -45.239681243896484
          },
          "context_roll_contiguous": {
            "left_logp": -43.35984420776367,
            "max_abs_logp_error": 1.52587890625e-05,
            "max_abs_probability_error": 9.09836928020269e-08,
            "max_bin": 11,
            "max_float32_ulp_error": 10,
            "max_row": 64,
            "max_total_variation": 2.377617806303303e-07,
            "mean_abs_logp_error": 1.135143671142921e-06,
            "p99_abs_logp_error": 7.62939453125e-06,
            "right_logp": -43.359859466552734
          },
          "context_roll_view": {
            "left_logp": -43.35984420776367,
            "max_abs_logp_error": 1.52587890625e-05,
            "max_abs_probability_error": 9.09836928020269e-08,
            "max_bin": 11,
            "max_float32_ulp_error": 10,
            "max_row": 64,
            "max_total_variation": 2.377617806303303e-07,
            "mean_abs_logp_error": 1.135143671142921e-06,
            "p99_abs_logp_error": 7.62939453125e-06,
            "right_logp": -43.359859466552734
          },
          "draw_index": 0,
          "random_permutation_1": {
            "left_logp": -31.849517822265625,
            "max_abs_logp_error": 0.0,
            "max_abs_probability_error": 0.0,
            "max_bin": 0,
            "max_float32_ulp_error": 0,
            "max_row": 0,
            "max_total_variation": 0.0,
            "mean_abs_logp_error": 0.0,
            "p99_abs_logp_error": 0.0,
            "right_logp": -31.849517822265625
          },
          "random_permutation_2": {
            "left_logp": -31.849517822265625,
            "max_abs_logp_error": 0.0,
            "max_abs_probability_error": 0.0,
            "max_bin": 0,
            "max_float32_ulp_error": 0,
            "max_row": 0,
            "max_total_variation": 0.0,
            "mean_abs_logp_error": 0.0,
            "p99_abs_logp_error": 0.0,
            "right_logp": -31.849517822265625
          },
          "repeat": {
            "left_logp": -31.849517822265625,
            "max_abs_logp_error": 0.0,
            "max_abs_probability_error": 0.0,
            "max_bin": 0,
            "max_float32_ulp_error": 0,
            "max_row": 0,
            "max_total_variation": 0.0,
            "mean_abs_logp_error": 0.0,
            "p99_abs_logp_error": 0.0,
            "right_logp": -31.849517822265625
          },
          "reverse": {
            "left_logp": -31.849517822265625,
            "max_abs_logp_error": 0.0,
            "max_abs_probability_error": 0.0,
            "max_bin": 0,
            "max_float32_ulp_error": 0,
            "max_row": 0,
            "max_total_variation": 0.0,
            "mean_abs_logp_error": 0.0,
            "p99_abs_logp_error": 0.0,
            "right_logp": -31.849517822265625
          },
          "rows": 356,
          "same_shape_block_permutation": {
            "left_logp": -31.849517822265625,
            "max_abs_logp_error": 0.0,
            "max_abs_probability_error": 0.0,
            "max_bin": 0,
            "max_float32_ulp_error": 0,
            "max_row": 0,
            "max_total_variation": 0.0,
            "mean_abs_logp_error": 0.0,
            "p99_abs_logp_error": 0.0,
            "right_logp": -31.849517822265625
          }
        },
        {
          "bank_index": 1,
          "batch_8": {
            "left_logp": -35.51829147338867,
            "max_abs_logp_error": 2.6702880859375e-05,
            "max_abs_probability_error": 1.416963740508148e-07,
            "max_bin": 11,
            "max_float32_ulp_error": 12,
            "max_row": 75,
            "max_total_variation": 4.3759698929052186e-07,
            "mean_abs_logp_error": 1.9572524542219184e-06,
            "p99_abs_logp_error": 1.1444091796875e-05,
            "right_logp": -35.51831817626953
          },
          "context_roll_contiguous": {
            "left_logp": -39.01089859008789,
            "max_abs_logp_error": 1.52587890625e-05,
            "max_abs_probability_error": 8.06625781307746e-08,
            "max_bin": 11,
            "max_float32_ulp_error": 7,
            "max_row": 71,
            "max_total_variation": 2.347330398981366e-07,
            "mean_abs_logp_error": 1.1135922389084035e-06,
            "p99_abs_logp_error": 7.62939453125e-06,
            "right_logp": -39.01088333129883
          },
          "context_roll_view": {
            "left_logp": -39.01089859008789,
            "max_abs_logp_error": 1.52587890625e-05,
            "max_abs_probability_error": 8.06625781307746e-08,
            "max_bin": 11,
            "max_float32_ulp_error": 7,
            "max_row": 71,
            "max_total_variation": 2.347330398981366e-07,
            "mean_abs_logp_error": 1.1135922389084035e-06,
            "p99_abs_logp_error": 7.62939453125e-06,
            "right_logp": -39.01088333129883
          },
          "draw_index": 0,
          "random_permutation_1": {
            "left_logp": -39.9660758972168,
            "max_abs_logp_error": 0.0,
            "max_abs_probability_error": 0.0,
            "max_bin": 0,
            "max_float32_ulp_error": 0,
            "max_row": 0,
            "max_total_variation": 0.0,
            "mean_abs_logp_error": 0.0,
            "p99_abs_logp_error": 0.0,
            "right_logp": -39.9660758972168
          },
          "random_permutation_2": {
            "left_logp": -39.9660758972168,
            "max_abs_logp_error": 0.0,
            "max_abs_probability_error": 0.0,
            "max_bin": 0,
            "max_float32_ulp_error": 0,
            "max_row": 0,
            "max_total_variation": 0.0,
            "mean_abs_logp_error": 0.0,
            "p99_abs_logp_error": 0.0,
            "right_logp": -39.9660758972168
          },
          "repeat": {
            "left_logp": -39.9660758972168,
            "max_abs_logp_error": 0.0,
            "max_abs_probability_error": 0.0,
            "max_bin": 0,
            "max_float32_ulp_error": 0,
            "max_row": 0,
            "max_total_variation": 0.0,
            "mean_abs_logp_error": 0.0,
            "p99_abs_logp_error": 0.0,
            "right_logp": -39.9660758972168
          },
          "reverse": {
            "left_logp": -39.9660758972168,
            "max_abs_logp_error": 0.0,
            "max_abs_probability_error": 0.0,
            "max_bin": 0,
            "max_float32_ulp_error": 0,
            "max_row": 0,
            "max_total_variation": 0.0,
            "mean_abs_logp_error": 0.0,
            "p99_abs_logp_error": 0.0,
            "right_logp": -39.9660758972168
          },
          "rows": 356,
          "same_shape_block_permutation": {
            "left_logp": -39.9660758972168,
            "max_abs_logp_error": 0.0,
            "max_abs_probability_error": 0.0,
            "max_bin": 0,
            "max_float32_ulp_error": 0,
            "max_row": 0,
            "max_total_variation": 0.0,
            "mean_abs_logp_error": 0.0,
            "p99_abs_logp_error": 0.0,
            "right_logp": -39.9660758972168
          }
        },
        {
          "bank_index": 2,
          "batch_8": {
            "left_logp": -42.85882568359375,
            "max_abs_logp_error": 2.6702880859375e-05,
            "max_abs_probability_error": 1.550849383080699e-07,
            "max_bin": 92,
            "max_float32_ulp_error": 11,
            "max_row": 5,
            "max_total_variation": 5.312694708062727e-07,
            "mean_abs_logp_error": 2.065430224781305e-06,
            "p99_abs_logp_error": 1.1444091796875e-05,
            "right_logp": -42.85879898071289
          },
          "context_roll_contiguous": {
            "left_logp": -46.02754211425781,
            "max_abs_logp_error": 1.9073486328125e-05,
            "max_abs_probability_error": 8.308785998112356e-08,
            "max_bin": 92,
            "max_float32_ulp_error": 8,
            "max_row": 252,
            "max_total_variation": 2.2990451101874438e-07,
            "mean_abs_logp_error": 1.2118446994835222e-06,
            "p99_abs_logp_error": 7.62939453125e-06,
            "right_logp": -46.027523040771484
          },
          "context_roll_view": {
            "left_logp": -46.02754211425781,
            "max_abs_logp_error": 1.9073486328125e-05,
            "max_abs_probability_error": 8.308785998112356e-08,
            "max_bin": 92,
            "max_float32_ulp_error": 8,
            "max_row": 252,
            "max_total_variation": 2.2990451101874438e-07,
            "mean_abs_logp_error": 1.2118446994835222e-06,
            "p99_abs_logp_error": 7.62939453125e-06,
            "right_logp": -46.027523040771484
          },
          "draw_index": 0,
          "random_permutation_1": {
            "left_logp": -24.86529541015625,
            "max_abs_logp_error": 0.0,
            "max_abs_probability_error": 0.0,
            "max_bin": 0,
            "max_float32_ulp_error": 0,
            "max_row": 0,
            "max_total_variation": 0.0,
            "mean_abs_logp_error": 0.0,
            "p99_abs_logp_error": 0.0,
            "right_logp": -24.86529541015625
          },
          "random_permutation_2": {
            "left_logp": -24.86529541015625,
            "max_abs_logp_error": 0.0,
            "max_abs_probability_error": 0.0,
            "max_bin": 0,
            "max_float32_ulp_error": 0,
            "max_row": 0,
            "max_total_variation": 0.0,
            "mean_abs_logp_error": 0.0,
            "p99_abs_logp_error": 0.0,
            "right_logp": -24.86529541015625
          },
          "repeat": {
            "left_logp": -24.86529541015625,
            "max_abs_logp_error": 0.0,
            "max_abs_probability_error": 0.0,
            "max_bin": 0,
            "max_float32_ulp_error": 0,
            "max_row": 0,
            "max_total_variation": 0.0,
            "mean_abs_logp_error": 0.0,
            "p99_abs_logp_error": 0.0,
            "right_logp": -24.86529541015625
          },
          "reverse": {
            "left_logp": -24.86529541015625,
            "max_abs_logp_error": 0.0,
            "max_abs_probability_error": 0.0,
            "max_bin": 0,
            "max_float32_ulp_error": 0,
            "max_row": 0,
            "max_total_variation": 0.0,
            "mean_abs_logp_error": 0.0,
            "p99_abs_logp_error": 0.0,
            "right_logp": -24.86529541015625
          },
          "rows": 355,
          "same_shape_block_permutation": {
            "left_logp": -24.86529541015625,
            "max_abs_logp_error": 0.0,
            "max_abs_probability_error": 0.0,
            "max_bin": 0,
            "max_float32_ulp_error": 0,
            "max_row": 0,
            "max_total_variation": 0.0,
            "mean_abs_logp_error": 0.0,
            "p99_abs_logp_error": 0.0,
            "right_logp": -24.86529541015625
          }
        },
        {
          "bank_index": 0,
          "batch_8": {
            "left_logp": -38.73115158081055,
            "max_abs_logp_error": 2.6702880859375e-05,
            "max_abs_probability_error": 1.7201366456220946e-07,
            "max_bin": 92,
            "max_float32_ulp_error": 11,
            "max_row": 56,
            "max_total_variation": 5.244835476469657e-07,
            "mean_abs_logp_error": 2.0883491869722857e-06,
            "p99_abs_logp_error": 1.1444091796875e-05,
            "right_logp": -38.73112487792969
          },
          "context_roll_contiguous": {
            "left_logp": -42.97238540649414,
            "max_abs_logp_error": 1.9073486328125e-05,
            "max_abs_probability_error": 9.120868008083427e-08,
            "max_bin": 8,
            "max_float32_ulp_error": 7,
            "max_row": 335,
            "max_total_variation": 3.000736387800561e-07,
            "mean_abs_logp_error": 1.260588008366274e-06,
            "p99_abs_logp_error": 7.62939453125e-06,
            "right_logp": -42.97240447998047
          },
          "context_roll_view": {
            "left_logp": -42.97238540649414,
            "max_abs_logp_error": 1.9073486328125e-05,
            "max_abs_probability_error": 9.120868008083427e-08,
            "max_bin": 8,
            "max_float32_ulp_error": 7,
            "max_row": 335,
            "max_total_variation": 3.000736387800561e-07,
            "mean_abs_logp_error": 1.260588008366274e-06,
            "p99_abs_logp_error": 7.62939453125e-06,
            "right_logp": -42.97240447998047
          },
          "draw_index": 1,
          "random_permutation_1": {
            "left_logp": -37.628562927246094,
            "max_abs_logp_error": 0.0,
            "max_abs_probability_error": 0.0,
            "max_bin": 0,
            "max_float32_ulp_error": 0,
            "max_row": 0,
            "max_total_variation": 0.0,
            "mean_abs_logp_error": 0.0,
            "p99_abs_logp_error": 0.0,
            "right_logp": -37.628562927246094
          },
          "random_permutation_2": {
            "left_logp": -37.628562927246094,
            "max_abs_logp_error": 0.0,
            "max_abs_probability_error": 0.0,
            "max_bin": 0,
            "max_float32_ulp_error": 0,
            "max_row": 0,
            "max_total_variation": 0.0,
            "mean_abs_logp_error": 0.0,
            "p99_abs_logp_error": 0.0,
            "right_logp": -37.628562927246094
          },
          "repeat": {
            "left_logp": -37.628562927246094,
            "max_abs_logp_error": 0.0,
            "max_abs_probability_error": 0.0,
            "max_bin": 0,
            "max_float32_ulp_error": 0,
            "max_row": 0,
            "max_total_variation": 0.0,
            "mean_abs_logp_error": 0.0,
            "p99_abs_logp_error": 0.0,
            "right_logp": -37.628562927246094
          },
          "reverse": {
            "left_logp": -37.628562927246094,
            "max_abs_logp_error": 0.0,
            "max_abs_probability_error": 0.0,
            "max_bin": 0,
            "max_float32_ulp_error": 0,
            "max_row": 0,
            "max_total_variation": 0.0,
            "mean_abs_logp_error": 0.0,
            "p99_abs_logp_error": 0.0,
            "right_logp": -37.628562927246094
          },
          "rows": 356,
          "same_shape_block_permutation": {
            "left_logp": -37.628562927246094,
            "max_abs_logp_error": 0.0,
            "max_abs_probability_error": 0.0,
            "max_bin": 0,
            "max_float32_ulp_error": 0,
            "max_row": 0,
            "max_total_variation": 0.0,
            "mean_abs_logp_error": 0.0,
            "p99_abs_logp_error": 0.0,
            "right_logp": -37.628562927246094
          }
        },
        {
          "bank_index": 1,
          "batch_8": {
            "left_logp": -39.52880096435547,
            "max_abs_logp_error": 3.0517578125e-05,
            "max_abs_probability_error": 1.7993394391124795e-07,
            "max_bin": 8,
            "max_float32_ulp_error": 13,
            "max_row": 265,
            "max_total_variation": 5.737526872684148e-07,
            "mean_abs_logp_error": 1.976332637701142e-06,
            "p99_abs_logp_error": 1.1444091796875e-05,
            "right_logp": -39.528770446777344
          },
          "context_roll_contiguous": {
            "left_logp": -38.26602554321289,
            "max_abs_logp_error": 1.52587890625e-05,
            "max_abs_probability_error": 8.954505491265419e-08,
            "max_bin": 11,
            "max_float32_ulp_error": 7,
            "max_row": 57,
            "max_total_variation": 2.2195707940620654e-07,
            "mean_abs_logp_error": 1.2016798673051127e-06,
            "p99_abs_logp_error": 7.62939453125e-06,
            "right_logp": -38.26601028442383
          },
          "context_roll_view": {
            "left_logp": -38.26602554321289,
            "max_abs_logp_error": 1.52587890625e-05,
            "max_abs_probability_error": 8.954505491265419e-08,
            "max_bin": 11,
            "max_float32_ulp_error": 7,
            "max_row": 57,
            "max_total_variation": 2.2195707940620654e-07,
            "mean_abs_logp_error": 1.2016798673051127e-06,
            "p99_abs_logp_error": 7.62939453125e-06,
            "right_logp": -38.26601028442383
          },
          "draw_index": 1,
          "random_permutation_1": {
            "left_logp": -24.959678649902344,
            "max_abs_logp_error": 0.0,
            "max_abs_probability_error": 0.0,
            "max_bin": 0,
            "max_float32_ulp_error": 0,
            "max_row": 0,
            "max_total_variation": 0.0,
            "mean_abs_logp_error": 0.0,
            "p99_abs_logp_error": 0.0,
            "right_logp": -24.959678649902344
          },
          "random_permutation_2": {
            "left_logp": -24.959678649902344,
            "max_abs_logp_error": 0.0,
            "max_abs_probability_error": 0.0,
            "max_bin": 0,
            "max_float32_ulp_error": 0,
            "max_row": 0,
            "max_total_variation": 0.0,
            "mean_abs_logp_error": 0.0,
            "p99_abs_logp_error": 0.0,
            "right_logp": -24.959678649902344
          },
          "repeat": {
            "left_logp": -24.959678649902344,
            "max_abs_logp_error": 0.0,
            "max_abs_probability_error": 0.0,
            "max_bin": 0,
            "max_float32_ulp_error": 0,
            "max_row": 0,
            "max_total_variation": 0.0,
            "mean_abs_logp_error": 0.0,
            "p99_abs_logp_error": 0.0,
            "right_logp": -24.959678649902344
          },
          "reverse": {
            "left_logp": -24.959678649902344,
            "max_abs_logp_error": 0.0,
            "max_abs_probability_error": 0.0,
            "max_bin": 0,
            "max_float32_ulp_error": 0,
            "max_row": 0,
            "max_total_variation": 0.0,
            "mean_abs_logp_error": 0.0,
            "p99_abs_logp_error": 0.0,
            "right_logp": -24.959678649902344
          },
          "rows": 356,
          "same_shape_block_permutation": {
            "left_logp": -24.959678649902344,
            "max_abs_logp_error": 0.0,
            "max_abs_probability_error": 0.0,
            "max_bin": 0,
            "max_float32_ulp_error": 0,
            "max_row": 0,
            "max_total_variation": 0.0,
            "mean_abs_logp_error": 0.0,
            "p99_abs_logp_error": 0.0,
            "right_logp": -24.959678649902344
          }
        },
        {
          "bank_index": 2,
          "batch_8": {
            "left_logp": -50.3616943359375,
            "max_abs_logp_error": 2.6702880859375e-05,
            "max_abs_probability_error": 1.5411267785536698e-07,
            "max_bin": 92,
            "max_float32_ulp_error": 14,
            "max_row": 202,
            "max_total_variation": 7.247399686517731e-07,
            "mean_abs_logp_error": 2.12852719803931e-06,
            "p99_abs_logp_error": 1.1444091796875e-05,
            "right_logp": -50.36166763305664
          },
          "context_roll_contiguous": {
            "left_logp": -36.443695068359375,
            "max_abs_logp_error": 1.52587890625e-05,
            "max_abs_probability_error": 7.662988878165411e-08,
            "max_bin": 5,
            "max_float32_ulp_error": 7,
            "max_row": 45,
            "max_total_variation": 4.4263443113496424e-07,
            "mean_abs_logp_error": 1.1931976801912549e-06,
            "p99_abs_logp_error": 7.62939453125e-06,
            "right_logp": -36.44371032714844
          },
          "context_roll_view": {
            "left_logp": -36.443695068359375,
            "max_abs_logp_error": 1.52587890625e-05,
            "max_abs_probability_error": 7.662988878165411e-08,
            "max_bin": 5,
            "max_float32_ulp_error": 7,
            "max_row": 45,
            "max_total_variation": 4.4263443113496424e-07,
            "mean_abs_logp_error": 1.1931976801912549e-06,
            "p99_abs_logp_error": 7.62939453125e-06,
            "right_logp": -36.44371032714844
          },
          "draw_index": 1,
          "random_permutation_1": {
            "left_logp": -37.333492279052734,
            "max_abs_logp_error": 0.0,
            "max_abs_probability_error": 0.0,
            "max_bin": 0,
            "max_float32_ulp_error": 0,
            "max_row": 0,
            "max_total_variation": 0.0,
            "mean_abs_logp_error": 0.0,
            "p99_abs_logp_error": 0.0,
            "right_logp": -37.333492279052734
          },
          "random_permutation_2": {
            "left_logp": -37.333492279052734,
            "max_abs_logp_error": 0.0,
            "max_abs_probability_error": 0.0,
            "max_bin": 0,
            "max_float32_ulp_error": 0,
            "max_row": 0,
            "max_total_variation": 0.0,
            "mean_abs_logp_error": 0.0,
            "p99_abs_logp_error": 0.0,
            "right_logp": -37.333492279052734
          },
          "repeat": {
            "left_logp": -37.333492279052734,
            "max_abs_logp_error": 0.0,
            "max_abs_probability_error": 0.0,
            "max_bin": 0,
            "max_float32_ulp_error": 0,
            "max_row": 0,
            "max_total_variation": 0.0,
            "mean_abs_logp_error": 0.0,
            "p99_abs_logp_error": 0.0,
            "right_logp": -37.333492279052734
          },
          "reverse": {
            "left_logp": -37.333492279052734,
            "max_abs_logp_error": 0.0,
            "max_abs_probability_error": 0.0,
            "max_bin": 0,
            "max_float32_ulp_error": 0,
            "max_row": 0,
            "max_total_variation": 0.0,
            "mean_abs_logp_error": 0.0,
            "p99_abs_logp_error": 0.0,
            "right_logp": -37.333492279052734
          },
          "rows": 355,
          "same_shape_block_permutation": {
            "left_logp": -37.333492279052734,
            "max_abs_logp_error": 0.0,
            "max_abs_probability_error": 0.0,
            "max_bin": 0,
            "max_float32_ulp_error": 0,
            "max_row": 0,
            "max_total_variation": 0.0,
            "mean_abs_logp_error": 0.0,
            "p99_abs_logp_error": 0.0,
            "right_logp": -37.333492279052734
          }
        },
        {
          "bank_index": 0,
          "batch_8": {
            "left_logp": -41.4979248046875,
            "max_abs_logp_error": 2.288818359375e-05,
            "max_abs_probability_error": 1.2985856043257193e-07,
            "max_bin": 8,
            "max_float32_ulp_error": 10,
            "max_row": 14,
            "max_total_variation": 3.9004204091903287e-07,
            "mean_abs_logp_error": 2.0281886786557315e-06,
            "p99_abs_logp_error": 1.1444091796875e-05,
            "right_logp": -41.497947692871094
          },
          "context_roll_contiguous": {
            "left_logp": -39.28037643432617,
            "max_abs_logp_error": 1.52587890625e-05,
            "max_abs_probability_error": 1.0023780015744332e-07,
            "max_bin": 97,
            "max_float32_ulp_error": 8,
            "max_row": 212,
            "max_total_variation": 2.914399000281163e-07,
            "mean_abs_logp_error": 1.2659859121515509e-06,
            "p99_abs_logp_error": 7.62939453125e-06,
            "right_logp": -39.28036117553711
          },
          "context_roll_view": {
            "left_logp": -39.28037643432617,
            "max_abs_logp_error": 1.52587890625e-05,
            "max_abs_probability_error": 1.0023780015744332e-07,
            "max_bin": 97,
            "max_float32_ulp_error": 8,
            "max_row": 212,
            "max_total_variation": 2.914399000281163e-07,
            "mean_abs_logp_error": 1.2659859121515509e-06,
            "p99_abs_logp_error": 7.62939453125e-06,
            "right_logp": -39.28036117553711
          },
          "draw_index": 2,
          "random_permutation_1": {
            "left_logp": -30.457935333251953,
            "max_abs_logp_error": 0.0,
            "max_abs_probability_error": 0.0,
            "max_bin": 0,
            "max_float32_ulp_error": 0,
            "max_row": 0,
            "max_total_variation": 0.0,
            "mean_abs_logp_error": 0.0,
            "p99_abs_logp_error": 0.0,
            "right_logp": -30.457935333251953
          },
          "random_permutation_2": {
            "left_logp": -30.457935333251953,
            "max_abs_logp_error": 0.0,
            "max_abs_probability_error": 0.0,
            "max_bin": 0,
            "max_float32_ulp_error": 0,
            "max_row": 0,
            "max_total_variation": 0.0,
            "mean_abs_logp_error": 0.0,
            "p99_abs_logp_error": 0.0,
            "right_logp": -30.457935333251953
          },
          "repeat": {
            "left_logp": -30.457935333251953,
            "max_abs_logp_error": 0.0,
            "max_abs_probability_error": 0.0,
            "max_bin": 0,
            "max_float32_ulp_error": 0,
            "max_row": 0,
            "max_total_variation": 0.0,
            "mean_abs_logp_error": 0.0,
            "p99_abs_logp_error": 0.0,
            "right_logp": -30.457935333251953
          },
          "reverse": {
            "left_logp": -30.457935333251953,
            "max_abs_logp_error": 0.0,
            "max_abs_probability_error": 0.0,
            "max_bin": 0,
            "max_float32_ulp_error": 0,
            "max_row": 0,
            "max_total_variation": 0.0,
            "mean_abs_logp_error": 0.0,
            "p99_abs_logp_error": 0.0,
            "right_logp": -30.457935333251953
          },
          "rows": 356,
          "same_shape_block_permutation": {
            "left_logp": -30.457935333251953,
            "max_abs_logp_error": 0.0,
            "max_abs_probability_error": 0.0,
            "max_bin": 0,
            "max_float32_ulp_error": 0,
            "max_row": 0,
            "max_total_variation": 0.0,
            "mean_abs_logp_error": 0.0,
            "p99_abs_logp_error": 0.0,
            "right_logp": -30.457935333251953
          }
        },
        {
          "bank_index": 1,
          "batch_8": {
            "left_logp": -54.31378173828125,
            "max_abs_logp_error": 2.6702880859375e-05,
            "max_abs_probability_error": 1.638610451354383e-07,
            "max_bin": 92,
            "max_float32_ulp_error": 11,
            "max_row": 324,
            "max_total_variation": 4.676859233989294e-07,
            "mean_abs_logp_error": 1.9258093298151253e-06,
            "p99_abs_logp_error": 1.1444091796875e-05,
            "right_logp": -54.31380844116211
          },
          "context_roll_contiguous": {
            "left_logp": -41.584171295166016,
            "max_abs_logp_error": 1.52587890625e-05,
            "max_abs_probability_error": 9.691849903181726e-08,
            "max_bin": 11,
            "max_float32_ulp_error": 10,
            "max_row": 18,
            "max_total_variation": 2.702222159261873e-07,
            "mean_abs_logp_error": 1.105964183807373e-06,
            "p99_abs_logp_error": 7.62939453125e-06,
            "right_logp": -41.58418655395508
          },
          "context_roll_view": {
            "left_logp": -41.584171295166016,
            "max_abs_logp_error": 1.52587890625e-05,
            "max_abs_probability_error": 9.691849903181726e-08,
            "max_bin": 11,
            "max_float32_ulp_error": 10,
            "max_row": 18,
            "max_total_variation": 2.702222159261873e-07,
            "mean_abs_logp_error": 1.105964183807373e-06,
            "p99_abs_logp_error": 7.62939453125e-06,
            "right_logp": -41.58418655395508
          },
          "draw_index": 2,
          "random_permutation_1": {
            "left_logp": -39.70112609863281,
            "max_abs_logp_error": 0.0,
            "max_abs_probability_error": 0.0,
            "max_bin": 0,
            "max_float32_ulp_error": 0,
            "max_row": 0,
            "max_total_variation": 0.0,
            "mean_abs_logp_error": 0.0,
            "p99_abs_logp_error": 0.0,
            "right_logp": -39.70112609863281
          },
          "random_permutation_2": {
            "left_logp": -39.70112609863281,
            "max_abs_logp_error": 0.0,
            "max_abs_probability_error": 0.0,
            "max_bin": 0,
            "max_float32_ulp_error": 0,
            "max_row": 0,
            "max_total_variation": 0.0,
            "mean_abs_logp_error": 0.0,
            "p99_abs_logp_error": 0.0,
            "right_logp": -39.70112609863281
          },
          "repeat": {
            "left_logp": -39.70112609863281,
            "max_abs_logp_error": 0.0,
            "max_abs_probability_error": 0.0,
            "max_bin": 0,
            "max_float32_ulp_error": 0,
            "max_row": 0,
            "max_total_variation": 0.0,
            "mean_abs_logp_error": 0.0,
            "p99_abs_logp_error": 0.0,
            "right_logp": -39.70112609863281
          },
          "reverse": {
            "left_logp": -39.70112609863281,
            "max_abs_logp_error": 0.0,
            "max_abs_probability_error": 0.0,
            "max_bin": 0,
            "max_float32_ulp_error": 0,
            "max_row": 0,
            "max_total_variation": 0.0,
            "mean_abs_logp_error": 0.0,
            "p99_abs_logp_error": 0.0,
            "right_logp": -39.70112609863281
          },
          "rows": 356,
          "same_shape_block_permutation": {
            "left_logp": -39.70112609863281,
            "max_abs_logp_error": 0.0,
            "max_abs_probability_error": 0.0,
            "max_bin": 0,
            "max_float32_ulp_error": 0,
            "max_row": 0,
            "max_total_variation": 0.0,
            "mean_abs_logp_error": 0.0,
            "p99_abs_logp_error": 0.0,
            "right_logp": -39.70112609863281
          }
        },
        {
          "bank_index": 2,
          "batch_8": {
            "left_logp": -43.7834358215332,
            "max_abs_logp_error": 3.0517578125e-05,
            "max_abs_probability_error": 1.2353655826080612e-07,
            "max_bin": 11,
            "max_float32_ulp_error": 13,
            "max_row": 341,
            "max_total_variation": 4.7488855188761194e-07,
            "mean_abs_logp_error": 2.0580829029351894e-06,
            "p99_abs_logp_error": 1.1444091796875e-05,
            "right_logp": -43.78340530395508
          },
          "context_roll_contiguous": {
            "left_logp": -39.5134162902832,
            "max_abs_logp_error": 1.9073486328125e-05,
            "max_abs_probability_error": 1.281797953056607e-07,
            "max_bin": 92,
            "max_float32_ulp_error": 7,
            "max_row": 323,
            "max_total_variation": 4.363423371718704e-07,
            "mean_abs_logp_error": 1.1788522693472848e-06,
            "p99_abs_logp_error": 7.62939453125e-06,
            "right_logp": -39.51343536376953
          },
          "context_roll_view": {
            "left_logp": -39.5134162902832,
            "max_abs_logp_error": 1.9073486328125e-05,
            "max_abs_probability_error": 1.281797953056607e-07,
            "max_bin": 92,
            "max_float32_ulp_error": 7,
            "max_row": 323,
            "max_total_variation": 4.363423371718704e-07,
            "mean_abs_logp_error": 1.1788522693472848e-06,
            "p99_abs_logp_error": 7.62939453125e-06,
            "right_logp": -39.51343536376953
          },
          "draw_index": 2,
          "random_permutation_1": {
            "left_logp": -27.898426055908203,
            "max_abs_logp_error": 0.0,
            "max_abs_probability_error": 0.0,
            "max_bin": 0,
            "max_float32_ulp_error": 0,
            "max_row": 0,
            "max_total_variation": 0.0,
            "mean_abs_logp_error": 0.0,
            "p99_abs_logp_error": 0.0,
            "right_logp": -27.898426055908203
          },
          "random_permutation_2": {
            "left_logp": -27.898426055908203,
            "max_abs_logp_error": 0.0,
            "max_abs_probability_error": 0.0,
            "max_bin": 0,
            "max_float32_ulp_error": 0,
            "max_row": 0,
            "max_total_variation": 0.0,
            "mean_abs_logp_error": 0.0,
            "p99_abs_logp_error": 0.0,
            "right_logp": -27.898426055908203
          },
          "repeat": {
            "left_logp": -27.898426055908203,
            "max_abs_logp_error": 0.0,
            "max_abs_probability_error": 0.0,
            "max_bin": 0,
            "max_float32_ulp_error": 0,
            "max_row": 0,
            "max_total_variation": 0.0,
            "mean_abs_logp_error": 0.0,
            "p99_abs_logp_error": 0.0,
            "right_logp": -27.898426055908203
          },
          "reverse": {
            "left_logp": -27.898426055908203,
            "max_abs_logp_error": 0.0,
            "max_abs_probability_error": 0.0,
            "max_bin": 0,
            "max_float32_ulp_error": 0,
            "max_row": 0,
            "max_total_variation": 0.0,
            "mean_abs_logp_error": 0.0,
            "p99_abs_logp_error": 0.0,
            "right_logp": -27.898426055908203
          },
          "rows": 355,
          "same_shape_block_permutation": {
            "left_logp": -27.898426055908203,
            "max_abs_logp_error": 0.0,
            "max_abs_probability_error": 0.0,
            "max_bin": 0,
            "max_float32_ulp_error": 0,
            "max_row": 0,
            "max_total_variation": 0.0,
            "mean_abs_logp_error": 0.0,
            "p99_abs_logp_error": 0.0,
            "right_logp": -27.898426055908203
          }
        }
      ],
      "prior": "N",
      "remainder_35": {
        "left_logp": -31.849517822265625,
        "max_abs_logp_error": 0.0,
        "max_abs_probability_error": 0.0,
        "max_bin": 0,
        "max_float32_ulp_error": 0,
        "max_row": 0,
        "max_total_variation": 0.0,
        "mean_abs_logp_error": 0.0,
        "p99_abs_logp_error": 0.0,
        "right_logp": -31.849517822265625
      },
      "remainder_36": {
        "left_logp": -31.849517822265625,
        "max_abs_logp_error": 0.0,
        "max_abs_probability_error": 0.0,
        "max_bin": 0,
        "max_float32_ulp_error": 0,
        "max_row": 0,
        "max_total_variation": 0.0,
        "mean_abs_logp_error": 0.0,
        "p99_abs_logp_error": 0.0,
        "right_logp": -31.849517822265625
      },
      "remainder_43": {
        "left_logp": -31.849517822265625,
        "max_abs_logp_error": 0.0,
        "max_abs_probability_error": 0.0,
        "max_bin": 0,
        "max_float32_ulp_error": 0,
        "max_row": 0,
        "max_total_variation": 0.0,
        "mean_abs_logp_error": 0.0,
        "p99_abs_logp_error": 0.0,
        "right_logp": -31.849517822265625
      },
      "repeat": {
        "left_logp": -31.849517822265625,
        "max_abs_logp_error": 0.0,
        "max_abs_probability_error": 0.0,
        "max_bin": 0,
        "max_float32_ulp_error": 0,
        "max_row": 0,
        "max_total_variation": 0.0,
        "mean_abs_logp_error": 0.0,
        "p99_abs_logp_error": 0.0,
        "right_logp": -31.849517822265625
      },
      "reverse_batch": {
        "left_logp": -35.00387954711914,
        "max_abs_logp_error": 1.52587890625e-05,
        "max_abs_probability_error": 9.846658399759178e-08,
        "max_bin": 92,
        "max_float32_ulp_error": 7,
        "max_row": 2,
        "max_total_variation": 3.877856347861513e-07,
        "mean_abs_logp_error": 4.04814879099528e-07,
        "p99_abs_logp_error": 5.7220458984375e-06,
        "right_logp": -35.00386428833008
      },
      "rows": 72,
      "same_shape_block_permutation": {
        "left_logp": -31.849517822265625,
        "max_abs_logp_error": 0.0,
        "max_abs_probability_error": 0.0,
        "max_bin": 0,
        "max_float32_ulp_error": 0,
        "max_row": 0,
        "max_total_variation": 0.0,
        "mean_abs_logp_error": 0.0,
        "p99_abs_logp_error": 0.0,
        "right_logp": -31.849517822265625
      },
      "seed": 2,
      "singleton": {
        "left_logp": -35.00387954711914,
        "max_abs_logp_error": 1.9073486328125e-05,
        "max_abs_probability_error": 1.3569930483459114e-07,
        "max_bin": 92,
        "max_float32_ulp_error": 9,
        "max_row": 2,
        "max_total_variation": 4.917443529915342e-07,
        "mean_abs_logp_error": 2.003924714194404e-06,
        "p99_abs_logp_error": 1.1444091796875e-05,
        "right_logp": -35.00386047363281
      },
      "step": 60000
    },
    {
      "batch_8": {
        "left_logp": -39.24949264526367,
        "max_abs_logp_error": 2.6702880859375e-05,
        "max_abs_probability_error": 1.0369495803685957e-07,
        "max_bin": 3,
        "max_float32_ulp_error": 11,
        "max_row": 7,
        "max_total_variation": 3.0128213192695353e-07,
        "mean_abs_logp_error": 2.2417969173855254e-06,
        "p99_abs_logp_error": 1.52587890625e-05,
        "right_logp": -39.24946594238281
      },
      "checkpoint_sha256": "5cfcf9c143c82adcbf627ee5b05fcb2bc80ce9c2ca08a7b13086ba434dfe0701",
      "context_roll": {
        "left_logp": -40.72434997558594,
        "max_abs_logp_error": 1.9073486328125e-05,
        "max_abs_probability_error": 5.610798713140408e-08,
        "max_bin": 88,
        "max_float32_ulp_error": 5,
        "max_row": 8,
        "max_total_variation": 2.580773443868451e-07,
        "mean_abs_logp_error": 1.1720922258165148e-06,
        "p99_abs_logp_error": 7.62939453125e-06,
        "right_logp": -40.724369049072266
      },
      "fixed_shape_companion_replacement": {
        "left_logp": -32.65230941772461,
        "max_abs_logp_error": 0.0,
        "max_abs_probability_error": 0.0,
        "max_bin": 0,
        "max_float32_ulp_error": 0,
        "max_row": 0,
        "max_total_variation": 0.0,
        "mean_abs_logp_error": 0.0,
        "p99_abs_logp_error": 0.0,
        "right_logp": -32.65230941772461
      },
      "fixed_shape_focal_relocation": {
        "left_logp": -32.65230941772461,
        "max_abs_logp_error": 0.0,
        "max_abs_probability_error": 0.0,
        "max_bin": 0,
        "max_float32_ulp_error": 0,
        "max_row": 0,
        "max_total_variation": 0.0,
        "mean_abs_logp_error": 0.0,
        "p99_abs_logp_error": 0.0,
        "right_logp": -32.65230941772461
      },
      "full_panel_rows": 3201,
      "full_panel_shards": [
        {
          "bank_index": 0,
          "batch_8": {
            "left_logp": -39.24949264526367,
            "max_abs_logp_error": 2.6702880859375e-05,
            "max_abs_probability_error": 1.212917075110731e-07,
            "max_bin": 3,
            "max_float32_ulp_error": 13,
            "max_row": 7,
            "max_total_variation": 4.6775528610669206e-07,
            "mean_abs_logp_error": 2.1142738588740318e-06,
            "p99_abs_logp_error": 1.1444091796875e-05,
            "right_logp": -39.24946594238281
          },
          "context_roll_contiguous": {
            "left_logp": -31.436613082885742,
            "max_abs_logp_error": 1.71661376953125e-05,
            "max_abs_probability_error": 8.077152841012847e-08,
            "max_bin": 94,
            "max_float32_ulp_error": 9,
            "max_row": 15,
            "max_total_variation": 2.874590238507561e-07,
            "mean_abs_logp_error": 1.342859161034059e-06,
            "p99_abs_logp_error": 7.62939453125e-06,
            "right_logp": -31.436595916748047
          },
          "context_roll_view": {
            "left_logp": -31.436613082885742,
            "max_abs_logp_error": 1.71661376953125e-05,
            "max_abs_probability_error": 8.077152841012847e-08,
            "max_bin": 94,
            "max_float32_ulp_error": 9,
            "max_row": 15,
            "max_total_variation": 2.874590238507561e-07,
            "mean_abs_logp_error": 1.342859161034059e-06,
            "p99_abs_logp_error": 7.62939453125e-06,
            "right_logp": -31.436595916748047
          },
          "draw_index": 0,
          "random_permutation_1": {
            "left_logp": -32.65230941772461,
            "max_abs_logp_error": 0.0,
            "max_abs_probability_error": 0.0,
            "max_bin": 0,
            "max_float32_ulp_error": 0,
            "max_row": 0,
            "max_total_variation": 0.0,
            "mean_abs_logp_error": 0.0,
            "p99_abs_logp_error": 0.0,
            "right_logp": -32.65230941772461
          },
          "random_permutation_2": {
            "left_logp": -32.65230941772461,
            "max_abs_logp_error": 0.0,
            "max_abs_probability_error": 0.0,
            "max_bin": 0,
            "max_float32_ulp_error": 0,
            "max_row": 0,
            "max_total_variation": 0.0,
            "mean_abs_logp_error": 0.0,
            "p99_abs_logp_error": 0.0,
            "right_logp": -32.65230941772461
          },
          "repeat": {
            "left_logp": -32.65230941772461,
            "max_abs_logp_error": 0.0,
            "max_abs_probability_error": 0.0,
            "max_bin": 0,
            "max_float32_ulp_error": 0,
            "max_row": 0,
            "max_total_variation": 0.0,
            "mean_abs_logp_error": 0.0,
            "p99_abs_logp_error": 0.0,
            "right_logp": -32.65230941772461
          },
          "reverse": {
            "left_logp": -32.65230941772461,
            "max_abs_logp_error": 0.0,
            "max_abs_probability_error": 0.0,
            "max_bin": 0,
            "max_float32_ulp_error": 0,
            "max_row": 0,
            "max_total_variation": 0.0,
            "mean_abs_logp_error": 0.0,
            "p99_abs_logp_error": 0.0,
            "right_logp": -32.65230941772461
          },
          "rows": 356,
          "same_shape_block_permutation": {
            "left_logp": -32.65230941772461,
            "max_abs_logp_error": 0.0,
            "max_abs_probability_error": 0.0,
            "max_bin": 0,
            "max_float32_ulp_error": 0,
            "max_row": 0,
            "max_total_variation": 0.0,
            "mean_abs_logp_error": 0.0,
            "p99_abs_logp_error": 0.0,
            "right_logp": -32.65230941772461
          }
        },
        {
          "bank_index": 1,
          "batch_8": {
            "left_logp": -36.118072509765625,
            "max_abs_logp_error": 3.0517578125e-05,
            "max_abs_probability_error": 1.432865475436973e-07,
            "max_bin": 11,
            "max_float32_ulp_error": 14,
            "max_row": 204,
            "max_total_variation": 4.0967169557880905e-07,
            "mean_abs_logp_error": 2.217995986509859e-06,
            "p99_abs_logp_error": 1.1444091796875e-05,
            "right_logp": -36.1180419921875
          },
          "context_roll_contiguous": {
            "left_logp": -40.72434997558594,
            "max_abs_logp_error": 1.9073486328125e-05,
            "max_abs_probability_error": 1.1277285252853098e-07,
            "max_bin": 88,
            "max_float32_ulp_error": 7,
            "max_row": 0,
            "max_total_variation": 3.0332753199329287e-07,
            "mean_abs_logp_error": 1.260025447674012e-06,
            "p99_abs_logp_error": 7.62939453125e-06,
            "right_logp": -40.724369049072266
          },
          "context_roll_view": {
            "left_logp": -40.72434997558594,
            "max_abs_logp_error": 1.9073486328125e-05,
            "max_abs_probability_error": 1.1277285252853098e-07,
            "max_bin": 88,
            "max_float32_ulp_error": 7,
            "max_row": 0,
            "max_total_variation": 3.0332753199329287e-07,
            "mean_abs_logp_error": 1.260025447674012e-06,
            "p99_abs_logp_error": 7.62939453125e-06,
            "right_logp": -40.724369049072266
          },
          "draw_index": 0,
          "random_permutation_1": {
            "left_logp": -40.25164794921875,
            "max_abs_logp_error": 0.0,
            "max_abs_probability_error": 0.0,
            "max_bin": 0,
            "max_float32_ulp_error": 0,
            "max_row": 0,
            "max_total_variation": 0.0,
            "mean_abs_logp_error": 0.0,
            "p99_abs_logp_error": 0.0,
            "right_logp": -40.25164794921875
          },
          "random_permutation_2": {
            "left_logp": -40.25164794921875,
            "max_abs_logp_error": 0.0,
            "max_abs_probability_error": 0.0,
            "max_bin": 0,
            "max_float32_ulp_error": 0,
            "max_row": 0,
            "max_total_variation": 0.0,
            "mean_abs_logp_error": 0.0,
            "p99_abs_logp_error": 0.0,
            "right_logp": -40.25164794921875
          },
          "repeat": {
            "left_logp": -40.25164794921875,
            "max_abs_logp_error": 0.0,
            "max_abs_probability_error": 0.0,
            "max_bin": 0,
            "max_float32_ulp_error": 0,
            "max_row": 0,
            "max_total_variation": 0.0,
            "mean_abs_logp_error": 0.0,
            "p99_abs_logp_error": 0.0,
            "right_logp": -40.25164794921875
          },
          "reverse": {
            "left_logp": -40.25164794921875,
            "max_abs_logp_error": 0.0,
            "max_abs_probability_error": 0.0,
            "max_bin": 0,
            "max_float32_ulp_error": 0,
            "max_row": 0,
            "max_total_variation": 0.0,
            "mean_abs_logp_error": 0.0,
            "p99_abs_logp_error": 0.0,
            "right_logp": -40.25164794921875
          },
          "rows": 356,
          "same_shape_block_permutation": {
            "left_logp": -40.25164794921875,
            "max_abs_logp_error": 0.0,
            "max_abs_probability_error": 0.0,
            "max_bin": 0,
            "max_float32_ulp_error": 0,
            "max_row": 0,
            "max_total_variation": 0.0,
            "mean_abs_logp_error": 0.0,
            "p99_abs_logp_error": 0.0,
            "right_logp": -40.25164794921875
          }
        },
        {
          "bank_index": 2,
          "batch_8": {
            "left_logp": -36.01402282714844,
            "max_abs_logp_error": 3.4332275390625e-05,
            "max_abs_probability_error": 1.241564510368054e-07,
            "max_bin": 11,
            "max_float32_ulp_error": 12,
            "max_row": 53,
            "max_total_variation": 3.7766386755445824e-07,
            "mean_abs_logp_error": 2.220704521931393e-06,
            "p99_abs_logp_error": 1.33514404296875e-05,
            "right_logp": -36.01405715942383
          },
          "context_roll_contiguous": {
            "left_logp": -37.42436218261719,
            "max_abs_logp_error": 1.9073486328125e-05,
            "max_abs_probability_error": 8.49041981859644e-08,
            "max_bin": 11,
            "max_float32_ulp_error": 8,
            "max_row": 290,
            "max_total_variation": 3.12065635218122e-07,
            "mean_abs_logp_error": 1.3075613639724088e-06,
            "p99_abs_logp_error": 7.62939453125e-06,
            "right_logp": -37.42434310913086
          },
          "context_roll_view": {
            "left_logp": -37.42436218261719,
            "max_abs_logp_error": 1.9073486328125e-05,
            "max_abs_probability_error": 8.49041981859644e-08,
            "max_bin": 11,
            "max_float32_ulp_error": 8,
            "max_row": 290,
            "max_total_variation": 3.12065635218122e-07,
            "mean_abs_logp_error": 1.3075613639724088e-06,
            "p99_abs_logp_error": 7.62939453125e-06,
            "right_logp": -37.42434310913086
          },
          "draw_index": 0,
          "random_permutation_1": {
            "left_logp": -26.91737937927246,
            "max_abs_logp_error": 0.0,
            "max_abs_probability_error": 0.0,
            "max_bin": 0,
            "max_float32_ulp_error": 0,
            "max_row": 0,
            "max_total_variation": 0.0,
            "mean_abs_logp_error": 0.0,
            "p99_abs_logp_error": 0.0,
            "right_logp": -26.91737937927246
          },
          "random_permutation_2": {
            "left_logp": -26.91737937927246,
            "max_abs_logp_error": 0.0,
            "max_abs_probability_error": 0.0,
            "max_bin": 0,
            "max_float32_ulp_error": 0,
            "max_row": 0,
            "max_total_variation": 0.0,
            "mean_abs_logp_error": 0.0,
            "p99_abs_logp_error": 0.0,
            "right_logp": -26.91737937927246
          },
          "repeat": {
            "left_logp": -26.91737937927246,
            "max_abs_logp_error": 0.0,
            "max_abs_probability_error": 0.0,
            "max_bin": 0,
            "max_float32_ulp_error": 0,
            "max_row": 0,
            "max_total_variation": 0.0,
            "mean_abs_logp_error": 0.0,
            "p99_abs_logp_error": 0.0,
            "right_logp": -26.91737937927246
          },
          "reverse": {
            "left_logp": -26.91737937927246,
            "max_abs_logp_error": 0.0,
            "max_abs_probability_error": 0.0,
            "max_bin": 0,
            "max_float32_ulp_error": 0,
            "max_row": 0,
            "max_total_variation": 0.0,
            "mean_abs_logp_error": 0.0,
            "p99_abs_logp_error": 0.0,
            "right_logp": -26.91737937927246
          },
          "rows": 355,
          "same_shape_block_permutation": {
            "left_logp": -26.91737937927246,
            "max_abs_logp_error": 0.0,
            "max_abs_probability_error": 0.0,
            "max_bin": 0,
            "max_float32_ulp_error": 0,
            "max_row": 0,
            "max_total_variation": 0.0,
            "mean_abs_logp_error": 0.0,
            "p99_abs_logp_error": 0.0,
            "right_logp": -26.91737937927246
          }
        },
        {
          "bank_index": 0,
          "batch_8": {
            "left_logp": -51.77809524536133,
            "max_abs_logp_error": 3.0517578125e-05,
            "max_abs_probability_error": 1.703247596851476e-07,
            "max_bin": 92,
            "max_float32_ulp_error": 11,
            "max_row": 353,
            "max_total_variation": 5.043798347866138e-07,
            "mean_abs_logp_error": 2.170452910862612e-06,
            "p99_abs_logp_error": 1.1444091796875e-05,
            "right_logp": -51.77812576293945
          },
          "context_roll_contiguous": {
            "left_logp": -37.39859390258789,
            "max_abs_logp_error": 1.9073486328125e-05,
            "max_abs_probability_error": 7.927575050581392e-08,
            "max_bin": 11,
            "max_float32_ulp_error": 10,
            "max_row": 219,
            "max_total_variation": 3.037265753825021e-07,
            "mean_abs_logp_error": 1.3208456253737547e-06,
            "p99_abs_logp_error": 7.62939453125e-06,
            "right_logp": -37.39861297607422
          },
          "context_roll_view": {
            "left_logp": -37.39859390258789,
            "max_abs_logp_error": 1.9073486328125e-05,
            "max_abs_probability_error": 7.927575050581392e-08,
            "max_bin": 11,
            "max_float32_ulp_error": 10,
            "max_row": 219,
            "max_total_variation": 3.037265753825021e-07,
            "mean_abs_logp_error": 1.3208456253737547e-06,
            "p99_abs_logp_error": 7.62939453125e-06,
            "right_logp": -37.39861297607422
          },
          "draw_index": 1,
          "random_permutation_1": {
            "left_logp": -37.71845626831055,
            "max_abs_logp_error": 0.0,
            "max_abs_probability_error": 0.0,
            "max_bin": 0,
            "max_float32_ulp_error": 0,
            "max_row": 0,
            "max_total_variation": 0.0,
            "mean_abs_logp_error": 0.0,
            "p99_abs_logp_error": 0.0,
            "right_logp": -37.71845626831055
          },
          "random_permutation_2": {
            "left_logp": -37.71845626831055,
            "max_abs_logp_error": 0.0,
            "max_abs_probability_error": 0.0,
            "max_bin": 0,
            "max_float32_ulp_error": 0,
            "max_row": 0,
            "max_total_variation": 0.0,
            "mean_abs_logp_error": 0.0,
            "p99_abs_logp_error": 0.0,
            "right_logp": -37.71845626831055
          },
          "repeat": {
            "left_logp": -37.71845626831055,
            "max_abs_logp_error": 0.0,
            "max_abs_probability_error": 0.0,
            "max_bin": 0,
            "max_float32_ulp_error": 0,
            "max_row": 0,
            "max_total_variation": 0.0,
            "mean_abs_logp_error": 0.0,
            "p99_abs_logp_error": 0.0,
            "right_logp": -37.71845626831055
          },
          "reverse": {
            "left_logp": -37.71845626831055,
            "max_abs_logp_error": 0.0,
            "max_abs_probability_error": 0.0,
            "max_bin": 0,
            "max_float32_ulp_error": 0,
            "max_row": 0,
            "max_total_variation": 0.0,
            "mean_abs_logp_error": 0.0,
            "p99_abs_logp_error": 0.0,
            "right_logp": -37.71845626831055
          },
          "rows": 356,
          "same_shape_block_permutation": {
            "left_logp": -37.71845626831055,
            "max_abs_logp_error": 0.0,
            "max_abs_probability_error": 0.0,
            "max_bin": 0,
            "max_float32_ulp_error": 0,
            "max_row": 0,
            "max_total_variation": 0.0,
            "mean_abs_logp_error": 0.0,
            "p99_abs_logp_error": 0.0,
            "right_logp": -37.71845626831055
          }
        },
        {
          "bank_index": 1,
          "batch_8": {
            "left_logp": -38.88637161254883,
            "max_abs_logp_error": 3.4332275390625e-05,
            "max_abs_probability_error": 1.3936054113483642e-07,
            "max_bin": 11,
            "max_float32_ulp_error": 14,
            "max_row": 97,
            "max_total_variation": 3.8589400105507104e-07,
            "mean_abs_logp_error": 2.298643080036292e-06,
            "p99_abs_logp_error": 1.33514404296875e-05,
            "right_logp": -38.88640594482422
          },
          "context_roll_contiguous": {
            "left_logp": -32.22494125366211,
            "max_abs_logp_error": 1.9073486328125e-05,
            "max_abs_probability_error": 8.067254896049203e-08,
            "max_bin": 12,
            "max_float32_ulp_error": 10,
            "max_row": 129,
            "max_total_variation": 3.2989453113331104e-07,
            "mean_abs_logp_error": 1.3191445489947716e-06,
            "p99_abs_logp_error": 7.62939453125e-06,
            "right_logp": -32.22496032714844
          },
          "context_roll_view": {
            "left_logp": -32.22494125366211,
            "max_abs_logp_error": 1.9073486328125e-05,
            "max_abs_probability_error": 8.067254896049203e-08,
            "max_bin": 12,
            "max_float32_ulp_error": 10,
            "max_row": 129,
            "max_total_variation": 3.2989453113331104e-07,
            "mean_abs_logp_error": 1.3191445489947716e-06,
            "p99_abs_logp_error": 7.62939453125e-06,
            "right_logp": -32.22496032714844
          },
          "draw_index": 1,
          "random_permutation_1": {
            "left_logp": -27.125490188598633,
            "max_abs_logp_error": 0.0,
            "max_abs_probability_error": 0.0,
            "max_bin": 0,
            "max_float32_ulp_error": 0,
            "max_row": 0,
            "max_total_variation": 0.0,
            "mean_abs_logp_error": 0.0,
            "p99_abs_logp_error": 0.0,
            "right_logp": -27.125490188598633
          },
          "random_permutation_2": {
            "left_logp": -27.125490188598633,
            "max_abs_logp_error": 0.0,
            "max_abs_probability_error": 0.0,
            "max_bin": 0,
            "max_float32_ulp_error": 0,
            "max_row": 0,
            "max_total_variation": 0.0,
            "mean_abs_logp_error": 0.0,
            "p99_abs_logp_error": 0.0,
            "right_logp": -27.125490188598633
          },
          "repeat": {
            "left_logp": -27.125490188598633,
            "max_abs_logp_error": 0.0,
            "max_abs_probability_error": 0.0,
            "max_bin": 0,
            "max_float32_ulp_error": 0,
            "max_row": 0,
            "max_total_variation": 0.0,
            "mean_abs_logp_error": 0.0,
            "p99_abs_logp_error": 0.0,
            "right_logp": -27.125490188598633
          },
          "reverse": {
            "left_logp": -27.125490188598633,
            "max_abs_logp_error": 0.0,
            "max_abs_probability_error": 0.0,
            "max_bin": 0,
            "max_float32_ulp_error": 0,
            "max_row": 0,
            "max_total_variation": 0.0,
            "mean_abs_logp_error": 0.0,
            "p99_abs_logp_error": 0.0,
            "right_logp": -27.125490188598633
          },
          "rows": 356,
          "same_shape_block_permutation": {
            "left_logp": -27.125490188598633,
            "max_abs_logp_error": 0.0,
            "max_abs_probability_error": 0.0,
            "max_bin": 0,
            "max_float32_ulp_error": 0,
            "max_row": 0,
            "max_total_variation": 0.0,
            "mean_abs_logp_error": 0.0,
            "p99_abs_logp_error": 0.0,
            "right_logp": -27.125490188598633
          }
        },
        {
          "bank_index": 2,
          "batch_8": {
            "left_logp": -51.19371032714844,
            "max_abs_logp_error": 3.0517578125e-05,
            "max_abs_probability_error": 1.510944715593654e-07,
            "max_bin": 88,
            "max_float32_ulp_error": 13,
            "max_row": 250,
            "max_total_variation": 6.004588900120143e-07,
            "mean_abs_logp_error": 2.322086146180059e-06,
            "p99_abs_logp_error": 1.33514404296875e-05,
            "right_logp": -51.19374084472656
          },
          "context_roll_contiguous": {
            "left_logp": -32.800262451171875,
            "max_abs_logp_error": 1.52587890625e-05,
            "max_abs_probability_error": 8.237640775066168e-08,
            "max_bin": 8,
            "max_float32_ulp_error": 8,
            "max_row": 10,
            "max_total_variation": 4.1871341754986025e-07,
            "mean_abs_logp_error": 1.3650605376337617e-06,
            "p99_abs_logp_error": 7.62939453125e-06,
            "right_logp": -32.80027770996094
          },
          "context_roll_view": {
            "left_logp": -32.800262451171875,
            "max_abs_logp_error": 1.52587890625e-05,
            "max_abs_probability_error": 8.237640775066168e-08,
            "max_bin": 8,
            "max_float32_ulp_error": 8,
            "max_row": 10,
            "max_total_variation": 4.1871341754986025e-07,
            "mean_abs_logp_error": 1.3650605376337617e-06,
            "p99_abs_logp_error": 7.62939453125e-06,
            "right_logp": -32.80027770996094
          },
          "draw_index": 1,
          "random_permutation_1": {
            "left_logp": -40.08405303955078,
            "max_abs_logp_error": 0.0,
            "max_abs_probability_error": 0.0,
            "max_bin": 0,
            "max_float32_ulp_error": 0,
            "max_row": 0,
            "max_total_variation": 0.0,
            "mean_abs_logp_error": 0.0,
            "p99_abs_logp_error": 0.0,
            "right_logp": -40.08405303955078
          },
          "random_permutation_2": {
            "left_logp": -40.08405303955078,
            "max_abs_logp_error": 0.0,
            "max_abs_probability_error": 0.0,
            "max_bin": 0,
            "max_float32_ulp_error": 0,
            "max_row": 0,
            "max_total_variation": 0.0,
            "mean_abs_logp_error": 0.0,
            "p99_abs_logp_error": 0.0,
            "right_logp": -40.08405303955078
          },
          "repeat": {
            "left_logp": -40.08405303955078,
            "max_abs_logp_error": 0.0,
            "max_abs_probability_error": 0.0,
            "max_bin": 0,
            "max_float32_ulp_error": 0,
            "max_row": 0,
            "max_total_variation": 0.0,
            "mean_abs_logp_error": 0.0,
            "p99_abs_logp_error": 0.0,
            "right_logp": -40.08405303955078
          },
          "reverse": {
            "left_logp": -40.08405303955078,
            "max_abs_logp_error": 0.0,
            "max_abs_probability_error": 0.0,
            "max_bin": 0,
            "max_float32_ulp_error": 0,
            "max_row": 0,
            "max_total_variation": 0.0,
            "mean_abs_logp_error": 0.0,
            "p99_abs_logp_error": 0.0,
            "right_logp": -40.08405303955078
          },
          "rows": 355,
          "same_shape_block_permutation": {
            "left_logp": -40.08405303955078,
            "max_abs_logp_error": 0.0,
            "max_abs_probability_error": 0.0,
            "max_bin": 0,
            "max_float32_ulp_error": 0,
            "max_row": 0,
            "max_total_variation": 0.0,
            "mean_abs_logp_error": 0.0,
            "p99_abs_logp_error": 0.0,
            "right_logp": -40.08405303955078
          }
        },
        {
          "bank_index": 0,
          "batch_8": {
            "left_logp": -39.08912658691406,
            "max_abs_logp_error": 3.0517578125e-05,
            "max_abs_probability_error": 1.2514518343831327e-07,
            "max_bin": 11,
            "max_float32_ulp_error": 15,
            "max_row": 223,
            "max_total_variation": 3.8974727976237305e-07,
            "mean_abs_logp_error": 2.370366219724162e-06,
            "p99_abs_logp_error": 1.52587890625e-05,
            "right_logp": -39.08909606933594
          },
          "context_roll_contiguous": {
            "left_logp": -32.603492736816406,
            "max_abs_logp_error": 1.52587890625e-05,
            "max_abs_probability_error": 8.023878460272638e-08,
            "max_bin": 13,
            "max_float32_ulp_error": 8,
            "max_row": 71,
            "max_total_variation": 2.682744245820971e-07,
            "mean_abs_logp_error": 1.351116748338335e-06,
            "p99_abs_logp_error": 7.62939453125e-06,
            "right_logp": -32.603477478027344
          },
          "context_roll_view": {
            "left_logp": -32.603492736816406,
            "max_abs_logp_error": 1.52587890625e-05,
            "max_abs_probability_error": 8.023878460272638e-08,
            "max_bin": 13,
            "max_float32_ulp_error": 8,
            "max_row": 71,
            "max_total_variation": 2.682744245820971e-07,
            "mean_abs_logp_error": 1.351116748338335e-06,
            "p99_abs_logp_error": 7.62939453125e-06,
            "right_logp": -32.603477478027344
          },
          "draw_index": 2,
          "random_permutation_1": {
            "left_logp": -30.14168357849121,
            "max_abs_logp_error": 0.0,
            "max_abs_probability_error": 0.0,
            "max_bin": 0,
            "max_float32_ulp_error": 0,
            "max_row": 0,
            "max_total_variation": 0.0,
            "mean_abs_logp_error": 0.0,
            "p99_abs_logp_error": 0.0,
            "right_logp": -30.14168357849121
          },
          "random_permutation_2": {
            "left_logp": -30.14168357849121,
            "max_abs_logp_error": 0.0,
            "max_abs_probability_error": 0.0,
            "max_bin": 0,
            "max_float32_ulp_error": 0,
            "max_row": 0,
            "max_total_variation": 0.0,
            "mean_abs_logp_error": 0.0,
            "p99_abs_logp_error": 0.0,
            "right_logp": -30.14168357849121
          },
          "repeat": {
            "left_logp": -30.14168357849121,
            "max_abs_logp_error": 0.0,
            "max_abs_probability_error": 0.0,
            "max_bin": 0,
            "max_float32_ulp_error": 0,
            "max_row": 0,
            "max_total_variation": 0.0,
            "mean_abs_logp_error": 0.0,
            "p99_abs_logp_error": 0.0,
            "right_logp": -30.14168357849121
          },
          "reverse": {
            "left_logp": -30.14168357849121,
            "max_abs_logp_error": 0.0,
            "max_abs_probability_error": 0.0,
            "max_bin": 0,
            "max_float32_ulp_error": 0,
            "max_row": 0,
            "max_total_variation": 0.0,
            "mean_abs_logp_error": 0.0,
            "p99_abs_logp_error": 0.0,
            "right_logp": -30.14168357849121
          },
          "rows": 356,
          "same_shape_block_permutation": {
            "left_logp": -30.14168357849121,
            "max_abs_logp_error": 0.0,
            "max_abs_probability_error": 0.0,
            "max_bin": 0,
            "max_float32_ulp_error": 0,
            "max_row": 0,
            "max_total_variation": 0.0,
            "mean_abs_logp_error": 0.0,
            "p99_abs_logp_error": 0.0,
            "right_logp": -30.14168357849121
          }
        },
        {
          "bank_index": 1,
          "batch_8": {
            "left_logp": -31.888118743896484,
            "max_abs_logp_error": 2.6702880859375e-05,
            "max_abs_probability_error": 1.5160784004597527e-07,
            "max_bin": 4,
            "max_float32_ulp_error": 16,
            "max_row": 10,
            "max_total_variation": 5.249143869491605e-07,
            "mean_abs_logp_error": 2.2346518012914767e-06,
            "p99_abs_logp_error": 1.33514404296875e-05,
            "right_logp": -31.888092041015625
          },
          "context_roll_contiguous": {
            "left_logp": -37.98939895629883,
            "max_abs_logp_error": 1.9073486328125e-05,
            "max_abs_probability_error": 7.215408538013834e-08,
            "max_bin": 6,
            "max_float32_ulp_error": 7,
            "max_row": 355,
            "max_total_variation": 3.016650080276946e-07,
            "mean_abs_logp_error": 1.2482451588919993e-06,
            "p99_abs_logp_error": 7.62939453125e-06,
            "right_logp": -37.989418029785156
          },
          "context_roll_view": {
            "left_logp": -37.98939895629883,
            "max_abs_logp_error": 1.9073486328125e-05,
            "max_abs_probability_error": 7.215408538013834e-08,
            "max_bin": 6,
            "max_float32_ulp_error": 7,
            "max_row": 355,
            "max_total_variation": 3.016650080276946e-07,
            "mean_abs_logp_error": 1.2482451588919993e-06,
            "p99_abs_logp_error": 7.62939453125e-06,
            "right_logp": -37.989418029785156
          },
          "draw_index": 2,
          "random_permutation_1": {
            "left_logp": -41.770606994628906,
            "max_abs_logp_error": 0.0,
            "max_abs_probability_error": 0.0,
            "max_bin": 0,
            "max_float32_ulp_error": 0,
            "max_row": 0,
            "max_total_variation": 0.0,
            "mean_abs_logp_error": 0.0,
            "p99_abs_logp_error": 0.0,
            "right_logp": -41.770606994628906
          },
          "random_permutation_2": {
            "left_logp": -41.770606994628906,
            "max_abs_logp_error": 0.0,
            "max_abs_probability_error": 0.0,
            "max_bin": 0,
            "max_float32_ulp_error": 0,
            "max_row": 0,
            "max_total_variation": 0.0,
            "mean_abs_logp_error": 0.0,
            "p99_abs_logp_error": 0.0,
            "right_logp": -41.770606994628906
          },
          "repeat": {
            "left_logp": -41.770606994628906,
            "max_abs_logp_error": 0.0,
            "max_abs_probability_error": 0.0,
            "max_bin": 0,
            "max_float32_ulp_error": 0,
            "max_row": 0,
            "max_total_variation": 0.0,
            "mean_abs_logp_error": 0.0,
            "p99_abs_logp_error": 0.0,
            "right_logp": -41.770606994628906
          },
          "reverse": {
            "left_logp": -41.770606994628906,
            "max_abs_logp_error": 0.0,
            "max_abs_probability_error": 0.0,
            "max_bin": 0,
            "max_float32_ulp_error": 0,
            "max_row": 0,
            "max_total_variation": 0.0,
            "mean_abs_logp_error": 0.0,
            "p99_abs_logp_error": 0.0,
            "right_logp": -41.770606994628906
          },
          "rows": 356,
          "same_shape_block_permutation": {
            "left_logp": -41.770606994628906,
            "max_abs_logp_error": 0.0,
            "max_abs_probability_error": 0.0,
            "max_bin": 0,
            "max_float32_ulp_error": 0,
            "max_row": 0,
            "max_total_variation": 0.0,
            "mean_abs_logp_error": 0.0,
            "p99_abs_logp_error": 0.0,
            "right_logp": -41.770606994628906
          }
        },
        {
          "bank_index": 2,
          "batch_8": {
            "left_logp": -40.48211669921875,
            "max_abs_logp_error": 3.0517578125e-05,
            "max_abs_probability_error": 1.6684204642847256e-07,
            "max_bin": 8,
            "max_float32_ulp_error": 12,
            "max_row": 112,
            "max_total_variation": 4.6128137258661697e-07,
            "mean_abs_logp_error": 2.359665615457884e-06,
            "p99_abs_logp_error": 1.33514404296875e-05,
            "right_logp": -40.482147216796875
          },
          "context_roll_contiguous": {
            "left_logp": -42.2277946472168,
            "max_abs_logp_error": 1.9073486328125e-05,
            "max_abs_probability_error": 1.0373823196296872e-07,
            "max_bin": 11,
            "max_float32_ulp_error": 8,
            "max_row": 47,
            "max_total_variation": 2.443951017538725e-07,
            "mean_abs_logp_error": 1.4283422013403665e-06,
            "p99_abs_logp_error": 7.62939453125e-06,
            "right_logp": -42.22777557373047
          },
          "context_roll_view": {
            "left_logp": -42.2277946472168,
            "max_abs_logp_error": 1.9073486328125e-05,
            "max_abs_probability_error": 1.0373823196296872e-07,
            "max_bin": 11,
            "max_float32_ulp_error": 8,
            "max_row": 47,
            "max_total_variation": 2.443951017538725e-07,
            "mean_abs_logp_error": 1.4283422013403665e-06,
            "p99_abs_logp_error": 7.62939453125e-06,
            "right_logp": -42.22777557373047
          },
          "draw_index": 2,
          "random_permutation_1": {
            "left_logp": -27.443880081176758,
            "max_abs_logp_error": 0.0,
            "max_abs_probability_error": 0.0,
            "max_bin": 0,
            "max_float32_ulp_error": 0,
            "max_row": 0,
            "max_total_variation": 0.0,
            "mean_abs_logp_error": 0.0,
            "p99_abs_logp_error": 0.0,
            "right_logp": -27.443880081176758
          },
          "random_permutation_2": {
            "left_logp": -27.443880081176758,
            "max_abs_logp_error": 0.0,
            "max_abs_probability_error": 0.0,
            "max_bin": 0,
            "max_float32_ulp_error": 0,
            "max_row": 0,
            "max_total_variation": 0.0,
            "mean_abs_logp_error": 0.0,
            "p99_abs_logp_error": 0.0,
            "right_logp": -27.443880081176758
          },
          "repeat": {
            "left_logp": -27.443880081176758,
            "max_abs_logp_error": 0.0,
            "max_abs_probability_error": 0.0,
            "max_bin": 0,
            "max_float32_ulp_error": 0,
            "max_row": 0,
            "max_total_variation": 0.0,
            "mean_abs_logp_error": 0.0,
            "p99_abs_logp_error": 0.0,
            "right_logp": -27.443880081176758
          },
          "reverse": {
            "left_logp": -27.443880081176758,
            "max_abs_logp_error": 0.0,
            "max_abs_probability_error": 0.0,
            "max_bin": 0,
            "max_float32_ulp_error": 0,
            "max_row": 0,
            "max_total_variation": 0.0,
            "mean_abs_logp_error": 0.0,
            "p99_abs_logp_error": 0.0,
            "right_logp": -27.443880081176758
          },
          "rows": 355,
          "same_shape_block_permutation": {
            "left_logp": -27.443880081176758,
            "max_abs_logp_error": 0.0,
            "max_abs_probability_error": 0.0,
            "max_bin": 0,
            "max_float32_ulp_error": 0,
            "max_row": 0,
            "max_total_variation": 0.0,
            "mean_abs_logp_error": 0.0,
            "p99_abs_logp_error": 0.0,
            "right_logp": -27.443880081176758
          }
        }
      ],
      "prior": "N",
      "remainder_35": {
        "left_logp": -32.65230941772461,
        "max_abs_logp_error": 0.0,
        "max_abs_probability_error": 0.0,
        "max_bin": 0,
        "max_float32_ulp_error": 0,
        "max_row": 0,
        "max_total_variation": 0.0,
        "mean_abs_logp_error": 0.0,
        "p99_abs_logp_error": 0.0,
        "right_logp": -32.65230941772461
      },
      "remainder_36": {
        "left_logp": -32.65230941772461,
        "max_abs_logp_error": 0.0,
        "max_abs_probability_error": 0.0,
        "max_bin": 0,
        "max_float32_ulp_error": 0,
        "max_row": 0,
        "max_total_variation": 0.0,
        "mean_abs_logp_error": 0.0,
        "p99_abs_logp_error": 0.0,
        "right_logp": -32.65230941772461
      },
      "remainder_43": {
        "left_logp": -32.65230941772461,
        "max_abs_logp_error": 0.0,
        "max_abs_probability_error": 0.0,
        "max_bin": 0,
        "max_float32_ulp_error": 0,
        "max_row": 0,
        "max_total_variation": 0.0,
        "mean_abs_logp_error": 0.0,
        "p99_abs_logp_error": 0.0,
        "right_logp": -32.65230941772461
      },
      "repeat": {
        "left_logp": -32.65230941772461,
        "max_abs_logp_error": 0.0,
        "max_abs_probability_error": 0.0,
        "max_bin": 0,
        "max_float32_ulp_error": 0,
        "max_row": 0,
        "max_total_variation": 0.0,
        "mean_abs_logp_error": 0.0,
        "p99_abs_logp_error": 0.0,
        "right_logp": -32.65230941772461
      },
      "reverse_batch": {
        "left_logp": -39.24949264526367,
        "max_abs_logp_error": 2.6702880859375e-05,
        "max_abs_probability_error": 8.453310047784601e-08,
        "max_bin": 3,
        "max_float32_ulp_error": 11,
        "max_row": 7,
        "max_total_variation": 2.573559788426888e-07,
        "mean_abs_logp_error": 5.66211011674669e-07,
        "p99_abs_logp_error": 9.5367431640625e-06,
        "right_logp": -39.24946594238281
      },
      "rows": 72,
      "same_shape_block_permutation": {
        "left_logp": -32.65230941772461,
        "max_abs_logp_error": 0.0,
        "max_abs_probability_error": 0.0,
        "max_bin": 0,
        "max_float32_ulp_error": 0,
        "max_row": 0,
        "max_total_variation": 0.0,
        "mean_abs_logp_error": 0.0,
        "p99_abs_logp_error": 0.0,
        "right_logp": -32.65230941772461
      },
      "seed": 2,
      "singleton": {
        "left_logp": -40.29438400268555,
        "max_abs_logp_error": 2.288818359375e-05,
        "max_abs_probability_error": 9.664300171241536e-08,
        "max_bin": 11,
        "max_float32_ulp_error": 9,
        "max_row": 34,
        "max_total_variation": 2.853068542906496e-07,
        "mean_abs_logp_error": 2.1523899502224394e-06,
        "p99_abs_logp_error": 1.1444091796875e-05,
        "right_logp": -40.29440689086914
      },
      "step": 120000
    }
  ],
  "registered_batch_atol": 1e-06,
  "registered_context_roll_atol": 1e-05,
  "runtime": {
    "cuda": "12.1",
    "cudnn": 90100,
    "cudnn_allow_tf32": false,
    "cudnn_benchmark": false,
    "cudnn_deterministic": true,
    "deterministic_algorithms": true,
    "device": "NVIDIA A100 80GB PCIe",
    "matmul_allow_tf32": false,
    "numpy": "2.2.6",
    "python": "3.10.20",
    "torch": "2.4.0+cu121"
  },
  "runtime_binary_fingerprint": "44394126ccf9b4d75eec6d1c3d691f0ab34fbbd50c579deed3abdcb06296636a",
  "runtime_contract_verified": true,
  "schema_version": 1,
  "source_commit": "2157aa08e076c90af4b715efc1f89e3b3a053e58",
  "source_tag": "phase1-ordering-confirmation-v1-fix1"
}
